2026-07-28 10:38:19 [info]: Starting Nest application...
2026-07-28 10:38:19 [info]: AppModule dependencies initialized
2026-07-28 10:38:19 [info]: TypeOrmModule dependencies initialized
2026-07-28 10:38:19 [info]: PassportModule dependencies initialized
2026-07-28 10:38:19 [info]: ConfigHostModule dependencies initialized
2026-07-28 10:38:19 [info]: WinstonModule dependencies initialized
2026-07-28 10:38:19 [info]: HealthModule dependencies initialized
2026-07-28 10:38:19 [info]: HttpModule dependencies initialized
2026-07-28 10:38:19 [info]: DiscoveryModule dependencies initialized
2026-07-28 10:38:19 [info]: ConfigModule dependencies initialized
2026-07-28 10:38:19 [info]: ConfigModule dependencies initialized
2026-07-28 10:38:19 [info]: EventEmitterModule dependencies initialized
2026-07-28 10:38:19 [info]: ScheduleModule dependencies initialized
2026-07-28 10:38:19 [info]: JwtModule dependencies initialized
2026-07-28 10:38:19 [error]: QueryFailedError: Cannot drop index 'uq_est_company_cod': needed in a foreign key constraint
    at MysqlQueryRunner.query (/Users/macintosh/Documents/DEVPRO/Back/src/driver/mysql/MysqlQueryRunner.ts:291:19)
    at process.processTicksAndRejections (node:internal/process/task_queues:103:5)
    at async MysqlQueryRunner.executeQueries (/Users/macintosh/Documents/DEVPRO/Back/src/query-runner/BaseQueryRunner.ts:799:13)
    at async MysqlQueryRunner.dropIndex (/Users/macintosh/Documents/DEVPRO/Back/src/driver/mysql/MysqlQueryRunner.ts:2440:9)
    at async <anonymous> (/Users/macintosh/Documents/DEVPRO/Back/src/schema-builder/RdbmsSchemaBuilder.ts:452:21)
    at async Promise.all (index 0)
    at async RdbmsSchemaBuilder.dropOldIndices (/Users/macintosh/Documents/DEVPRO/Back/src/schema-builder/RdbmsSchemaBuilder.ts:455:13)
    at async RdbmsSchemaBuilder.executeSchemaSyncOperationsInProperOrder (/Users/macintosh/Documents/DEVPRO/Back/src/schema-builder/RdbmsSchemaBuilder.ts:230:9)
    at async RdbmsSchemaBuilder.build (/Users/macintosh/Documents/DEVPRO/Back/src/schema-builder/RdbmsSchemaBuilder.ts:106:13)
    at async DataSource.synchronize (/Users/macintosh/Documents/DEVPRO/Back/src/data-source/DataSource.ts:310:9)
    at async DataSource.initialize (/Users/macintosh/Documents/DEVPRO/Back/src/data-source/DataSource.ts:272:43)
2026-07-28 10:38:23 [error]: QueryFailedError: Cannot drop index 'uq_est_company_cod': needed in a foreign key constraint
    at MysqlQueryRunner.query (/Users/macintosh/Documents/DEVPRO/Back/src/driver/mysql/MysqlQueryRunner.ts:291:19)
    at process.processTicksAndRejections (node:internal/process/task_queues:103:5)
    at async MysqlQueryRunner.executeQueries (/Users/macintosh/Documents/DEVPRO/Back/src/query-runner/BaseQueryRunner.ts:799:13)
    at async MysqlQueryRunner.dropIndex (/Users/macintosh/Documents/DEVPRO/Back/src/driver/mysql/MysqlQueryRunner.ts:2440:9)
    at async <anonymous> (/Users/macintosh/Documents/DEVPRO/Back/src/schema-builder/RdbmsSchemaBuilder.ts:452:21)
    at async Promise.all (index 0)
    at async RdbmsSchemaBuilder.dropOldIndices (/Users/macintosh/Documents/DEVPRO/Back/src/schema-builder/RdbmsSchemaBuilder.ts:455:13)
    at async RdbmsSchemaBuilder.executeSchemaSyncOperationsInProperOrder (/Users/macintosh/Documents/DEVPRO/Back/src/schema-builder/RdbmsSchemaBuilder.ts:230:9)
    at async RdbmsSchemaBuilder.build (/Users/macintosh/Documents/DEVPRO/Back/src/schema-builder/RdbmsSchemaBuilder.ts:106:13)
    at async DataSource.synchronize (/Users/macintosh/Documents/DEVPRO/Back/src/data-source/DataSource.ts:310:9)
    at async DataSource.initialize (/Users/macintosh/Documents/DEVPRO/Back/src/data-source/DataSource.ts:272:43)
2026-07-28 10:38:26 [error]: QueryFailedError: Cannot drop index 'uq_est_company_cod': needed in a foreign key constraint
    at MysqlQueryRunner.query (/Users/macintosh/Documents/DEVPRO/Back/src/driver/mysql/MysqlQueryRunner.ts:291:19)
    at process.processTicksAndRejections (node:internal/process/task_queues:103:5)
    at async MysqlQueryRunner.executeQueries (/Users/macintosh/Documents/DEVPRO/Back/src/query-runner/BaseQueryRunner.ts:799:13)
    at async MysqlQueryRunner.dropIndex (/Users/macintosh/Documents/DEVPRO/Back/src/driver/mysql/MysqlQueryRunner.ts:2440:9)
    at async <anonymous> (/Users/macintosh/Documents/DEVPRO/Back/src/schema-builder/RdbmsSchemaBuilder.ts:452:21)
    at async Promise.all (index 0)
    at async RdbmsSchemaBuilder.dropOldIndices (/Users/macintosh/Documents/DEVPRO/Back/src/schema-builder/RdbmsSchemaBuilder.ts:455:13)
    at async RdbmsSchemaBuilder.executeSchemaSyncOperationsInProperOrder (/Users/macintosh/Documents/DEVPRO/Back/src/schema-builder/RdbmsSchemaBuilder.ts:230:9)
    at async RdbmsSchemaBuilder.build (/Users/macintosh/Documents/DEVPRO/Back/src/schema-builder/RdbmsSchemaBuilder.ts:106:13)
    at async DataSource.synchronize (/Users/macintosh/Documents/DEVPRO/Back/src/data-source/DataSource.ts:310:9)
    at async DataSource.initialize (/Users/macintosh/Documents/DEVPRO/Back/src/data-source/DataSource.ts:272:43)
2026-07-28 10:38:30 [error]: QueryFailedError: Cannot drop index 'uq_est_company_cod': needed in a foreign key constraint
    at MysqlQueryRunner.query (/Users/macintosh/Documents/DEVPRO/Back/src/driver/mysql/MysqlQueryRunner.ts:291:19)
    at process.processTicksAndRejections (node:internal/process/task_queues:103:5)
    at async MysqlQueryRunner.executeQueries (/Users/macintosh/Documents/DEVPRO/Back/src/query-runner/BaseQueryRunner.ts:799:13)
    at async MysqlQueryRunner.dropIndex (/Users/macintosh/Documents/DEVPRO/Back/src/driver/mysql/MysqlQueryRunner.ts:2440:9)
    at async <anonymous> (/Users/macintosh/Documents/DEVPRO/Back/src/schema-builder/RdbmsSchemaBuilder.ts:452:21)
    at async Promise.all (index 0)
    at async RdbmsSchemaBuilder.dropOldIndices (/Users/macintosh/Documents/DEVPRO/Back/src/schema-builder/RdbmsSchemaBuilder.ts:455:13)
    at async RdbmsSchemaBuilder.executeSchemaSyncOperationsInProperOrder (/Users/macintosh/Documents/DEVPRO/Back/src/schema-builder/RdbmsSchemaBuilder.ts:230:9)
    at async RdbmsSchemaBuilder.build (/Users/macintosh/Documents/DEVPRO/Back/src/schema-builder/RdbmsSchemaBuilder.ts:106:13)
    at async DataSource.synchronize (/Users/macintosh/Documents/DEVPRO/Back/src/data-source/DataSource.ts:310:9)
    at async DataSource.initialize (/Users/macintosh/Documents/DEVPRO/Back/src/data-source/DataSource.ts:272:43)
2026-07-28 10:38:33 [error]: QueryFailedError: Cannot drop index 'uq_est_company_cod': needed in a foreign key constraint
    at MysqlQueryRunner.query (/Users/macintosh/Documents/DEVPRO/Back/src/driver/mysql/MysqlQueryRunner.ts:291:19)
    at process.processTicksAndRejections (node:internal/process/task_queues:103:5)
    at async MysqlQueryRunner.executeQueries (/Users/macintosh/Documents/DEVPRO/Back/src/query-runner/BaseQueryRunner.ts:799:13)
    at async MysqlQueryRunner.dropIndex (/Users/macintosh/Documents/DEVPRO/Back/src/driver/mysql/MysqlQueryRunner.ts:2440:9)
    at async <anonymous> (/Users/macintosh/Documents/DEVPRO/Back/src/schema-builder/RdbmsSchemaBuilder.ts:452:21)
    at async Promise.all (index 0)
    at async RdbmsSchemaBuilder.dropOldIndices (/Users/macintosh/Documents/DEVPRO/Back/src/schema-builder/RdbmsSchemaBuilder.ts:455:13)
    at async RdbmsSchemaBuilder.executeSchemaSyncOperationsInProperOrder (/Users/macintosh/Documents/DEVPRO/Back/src/schema-builder/RdbmsSchemaBuilder.ts:230:9)
    at async RdbmsSchemaBuilder.build (/Users/macintosh/Documents/DEVPRO/Back/src/schema-builder/RdbmsSchemaBuilder.ts:106:13)
    at async DataSource.synchronize (/Users/macintosh/Documents/DEVPRO/Back/src/data-source/DataSource.ts:310:9)
    at async DataSource.initialize (/Users/macintosh/Documents/DEVPRO/Back/src/data-source/DataSource.ts:272:43)
2026-07-28 10:38:36 [error]: QueryFailedError: Cannot drop index 'uq_est_company_cod': needed in a foreign key constraint
    at MysqlQueryRunner.query (/Users/macintosh/Documents/DEVPRO/Back/src/driver/mysql/MysqlQueryRunner.ts:291:19)
    at process.processTicksAndRejections (node:internal/process/task_queues:103:5)
    at async MysqlQueryRunner.executeQueries (/Users/macintosh/Documents/DEVPRO/Back/src/query-runner/BaseQueryRunner.ts:799:13)
    at async MysqlQueryRunner.dropIndex (/Users/macintosh/Documents/DEVPRO/Back/src/driver/mysql/MysqlQueryRunner.ts:2440:9)
    at async <anonymous> (/Users/macintosh/Documents/DEVPRO/Back/src/schema-builder/RdbmsSchemaBuilder.ts:452:21)
    at async Promise.all (index 0)
    at async RdbmsSchemaBuilder.dropOldIndices (/Users/macintosh/Documents/DEVPRO/Back/src/schema-builder/RdbmsSchemaBuilder.ts:455:13)
    at async RdbmsSchemaBuilder.executeSchemaSyncOperationsInProperOrder (/Users/macintosh/Documents/DEVPRO/Back/src/schema-builder/RdbmsSchemaBuilder.ts:230:9)
    at async RdbmsSchemaBuilder.build (/Users/macintosh/Documents/DEVPRO/Back/src/schema-builder/RdbmsSchemaBuilder.ts:106:13)
    at async DataSource.synchronize (/Users/macintosh/Documents/DEVPRO/Back/src/data-source/DataSource.ts:310:9)
    at async DataSource.initialize (/Users/macintosh/Documents/DEVPRO/Back/src/data-source/DataSource.ts:272:43)
2026-07-28 10:38:39 [error]: QueryFailedError: Cannot drop index 'uq_est_company_cod': needed in a foreign key constraint
    at MysqlQueryRunner.query (/Users/macintosh/Documents/DEVPRO/Back/src/driver/mysql/MysqlQueryRunner.ts:291:19)
    at process.processTicksAndRejections (node:internal/process/task_queues:103:5)
    at async MysqlQueryRunner.executeQueries (/Users/macintosh/Documents/DEVPRO/Back/src/query-runner/BaseQueryRunner.ts:799:13)
    at async MysqlQueryRunner.dropIndex (/Users/macintosh/Documents/DEVPRO/Back/src/driver/mysql/MysqlQueryRunner.ts:2440:9)
    at async <anonymous> (/Users/macintosh/Documents/DEVPRO/Back/src/schema-builder/RdbmsSchemaBuilder.ts:452:21)
    at async Promise.all (index 0)
    at async RdbmsSchemaBuilder.dropOldIndices (/Users/macintosh/Documents/DEVPRO/Back/src/schema-builder/RdbmsSchemaBuilder.ts:455:13)
    at async RdbmsSchemaBuilder.executeSchemaSyncOperationsInProperOrder (/Users/macintosh/Documents/DEVPRO/Back/src/schema-builder/RdbmsSchemaBuilder.ts:230:9)
    at async RdbmsSchemaBuilder.build (/Users/macintosh/Documents/DEVPRO/Back/src/schema-builder/RdbmsSchemaBuilder.ts:106:13)
    at async DataSource.synchronize (/Users/macintosh/Documents/DEVPRO/Back/src/data-source/DataSource.ts:310:9)
    at async DataSource.initialize (/Users/macintosh/Documents/DEVPRO/Back/src/data-source/DataSource.ts:272:43)
2026-07-28 10:38:42 [error]: QueryFailedError: Cannot drop index 'uq_est_company_cod': needed in a foreign key constraint
    at MysqlQueryRunner.query (/Users/macintosh/Documents/DEVPRO/Back/src/driver/mysql/MysqlQueryRunner.ts:291:19)
    at process.processTicksAndRejections (node:internal/process/task_queues:103:5)
    at async MysqlQueryRunner.executeQueries (/Users/macintosh/Documents/DEVPRO/Back/src/query-runner/BaseQueryRunner.ts:799:13)
    at async MysqlQueryRunner.dropIndex (/Users/macintosh/Documents/DEVPRO/Back/src/driver/mysql/MysqlQueryRunner.ts:2440:9)
    at async <anonymous> (/Users/macintosh/Documents/DEVPRO/Back/src/schema-builder/RdbmsSchemaBuilder.ts:452:21)
    at async Promise.all (index 0)
    at async RdbmsSchemaBuilder.dropOldIndices (/Users/macintosh/Documents/DEVPRO/Back/src/schema-builder/RdbmsSchemaBuilder.ts:455:13)
    at async RdbmsSchemaBuilder.executeSchemaSyncOperationsInProperOrder (/Users/macintosh/Documents/DEVPRO/Back/src/schema-builder/RdbmsSchemaBuilder.ts:230:9)
    at async RdbmsSchemaBuilder.build (/Users/macintosh/Documents/DEVPRO/Back/src/schema-builder/RdbmsSchemaBuilder.ts:106:13)
    at async DataSource.synchronize (/Users/macintosh/Documents/DEVPRO/Back/src/data-source/DataSource.ts:310:9)
    at async DataSource.initialize (/Users/macintosh/Documents/DEVPRO/Back/src/data-source/DataSource.ts:272:43)
2026-07-28 10:38:46 [error]: QueryFailedError: Cannot drop index 'uq_est_company_cod': needed in a foreign key constraint
    at MysqlQueryRunner.query (/Users/macintosh/Documents/DEVPRO/Back/src/driver/mysql/MysqlQueryRunner.ts:291:19)
    at process.processTicksAndRejections (node:internal/process/task_queues:103:5)
    at async MysqlQueryRunner.executeQueries (/Users/macintosh/Documents/DEVPRO/Back/src/query-runner/BaseQueryRunner.ts:799:13)
    at async MysqlQueryRunner.dropIndex (/Users/macintosh/Documents/DEVPRO/Back/src/driver/mysql/MysqlQueryRunner.ts:2440:9)
    at async <anonymous> (/Users/macintosh/Documents/DEVPRO/Back/src/schema-builder/RdbmsSchemaBuilder.ts:452:21)
    at async Promise.all (index 0)
    at async RdbmsSchemaBuilder.dropOldIndices (/Users/macintosh/Documents/DEVPRO/Back/src/schema-builder/RdbmsSchemaBuilder.ts:455:13)
    at async RdbmsSchemaBuilder.executeSchemaSyncOperationsInProperOrder (/Users/macintosh/Documents/DEVPRO/Back/src/schema-builder/RdbmsSchemaBuilder.ts:230:9)
    at async RdbmsSchemaBuilder.build (/Users/macintosh/Documents/DEVPRO/Back/src/schema-builder/RdbmsSchemaBuilder.ts:106:13)
    at async DataSource.synchronize (/Users/macintosh/Documents/DEVPRO/Back/src/data-source/DataSource.ts:310:9)
    at async DataSource.initialize (/Users/macintosh/Documents/DEVPRO/Back/src/data-source/DataSource.ts:272:43)
2026-07-28 10:45:38 [info]: Starting Nest application...
2026-07-28 10:45:38 [info]: AppModule dependencies initialized
2026-07-28 10:45:38 [info]: TypeOrmModule dependencies initialized
2026-07-28 10:45:38 [info]: PassportModule dependencies initialized
2026-07-28 10:45:38 [info]: ConfigHostModule dependencies initialized
2026-07-28 10:45:38 [info]: WinstonModule dependencies initialized
2026-07-28 10:45:38 [info]: HealthModule dependencies initialized
2026-07-28 10:45:38 [info]: HttpModule dependencies initialized
2026-07-28 10:45:38 [info]: DiscoveryModule dependencies initialized
2026-07-28 10:45:38 [info]: ConfigModule dependencies initialized
2026-07-28 10:45:38 [info]: ConfigModule dependencies initialized
2026-07-28 10:45:38 [info]: EventEmitterModule dependencies initialized
2026-07-28 10:45:38 [info]: ScheduleModule dependencies initialized
2026-07-28 10:45:38 [info]: JwtModule dependencies initialized
2026-07-28 10:45:38 [error]: QueryFailedError: Cannot drop index 'uq_est_company_cod': needed in a foreign key constraint
    at MysqlQueryRunner.query (/Users/macintosh/Documents/DEVPRO/Back/src/driver/mysql/MysqlQueryRunner.ts:291:19)
    at process.processTicksAndRejections (node:internal/process/task_queues:103:5)
    at async MysqlQueryRunner.executeQueries (/Users/macintosh/Documents/DEVPRO/Back/src/query-runner/BaseQueryRunner.ts:799:13)
    at async MysqlQueryRunner.dropIndex (/Users/macintosh/Documents/DEVPRO/Back/src/driver/mysql/MysqlQueryRunner.ts:2440:9)
    at async <anonymous> (/Users/macintosh/Documents/DEVPRO/Back/src/schema-builder/RdbmsSchemaBuilder.ts:452:21)
    at async Promise.all (index 0)
    at async RdbmsSchemaBuilder.dropOldIndices (/Users/macintosh/Documents/DEVPRO/Back/src/schema-builder/RdbmsSchemaBuilder.ts:455:13)
    at async RdbmsSchemaBuilder.executeSchemaSyncOperationsInProperOrder (/Users/macintosh/Documents/DEVPRO/Back/src/schema-builder/RdbmsSchemaBuilder.ts:230:9)
    at async RdbmsSchemaBuilder.build (/Users/macintosh/Documents/DEVPRO/Back/src/schema-builder/RdbmsSchemaBuilder.ts:106:13)
    at async DataSource.synchronize (/Users/macintosh/Documents/DEVPRO/Back/src/data-source/DataSource.ts:310:9)
    at async DataSource.initialize (/Users/macintosh/Documents/DEVPRO/Back/src/data-source/DataSource.ts:272:43)
2026-07-28 10:45:41 [error]: QueryFailedError: Cannot drop index 'uq_est_company_cod': needed in a foreign key constraint
    at MysqlQueryRunner.query (/Users/macintosh/Documents/DEVPRO/Back/src/driver/mysql/MysqlQueryRunner.ts:291:19)
    at process.processTicksAndRejections (node:internal/process/task_queues:103:5)
    at async MysqlQueryRunner.executeQueries (/Users/macintosh/Documents/DEVPRO/Back/src/query-runner/BaseQueryRunner.ts:799:13)
    at async MysqlQueryRunner.dropIndex (/Users/macintosh/Documents/DEVPRO/Back/src/driver/mysql/MysqlQueryRunner.ts:2440:9)
    at async <anonymous> (/Users/macintosh/Documents/DEVPRO/Back/src/schema-builder/RdbmsSchemaBuilder.ts:452:21)
    at async Promise.all (index 0)
    at async RdbmsSchemaBuilder.dropOldIndices (/Users/macintosh/Documents/DEVPRO/Back/src/schema-builder/RdbmsSchemaBuilder.ts:455:13)
    at async RdbmsSchemaBuilder.executeSchemaSyncOperationsInProperOrder (/Users/macintosh/Documents/DEVPRO/Back/src/schema-builder/RdbmsSchemaBuilder.ts:230:9)
    at async RdbmsSchemaBuilder.build (/Users/macintosh/Documents/DEVPRO/Back/src/schema-builder/RdbmsSchemaBuilder.ts:106:13)
    at async DataSource.synchronize (/Users/macintosh/Documents/DEVPRO/Back/src/data-source/DataSource.ts:310:9)
    at async DataSource.initialize (/Users/macintosh/Documents/DEVPRO/Back/src/data-source/DataSource.ts:272:43)
2026-07-28 10:45:45 [error]: QueryFailedError: Cannot drop index 'uq_est_company_cod': needed in a foreign key constraint
    at MysqlQueryRunner.query (/Users/macintosh/Documents/DEVPRO/Back/src/driver/mysql/MysqlQueryRunner.ts:291:19)
    at process.processTicksAndRejections (node:internal/process/task_queues:103:5)
    at async MysqlQueryRunner.executeQueries (/Users/macintosh/Documents/DEVPRO/Back/src/query-runner/BaseQueryRunner.ts:799:13)
    at async MysqlQueryRunner.dropIndex (/Users/macintosh/Documents/DEVPRO/Back/src/driver/mysql/MysqlQueryRunner.ts:2440:9)
    at async <anonymous> (/Users/macintosh/Documents/DEVPRO/Back/src/schema-builder/RdbmsSchemaBuilder.ts:452:21)
    at async Promise.all (index 0)
    at async RdbmsSchemaBuilder.dropOldIndices (/Users/macintosh/Documents/DEVPRO/Back/src/schema-builder/RdbmsSchemaBuilder.ts:455:13)
    at async RdbmsSchemaBuilder.executeSchemaSyncOperationsInProperOrder (/Users/macintosh/Documents/DEVPRO/Back/src/schema-builder/RdbmsSchemaBuilder.ts:230:9)
    at async RdbmsSchemaBuilder.build (/Users/macintosh/Documents/DEVPRO/Back/src/schema-builder/RdbmsSchemaBuilder.ts:106:13)
    at async DataSource.synchronize (/Users/macintosh/Documents/DEVPRO/Back/src/data-source/DataSource.ts:310:9)
    at async DataSource.initialize (/Users/macintosh/Documents/DEVPRO/Back/src/data-source/DataSource.ts:272:43)
2026-07-28 10:45:48 [error]: QueryFailedError: Cannot drop index 'uq_est_company_cod': needed in a foreign key constraint
    at MysqlQueryRunner.query (/Users/macintosh/Documents/DEVPRO/Back/src/driver/mysql/MysqlQueryRunner.ts:291:19)
    at process.processTicksAndRejections (node:internal/process/task_queues:103:5)
    at async MysqlQueryRunner.executeQueries (/Users/macintosh/Documents/DEVPRO/Back/src/query-runner/BaseQueryRunner.ts:799:13)
    at async MysqlQueryRunner.dropIndex (/Users/macintosh/Documents/DEVPRO/Back/src/driver/mysql/MysqlQueryRunner.ts:2440:9)
    at async <anonymous> (/Users/macintosh/Documents/DEVPRO/Back/src/schema-builder/RdbmsSchemaBuilder.ts:452:21)
    at async Promise.all (index 0)
    at async RdbmsSchemaBuilder.dropOldIndices (/Users/macintosh/Documents/DEVPRO/Back/src/schema-builder/RdbmsSchemaBuilder.ts:455:13)
    at async RdbmsSchemaBuilder.executeSchemaSyncOperationsInProperOrder (/Users/macintosh/Documents/DEVPRO/Back/src/schema-builder/RdbmsSchemaBuilder.ts:230:9)
    at async RdbmsSchemaBuilder.build (/Users/macintosh/Documents/DEVPRO/Back/src/schema-builder/RdbmsSchemaBuilder.ts:106:13)
    at async DataSource.synchronize (/Users/macintosh/Documents/DEVPRO/Back/src/data-source/DataSource.ts:310:9)
    at async DataSource.initialize (/Users/macintosh/Documents/DEVPRO/Back/src/data-source/DataSource.ts:272:43)
2026-07-28 10:45:51 [error]: QueryFailedError: Cannot drop index 'uq_est_company_cod': needed in a foreign key constraint
    at MysqlQueryRunner.query (/Users/macintosh/Documents/DEVPRO/Back/src/driver/mysql/MysqlQueryRunner.ts:291:19)
    at process.processTicksAndRejections (node:internal/process/task_queues:103:5)
    at async MysqlQueryRunner.executeQueries (/Users/macintosh/Documents/DEVPRO/Back/src/query-runner/BaseQueryRunner.ts:799:13)
    at async MysqlQueryRunner.dropIndex (/Users/macintosh/Documents/DEVPRO/Back/src/driver/mysql/MysqlQueryRunner.ts:2440:9)
    at async <anonymous> (/Users/macintosh/Documents/DEVPRO/Back/src/schema-builder/RdbmsSchemaBuilder.ts:452:21)
    at async Promise.all (index 0)
    at async RdbmsSchemaBuilder.dropOldIndices (/Users/macintosh/Documents/DEVPRO/Back/src/schema-builder/RdbmsSchemaBuilder.ts:455:13)
    at async RdbmsSchemaBuilder.executeSchemaSyncOperationsInProperOrder (/Users/macintosh/Documents/DEVPRO/Back/src/schema-builder/RdbmsSchemaBuilder.ts:230:9)
    at async RdbmsSchemaBuilder.build (/Users/macintosh/Documents/DEVPRO/Back/src/schema-builder/RdbmsSchemaBuilder.ts:106:13)
    at async DataSource.synchronize (/Users/macintosh/Documents/DEVPRO/Back/src/data-source/DataSource.ts:310:9)
    at async DataSource.initialize (/Users/macintosh/Documents/DEVPRO/Back/src/data-source/DataSource.ts:272:43)
2026-07-28 10:45:54 [error]: QueryFailedError: Cannot drop index 'uq_est_company_cod': needed in a foreign key constraint
    at MysqlQueryRunner.query (/Users/macintosh/Documents/DEVPRO/Back/src/driver/mysql/MysqlQueryRunner.ts:291:19)
    at process.processTicksAndRejections (node:internal/process/task_queues:103:5)
    at async MysqlQueryRunner.executeQueries (/Users/macintosh/Documents/DEVPRO/Back/src/query-runner/BaseQueryRunner.ts:799:13)
    at async MysqlQueryRunner.dropIndex (/Users/macintosh/Documents/DEVPRO/Back/src/driver/mysql/MysqlQueryRunner.ts:2440:9)
    at async <anonymous> (/Users/macintosh/Documents/DEVPRO/Back/src/schema-builder/RdbmsSchemaBuilder.ts:452:21)
    at async Promise.all (index 0)
    at async RdbmsSchemaBuilder.dropOldIndices (/Users/macintosh/Documents/DEVPRO/Back/src/schema-builder/RdbmsSchemaBuilder.ts:455:13)
    at async RdbmsSchemaBuilder.executeSchemaSyncOperationsInProperOrder (/Users/macintosh/Documents/DEVPRO/Back/src/schema-builder/RdbmsSchemaBuilder.ts:230:9)
    at async RdbmsSchemaBuilder.build (/Users/macintosh/Documents/DEVPRO/Back/src/schema-builder/RdbmsSchemaBuilder.ts:106:13)
    at async DataSource.synchronize (/Users/macintosh/Documents/DEVPRO/Back/src/data-source/DataSource.ts:310:9)
    at async DataSource.initialize (/Users/macintosh/Documents/DEVPRO/Back/src/data-source/DataSource.ts:272:43)
2026-07-28 10:45:57 [error]: QueryFailedError: Cannot drop index 'uq_est_company_cod': needed in a foreign key constraint
    at MysqlQueryRunner.query (/Users/macintosh/Documents/DEVPRO/Back/src/driver/mysql/MysqlQueryRunner.ts:291:19)
    at process.processTicksAndRejections (node:internal/process/task_queues:103:5)
    at async MysqlQueryRunner.executeQueries (/Users/macintosh/Documents/DEVPRO/Back/src/query-runner/BaseQueryRunner.ts:799:13)
    at async MysqlQueryRunner.dropIndex (/Users/macintosh/Documents/DEVPRO/Back/src/driver/mysql/MysqlQueryRunner.ts:2440:9)
    at async <anonymous> (/Users/macintosh/Documents/DEVPRO/Back/src/schema-builder/RdbmsSchemaBuilder.ts:452:21)
    at async Promise.all (index 0)
    at async RdbmsSchemaBuilder.dropOldIndices (/Users/macintosh/Documents/DEVPRO/Back/src/schema-builder/RdbmsSchemaBuilder.ts:455:13)
    at async RdbmsSchemaBuilder.executeSchemaSyncOperationsInProperOrder (/Users/macintosh/Documents/DEVPRO/Back/src/schema-builder/RdbmsSchemaBuilder.ts:230:9)
    at async RdbmsSchemaBuilder.build (/Users/macintosh/Documents/DEVPRO/Back/src/schema-builder/RdbmsSchemaBuilder.ts:106:13)
    at async DataSource.synchronize (/Users/macintosh/Documents/DEVPRO/Back/src/data-source/DataSource.ts:310:9)
    at async DataSource.initialize (/Users/macintosh/Documents/DEVPRO/Back/src/data-source/DataSource.ts:272:43)
2026-07-28 10:46:01 [error]: QueryFailedError: Cannot drop index 'uq_est_company_cod': needed in a foreign key constraint
    at MysqlQueryRunner.query (/Users/macintosh/Documents/DEVPRO/Back/src/driver/mysql/MysqlQueryRunner.ts:291:19)
    at process.processTicksAndRejections (node:internal/process/task_queues:103:5)
    at async MysqlQueryRunner.executeQueries (/Users/macintosh/Documents/DEVPRO/Back/src/query-runner/BaseQueryRunner.ts:799:13)
    at async MysqlQueryRunner.dropIndex (/Users/macintosh/Documents/DEVPRO/Back/src/driver/mysql/MysqlQueryRunner.ts:2440:9)
    at async <anonymous> (/Users/macintosh/Documents/DEVPRO/Back/src/schema-builder/RdbmsSchemaBuilder.ts:452:21)
    at async Promise.all (index 0)
    at async RdbmsSchemaBuilder.dropOldIndices (/Users/macintosh/Documents/DEVPRO/Back/src/schema-builder/RdbmsSchemaBuilder.ts:455:13)
    at async RdbmsSchemaBuilder.executeSchemaSyncOperationsInProperOrder (/Users/macintosh/Documents/DEVPRO/Back/src/schema-builder/RdbmsSchemaBuilder.ts:230:9)
    at async RdbmsSchemaBuilder.build (/Users/macintosh/Documents/DEVPRO/Back/src/schema-builder/RdbmsSchemaBuilder.ts:106:13)
    at async DataSource.synchronize (/Users/macintosh/Documents/DEVPRO/Back/src/data-source/DataSource.ts:310:9)
    at async DataSource.initialize (/Users/macintosh/Documents/DEVPRO/Back/src/data-source/DataSource.ts:272:43)
2026-07-28 10:46:04 [error]: QueryFailedError: Cannot drop index 'uq_est_company_cod': needed in a foreign key constraint
    at MysqlQueryRunner.query (/Users/macintosh/Documents/DEVPRO/Back/src/driver/mysql/MysqlQueryRunner.ts:291:19)
    at process.processTicksAndRejections (node:internal/process/task_queues:103:5)
    at async MysqlQueryRunner.executeQueries (/Users/macintosh/Documents/DEVPRO/Back/src/query-runner/BaseQueryRunner.ts:799:13)
    at async MysqlQueryRunner.dropIndex (/Users/macintosh/Documents/DEVPRO/Back/src/driver/mysql/MysqlQueryRunner.ts:2440:9)
    at async <anonymous> (/Users/macintosh/Documents/DEVPRO/Back/src/schema-builder/RdbmsSchemaBuilder.ts:452:21)
    at async Promise.all (index 0)
    at async RdbmsSchemaBuilder.dropOldIndices (/Users/macintosh/Documents/DEVPRO/Back/src/schema-builder/RdbmsSchemaBuilder.ts:455:13)
    at async RdbmsSchemaBuilder.executeSchemaSyncOperationsInProperOrder (/Users/macintosh/Documents/DEVPRO/Back/src/schema-builder/RdbmsSchemaBuilder.ts:230:9)
    at async RdbmsSchemaBuilder.build (/Users/macintosh/Documents/DEVPRO/Back/src/schema-builder/RdbmsSchemaBuilder.ts:106:13)
    at async DataSource.synchronize (/Users/macintosh/Documents/DEVPRO/Back/src/data-source/DataSource.ts:310:9)
    at async DataSource.initialize (/Users/macintosh/Documents/DEVPRO/Back/src/data-source/DataSource.ts:272:43)
2026-07-28 10:48:21 [info]: Starting Nest application...
2026-07-28 10:48:21 [info]: AppModule dependencies initialized
2026-07-28 10:48:21 [info]: TypeOrmModule dependencies initialized
2026-07-28 10:48:21 [info]: PassportModule dependencies initialized
2026-07-28 10:48:21 [info]: ConfigHostModule dependencies initialized
2026-07-28 10:48:21 [info]: WinstonModule dependencies initialized
2026-07-28 10:48:21 [info]: HealthModule dependencies initialized
2026-07-28 10:48:21 [info]: HttpModule dependencies initialized
2026-07-28 10:48:21 [info]: DiscoveryModule dependencies initialized
2026-07-28 10:48:21 [info]: ConfigModule dependencies initialized
2026-07-28 10:48:21 [info]: ConfigModule dependencies initialized
2026-07-28 10:48:21 [info]: EventEmitterModule dependencies initialized
2026-07-28 10:48:21 [info]: ScheduleModule dependencies initialized
2026-07-28 10:48:21 [info]: JwtModule dependencies initialized
2026-07-28 10:48:21 [info]: TypeOrmCoreModule dependencies initialized
2026-07-28 10:48:21 [info]: TypeOrmModule dependencies initialized
2026-07-28 10:48:21 [info]: TypeOrmModule dependencies initialized
2026-07-28 10:48:21 [info]: TypeOrmModule dependencies initialized
2026-07-28 10:48:21 [info]: TypeOrmModule dependencies initialized
2026-07-28 10:48:21 [info]: TypeOrmModule dependencies initialized
2026-07-28 10:48:21 [info]: TypeOrmModule dependencies initialized
2026-07-28 10:48:21 [info]: TypeOrmModule dependencies initialized
2026-07-28 10:48:21 [info]: TypeOrmModule dependencies initialized
2026-07-28 10:48:21 [info]: TypeOrmModule dependencies initialized
2026-07-28 10:48:21 [info]: TypeOrmModule dependencies initialized
2026-07-28 10:48:21 [info]: CategoryModule dependencies initialized
2026-07-28 10:48:21 [info]: SupplierModule dependencies initialized
2026-07-28 10:48:21 [info]: CustomerModule dependencies initialized
2026-07-28 10:48:21 [info]: AuthModule dependencies initialized
2026-07-28 10:48:21 [info]: EstablishmentsModule dependencies initialized
2026-07-28 10:48:21 [info]: UserModule dependencies initialized
2026-07-28 10:48:21 [info]: ProductModule dependencies initialized
2026-07-28 10:48:21 [info]: PurchaseOrderModule dependencies initialized
2026-07-28 10:48:21 [info]: CompanySettingsModule dependencies initialized
2026-07-28 10:48:21 [info]: SaleModule dependencies initialized
2026-07-28 10:48:21 [info]: AuthController {/api/auth} (version: 1):
2026-07-28 10:48:21 [info]: Mapped {/api/auth/login, POST} (version: 1) route
2026-07-28 10:48:21 [info]: Mapped {/api/auth/status, GET} (version: 1) route
2026-07-28 10:48:21 [info]: UserController {/api/users} (version: 1):
2026-07-28 10:48:21 [info]: Mapped {/api/users, GET} (version: 1) route
2026-07-28 10:48:21 [info]: Mapped {/api/users/:id, GET} (version: 1) route
2026-07-28 10:48:21 [info]: Mapped {/api/users, POST} (version: 1) route
2026-07-28 10:48:21 [info]: Mapped {/api/users/:id, PUT} (version: 1) route
2026-07-28 10:48:21 [info]: Mapped {/api/users/:id, DELETE} (version: 1) route
2026-07-28 10:48:21 [info]: HealthController {/api/health} (version: 1):
2026-07-28 10:48:21 [info]: Mapped {/api/health, GET} (version: 1) route
2026-07-28 10:48:21 [info]: CategoryController {/api/categories} (version: 1):
2026-07-28 10:48:21 [info]: Mapped {/api/categories, GET} (version: 1) route
2026-07-28 10:48:21 [info]: Mapped {/api/categories/:id, GET} (version: 1) route
2026-07-28 10:48:21 [info]: Mapped {/api/categories, POST} (version: 1) route
2026-07-28 10:48:21 [info]: Mapped {/api/categories/:id, PUT} (version: 1) route
2026-07-28 10:48:21 [info]: Mapped {/api/categories/:id, DELETE} (version: 1) route
2026-07-28 10:48:21 [info]: SupplierController {/api/suppliers} (version: 1):
2026-07-28 10:48:21 [info]: Mapped {/api/suppliers, GET} (version: 1) route
2026-07-28 10:48:21 [info]: Mapped {/api/suppliers/:id, GET} (version: 1) route
2026-07-28 10:48:21 [info]: Mapped {/api/suppliers, POST} (version: 1) route
2026-07-28 10:48:21 [info]: Mapped {/api/suppliers/:id, PUT} (version: 1) route
2026-07-28 10:48:21 [info]: Mapped {/api/suppliers/:id, DELETE} (version: 1) route
2026-07-28 10:48:21 [info]: ProductController {/api/products} (version: 1):
2026-07-28 10:48:21 [info]: Mapped {/api/products, GET} (version: 1) route
2026-07-28 10:48:21 [info]: Mapped {/api/products/low-stock, GET} (version: 1) route
2026-07-28 10:48:21 [info]: Mapped {/api/products/excel/template, GET} (version: 1) route
2026-07-28 10:48:21 [info]: Mapped {/api/products/excel/import, POST} (version: 1) route
2026-07-28 10:48:21 [info]: Mapped {/api/products/barcode/:barcode, GET} (version: 1) route
2026-07-28 10:48:21 [info]: Mapped {/api/products/:id, GET} (version: 1) route
2026-07-28 10:48:21 [info]: Mapped {/api/products, POST} (version: 1) route
2026-07-28 10:48:21 [info]: Mapped {/api/products/:id, PUT} (version: 1) route
2026-07-28 10:48:21 [info]: Mapped {/api/products/:id, DELETE} (version: 1) route
2026-07-28 10:48:21 [info]: Mapped {/api/products/:id/batches, GET} (version: 1) route
2026-07-28 10:48:21 [info]: Mapped {/api/products/:id/stock/add, PATCH} (version: 1) route
2026-07-28 10:48:21 [info]: Mapped {/api/products/:id/stock/subtract, PATCH} (version: 1) route
2026-07-28 10:48:21 [info]: CustomerController {/api/customers} (version: 1):
2026-07-28 10:48:21 [info]: Mapped {/api/customers, GET} (version: 1) route
2026-07-28 10:48:21 [info]: Mapped {/api/customers/lookup/:doc, GET} (version: 1) route
2026-07-28 10:48:21 [info]: Mapped {/api/customers/:id, GET} (version: 1) route
2026-07-28 10:48:21 [info]: Mapped {/api/customers, POST} (version: 1) route
2026-07-28 10:48:21 [info]: Mapped {/api/customers/:id, PUT} (version: 1) route
2026-07-28 10:48:21 [info]: Mapped {/api/customers/:id, DELETE} (version: 1) route
2026-07-28 10:48:21 [info]: SaleController {/api/sales} (version: 1):
2026-07-28 10:48:21 [info]: Mapped {/api/sales, GET} (version: 1) route
2026-07-28 10:48:21 [info]: Mapped {/api/sales/summary, GET} (version: 1) route
2026-07-28 10:48:21 [info]: Mapped {/api/sales/comprobante/pdf/:token, GET} (version: 1) route
2026-07-28 10:48:21 [info]: Mapped {/api/sales/:id/pdf-token, GET} (version: 1) route
2026-07-28 10:48:21 [info]: Mapped {/api/sales/:id/pdf, GET} (version: 1) route
2026-07-28 10:48:21 [info]: Mapped {/api/sales/:id, GET} (version: 1) route
2026-07-28 10:48:21 [info]: Mapped {/api/sales, POST} (version: 1) route
2026-07-28 10:48:21 [info]: Mapped {/api/sales/credit-note, POST} (version: 1) route
2026-07-28 10:48:21 [info]: Mapped {/api/sales/:id/void, PATCH} (version: 1) route
2026-07-28 10:48:21 [info]: Mapped {/api/sales/:id/send-whatsapp, POST} (version: 1) route
2026-07-28 10:48:21 [info]: Mapped {/api/sales/:id/resend-sunat, POST} (version: 1) route
2026-07-28 10:48:21 [info]: CompanySettingsController {/api/company-settings} (version: 1):
2026-07-28 10:48:21 [info]: Mapped {/api/company-settings, GET} (version: 1) route
2026-07-28 10:48:21 [info]: Mapped {/api/company-settings, PUT} (version: 1) route
2026-07-28 10:48:21 [info]: Mapped {/api/company-settings/logo, POST} (version: 1) route
2026-07-28 10:48:21 [info]: Mapped {/api/company-settings/register-sunat-api, POST} (version: 1) route
2026-07-28 10:48:21 [info]: PurchaseOrderController {/api/purchase-orders} (version: 1):
2026-07-28 10:48:21 [info]: Mapped {/api/purchase-orders, GET} (version: 1) route
2026-07-28 10:48:21 [info]: Mapped {/api/purchase-orders/:id, GET} (version: 1) route
2026-07-28 10:48:21 [info]: Mapped {/api/purchase-orders, POST} (version: 1) route
2026-07-28 10:48:21 [info]: Mapped {/api/purchase-orders/:id/receive, PATCH} (version: 1) route
2026-07-28 10:48:21 [info]: Mapped {/api/purchase-orders/:id/cancel, PATCH} (version: 1) route
2026-07-28 10:48:21 [info]: EstablishmentsController {/api/establishments} (version: 1):
2026-07-28 10:48:21 [info]: Mapped {/api/establishments, GET} (version: 1) route
2026-07-28 10:48:21 [info]: Mapped {/api/establishments, POST} (version: 1) route
2026-07-28 10:48:21 [info]: Mapped {/api/establishments/series, GET} (version: 1) route
2026-07-28 10:48:21 [info]: Mapped {/api/establishments/series, POST} (version: 1) route
2026-07-28 10:48:21 [info]: Facturación electrónica: Adaptador inicializado.
2026-07-28 10:48:21 [info]: Facturación electrónica: Adaptador inicializado.
2026-07-28 10:48:21 [info]: Nest application successfully started
2026-07-28 10:53:05 [info]: Starting Nest application...
2026-07-28 10:53:05 [info]: AppModule dependencies initialized
2026-07-28 10:53:05 [info]: TypeOrmModule dependencies initialized
2026-07-28 10:53:05 [info]: PassportModule dependencies initialized
2026-07-28 10:53:05 [info]: ConfigHostModule dependencies initialized
2026-07-28 10:53:05 [info]: WinstonModule dependencies initialized
2026-07-28 10:53:05 [info]: HealthModule dependencies initialized
2026-07-28 10:53:05 [info]: HttpModule dependencies initialized
2026-07-28 10:53:05 [info]: DiscoveryModule dependencies initialized
2026-07-28 10:53:05 [info]: ConfigModule dependencies initialized
2026-07-28 10:53:05 [info]: ConfigModule dependencies initialized
2026-07-28 10:53:05 [info]: EventEmitterModule dependencies initialized
2026-07-28 10:53:05 [info]: ScheduleModule dependencies initialized
2026-07-28 10:53:05 [info]: JwtModule dependencies initialized
2026-07-28 10:53:05 [info]: TypeOrmCoreModule dependencies initialized
2026-07-28 10:53:05 [info]: TypeOrmModule dependencies initialized
2026-07-28 10:53:05 [info]: TypeOrmModule dependencies initialized
2026-07-28 10:53:05 [info]: TypeOrmModule dependencies initialized
2026-07-28 10:53:05 [info]: TypeOrmModule dependencies initialized
2026-07-28 10:53:05 [info]: TypeOrmModule dependencies initialized
2026-07-28 10:53:05 [info]: TypeOrmModule dependencies initialized
2026-07-28 10:53:05 [info]: TypeOrmModule dependencies initialized
2026-07-28 10:53:05 [info]: TypeOrmModule dependencies initialized
2026-07-28 10:53:05 [info]: TypeOrmModule dependencies initialized
2026-07-28 10:53:05 [info]: TypeOrmModule dependencies initialized
2026-07-28 10:53:05 [info]: CategoryModule dependencies initialized
2026-07-28 10:53:05 [info]: SupplierModule dependencies initialized
2026-07-28 10:53:05 [info]: CustomerModule dependencies initialized
2026-07-28 10:53:05 [info]: AuthModule dependencies initialized
2026-07-28 10:53:05 [info]: EstablishmentsModule dependencies initialized
2026-07-28 10:53:05 [info]: UserModule dependencies initialized
2026-07-28 10:53:05 [info]: ProductModule dependencies initialized
2026-07-28 10:53:05 [info]: PurchaseOrderModule dependencies initialized
2026-07-28 10:53:05 [info]: CompanySettingsModule dependencies initialized
2026-07-28 10:53:05 [info]: SaleModule dependencies initialized
2026-07-28 10:53:05 [info]: AuthController {/api/auth} (version: 1):
2026-07-28 10:53:05 [info]: Mapped {/api/auth/login, POST} (version: 1) route
2026-07-28 10:53:05 [info]: Mapped {/api/auth/status, GET} (version: 1) route
2026-07-28 10:53:05 [info]: UserController {/api/users} (version: 1):
2026-07-28 10:53:05 [info]: Mapped {/api/users, GET} (version: 1) route
2026-07-28 10:53:05 [info]: Mapped {/api/users/:id, GET} (version: 1) route
2026-07-28 10:53:05 [info]: Mapped {/api/users, POST} (version: 1) route
2026-07-28 10:53:05 [info]: Mapped {/api/users/:id, PUT} (version: 1) route
2026-07-28 10:53:05 [info]: Mapped {/api/users/:id, DELETE} (version: 1) route
2026-07-28 10:53:05 [info]: HealthController {/api/health} (version: 1):
2026-07-28 10:53:05 [info]: Mapped {/api/health, GET} (version: 1) route
2026-07-28 10:53:05 [info]: CategoryController {/api/categories} (version: 1):
2026-07-28 10:53:05 [info]: Mapped {/api/categories, GET} (version: 1) route
2026-07-28 10:53:05 [info]: Mapped {/api/categories/:id, GET} (version: 1) route
2026-07-28 10:53:05 [info]: Mapped {/api/categories, POST} (version: 1) route
2026-07-28 10:53:05 [info]: Mapped {/api/categories/:id, PUT} (version: 1) route
2026-07-28 10:53:05 [info]: Mapped {/api/categories/:id, DELETE} (version: 1) route
2026-07-28 10:53:05 [info]: SupplierController {/api/suppliers} (version: 1):
2026-07-28 10:53:05 [info]: Mapped {/api/suppliers, GET} (version: 1) route
2026-07-28 10:53:05 [info]: Mapped {/api/suppliers/:id, GET} (version: 1) route
2026-07-28 10:53:05 [info]: Mapped {/api/suppliers, POST} (version: 1) route
2026-07-28 10:53:05 [info]: Mapped {/api/suppliers/:id, PUT} (version: 1) route
2026-07-28 10:53:05 [info]: Mapped {/api/suppliers/:id, DELETE} (version: 1) route
2026-07-28 10:53:05 [info]: ProductController {/api/products} (version: 1):
2026-07-28 10:53:05 [info]: Mapped {/api/products, GET} (version: 1) route
2026-07-28 10:53:05 [info]: Mapped {/api/products/low-stock, GET} (version: 1) route
2026-07-28 10:53:05 [info]: Mapped {/api/products/excel/template, GET} (version: 1) route
2026-07-28 10:53:05 [info]: Mapped {/api/products/excel/import, POST} (version: 1) route
2026-07-28 10:53:05 [info]: Mapped {/api/products/barcode/:barcode, GET} (version: 1) route
2026-07-28 10:53:05 [info]: Mapped {/api/products/:id, GET} (version: 1) route
2026-07-28 10:53:05 [info]: Mapped {/api/products, POST} (version: 1) route
2026-07-28 10:53:05 [info]: Mapped {/api/products/:id, PUT} (version: 1) route
2026-07-28 10:53:05 [info]: Mapped {/api/products/:id, DELETE} (version: 1) route
2026-07-28 10:53:05 [info]: Mapped {/api/products/:id/batches, GET} (version: 1) route
2026-07-28 10:53:05 [info]: Mapped {/api/products/:id/stock/add, PATCH} (version: 1) route
2026-07-28 10:53:05 [info]: Mapped {/api/products/:id/stock/subtract, PATCH} (version: 1) route
2026-07-28 10:53:05 [info]: CustomerController {/api/customers} (version: 1):
2026-07-28 10:53:05 [info]: Mapped {/api/customers, GET} (version: 1) route
2026-07-28 10:53:05 [info]: Mapped {/api/customers/lookup/:doc, GET} (version: 1) route
2026-07-28 10:53:05 [info]: Mapped {/api/customers/:id, GET} (version: 1) route
2026-07-28 10:53:05 [info]: Mapped {/api/customers, POST} (version: 1) route
2026-07-28 10:53:05 [info]: Mapped {/api/customers/:id, PUT} (version: 1) route
2026-07-28 10:53:05 [info]: Mapped {/api/customers/:id, DELETE} (version: 1) route
2026-07-28 10:53:05 [info]: SaleController {/api/sales} (version: 1):
2026-07-28 10:53:05 [info]: Mapped {/api/sales, GET} (version: 1) route
2026-07-28 10:53:05 [info]: Mapped {/api/sales/summary, GET} (version: 1) route
2026-07-28 10:53:05 [info]: Mapped {/api/sales/comprobante/pdf/:token, GET} (version: 1) route
2026-07-28 10:53:05 [info]: Mapped {/api/sales/:id/pdf-token, GET} (version: 1) route
2026-07-28 10:53:05 [info]: Mapped {/api/sales/:id/pdf, GET} (version: 1) route
2026-07-28 10:53:05 [info]: Mapped {/api/sales/:id, GET} (version: 1) route
2026-07-28 10:53:05 [info]: Mapped {/api/sales, POST} (version: 1) route
2026-07-28 10:53:05 [info]: Mapped {/api/sales/credit-note, POST} (version: 1) route
2026-07-28 10:53:05 [info]: Mapped {/api/sales/:id/void, PATCH} (version: 1) route
2026-07-28 10:53:05 [info]: Mapped {/api/sales/:id/send-whatsapp, POST} (version: 1) route
2026-07-28 10:53:05 [info]: Mapped {/api/sales/:id/resend-sunat, POST} (version: 1) route
2026-07-28 10:53:05 [info]: CompanySettingsController {/api/company-settings} (version: 1):
2026-07-28 10:53:05 [info]: Mapped {/api/company-settings, GET} (version: 1) route
2026-07-28 10:53:05 [info]: Mapped {/api/company-settings, PUT} (version: 1) route
2026-07-28 10:53:05 [info]: Mapped {/api/company-settings/logo, POST} (version: 1) route
2026-07-28 10:53:05 [info]: Mapped {/api/company-settings/register-sunat-api, POST} (version: 1) route
2026-07-28 10:53:05 [info]: PurchaseOrderController {/api/purchase-orders} (version: 1):
2026-07-28 10:53:05 [info]: Mapped {/api/purchase-orders, GET} (version: 1) route
2026-07-28 10:53:05 [info]: Mapped {/api/purchase-orders/:id, GET} (version: 1) route
2026-07-28 10:53:05 [info]: Mapped {/api/purchase-orders, POST} (version: 1) route
2026-07-28 10:53:05 [info]: Mapped {/api/purchase-orders/:id/receive, PATCH} (version: 1) route
2026-07-28 10:53:05 [info]: Mapped {/api/purchase-orders/:id/cancel, PATCH} (version: 1) route
2026-07-28 10:53:05 [info]: EstablishmentsController {/api/establishments} (version: 1):
2026-07-28 10:53:05 [info]: Mapped {/api/establishments, GET} (version: 1) route
2026-07-28 10:53:05 [info]: Mapped {/api/establishments, POST} (version: 1) route
2026-07-28 10:53:05 [info]: Mapped {/api/establishments/series, GET} (version: 1) route
2026-07-28 10:53:05 [info]: Mapped {/api/establishments/series, POST} (version: 1) route
2026-07-28 10:53:05 [info]: Facturación electrónica: Adaptador inicializado.
2026-07-28 10:53:05 [info]: Facturación electrónica: Adaptador inicializado.
2026-07-28 10:53:05 [info]: Nest application successfully started
2026-07-28 10:53:23 [info]: Starting Nest application...
2026-07-28 10:53:23 [info]: AppModule dependencies initialized
2026-07-28 10:53:23 [info]: TypeOrmModule dependencies initialized
2026-07-28 10:53:23 [info]: PassportModule dependencies initialized
2026-07-28 10:53:23 [info]: ConfigHostModule dependencies initialized
2026-07-28 10:53:23 [info]: WinstonModule dependencies initialized
2026-07-28 10:53:23 [info]: HealthModule dependencies initialized
2026-07-28 10:53:23 [info]: HttpModule dependencies initialized
2026-07-28 10:53:23 [info]: DiscoveryModule dependencies initialized
2026-07-28 10:53:23 [info]: ConfigModule dependencies initialized
2026-07-28 10:53:23 [info]: ConfigModule dependencies initialized
2026-07-28 10:53:23 [info]: EventEmitterModule dependencies initialized
2026-07-28 10:53:23 [info]: ScheduleModule dependencies initialized
2026-07-28 10:53:23 [info]: JwtModule dependencies initialized
2026-07-28 10:53:24 [info]: TypeOrmCoreModule dependencies initialized
2026-07-28 10:53:24 [info]: TypeOrmModule dependencies initialized
2026-07-28 10:53:24 [info]: TypeOrmModule dependencies initialized
2026-07-28 10:53:24 [info]: TypeOrmModule dependencies initialized
2026-07-28 10:53:24 [info]: TypeOrmModule dependencies initialized
2026-07-28 10:53:24 [info]: TypeOrmModule dependencies initialized
2026-07-28 10:53:24 [info]: TypeOrmModule dependencies initialized
2026-07-28 10:53:24 [info]: TypeOrmModule dependencies initialized
2026-07-28 10:53:24 [info]: TypeOrmModule dependencies initialized
2026-07-28 10:53:24 [info]: TypeOrmModule dependencies initialized
2026-07-28 10:53:24 [info]: TypeOrmModule dependencies initialized
2026-07-28 10:53:24 [info]: CategoryModule dependencies initialized
2026-07-28 10:53:24 [info]: SupplierModule dependencies initialized
2026-07-28 10:53:24 [info]: CustomerModule dependencies initialized
2026-07-28 10:53:24 [info]: AuthModule dependencies initialized
2026-07-28 10:53:24 [info]: EstablishmentsModule dependencies initialized
2026-07-28 10:53:24 [info]: UserModule dependencies initialized
2026-07-28 10:53:24 [info]: ProductModule dependencies initialized
2026-07-28 10:53:24 [info]: PurchaseOrderModule dependencies initialized
2026-07-28 10:53:24 [info]: CompanySettingsModule dependencies initialized
2026-07-28 10:53:24 [info]: SaleModule dependencies initialized
2026-07-28 10:53:24 [info]: AuthController {/api/auth} (version: 1):
2026-07-28 10:53:24 [info]: Mapped {/api/auth/login, POST} (version: 1) route
2026-07-28 10:53:24 [info]: Mapped {/api/auth/status, GET} (version: 1) route
2026-07-28 10:53:24 [info]: UserController {/api/users} (version: 1):
2026-07-28 10:53:24 [info]: Mapped {/api/users, GET} (version: 1) route
2026-07-28 10:53:24 [info]: Mapped {/api/users/:id, GET} (version: 1) route
2026-07-28 10:53:24 [info]: Mapped {/api/users, POST} (version: 1) route
2026-07-28 10:53:24 [info]: Mapped {/api/users/:id, PUT} (version: 1) route
2026-07-28 10:53:24 [info]: Mapped {/api/users/:id, DELETE} (version: 1) route
2026-07-28 10:53:24 [info]: HealthController {/api/health} (version: 1):
2026-07-28 10:53:24 [info]: Mapped {/api/health, GET} (version: 1) route
2026-07-28 10:53:24 [info]: CategoryController {/api/categories} (version: 1):
2026-07-28 10:53:24 [info]: Mapped {/api/categories, GET} (version: 1) route
2026-07-28 10:53:24 [info]: Mapped {/api/categories/:id, GET} (version: 1) route
2026-07-28 10:53:24 [info]: Mapped {/api/categories, POST} (version: 1) route
2026-07-28 10:53:24 [info]: Mapped {/api/categories/:id, PUT} (version: 1) route
2026-07-28 10:53:24 [info]: Mapped {/api/categories/:id, DELETE} (version: 1) route
2026-07-28 10:53:24 [info]: SupplierController {/api/suppliers} (version: 1):
2026-07-28 10:53:24 [info]: Mapped {/api/suppliers, GET} (version: 1) route
2026-07-28 10:53:24 [info]: Mapped {/api/suppliers/:id, GET} (version: 1) route
2026-07-28 10:53:24 [info]: Mapped {/api/suppliers, POST} (version: 1) route
2026-07-28 10:53:24 [info]: Mapped {/api/suppliers/:id, PUT} (version: 1) route
2026-07-28 10:53:24 [info]: Mapped {/api/suppliers/:id, DELETE} (version: 1) route
2026-07-28 10:53:24 [info]: ProductController {/api/products} (version: 1):
2026-07-28 10:53:24 [info]: Mapped {/api/products, GET} (version: 1) route
2026-07-28 10:53:24 [info]: Mapped {/api/products/low-stock, GET} (version: 1) route
2026-07-28 10:53:24 [info]: Mapped {/api/products/excel/template, GET} (version: 1) route
2026-07-28 10:53:24 [info]: Mapped {/api/products/excel/import, POST} (version: 1) route
2026-07-28 10:53:24 [info]: Mapped {/api/products/barcode/:barcode, GET} (version: 1) route
2026-07-28 10:53:24 [info]: Mapped {/api/products/:id, GET} (version: 1) route
2026-07-28 10:53:24 [info]: Mapped {/api/products, POST} (version: 1) route
2026-07-28 10:53:24 [info]: Mapped {/api/products/:id, PUT} (version: 1) route
2026-07-28 10:53:24 [info]: Mapped {/api/products/:id, DELETE} (version: 1) route
2026-07-28 10:53:24 [info]: Mapped {/api/products/:id/batches, GET} (version: 1) route
2026-07-28 10:53:24 [info]: Mapped {/api/products/:id/stock/add, PATCH} (version: 1) route
2026-07-28 10:53:24 [info]: Mapped {/api/products/:id/stock/subtract, PATCH} (version: 1) route
2026-07-28 10:53:24 [info]: CustomerController {/api/customers} (version: 1):
2026-07-28 10:53:24 [info]: Mapped {/api/customers, GET} (version: 1) route
2026-07-28 10:53:24 [info]: Mapped {/api/customers/lookup/:doc, GET} (version: 1) route
2026-07-28 10:53:24 [info]: Mapped {/api/customers/:id, GET} (version: 1) route
2026-07-28 10:53:24 [info]: Mapped {/api/customers, POST} (version: 1) route
2026-07-28 10:53:24 [info]: Mapped {/api/customers/:id, PUT} (version: 1) route
2026-07-28 10:53:24 [info]: Mapped {/api/customers/:id, DELETE} (version: 1) route
2026-07-28 10:53:24 [info]: SaleController {/api/sales} (version: 1):
2026-07-28 10:53:24 [info]: Mapped {/api/sales, GET} (version: 1) route
2026-07-28 10:53:24 [info]: Mapped {/api/sales/summary, GET} (version: 1) route
2026-07-28 10:53:24 [info]: Mapped {/api/sales/comprobante/pdf/:token, GET} (version: 1) route
2026-07-28 10:53:24 [info]: Mapped {/api/sales/:id/pdf-token, GET} (version: 1) route
2026-07-28 10:53:24 [info]: Mapped {/api/sales/:id/pdf, GET} (version: 1) route
2026-07-28 10:53:24 [info]: Mapped {/api/sales/:id, GET} (version: 1) route
2026-07-28 10:53:24 [info]: Mapped {/api/sales, POST} (version: 1) route
2026-07-28 10:53:24 [info]: Mapped {/api/sales/credit-note, POST} (version: 1) route
2026-07-28 10:53:24 [info]: Mapped {/api/sales/:id/void, PATCH} (version: 1) route
2026-07-28 10:53:24 [info]: Mapped {/api/sales/:id/send-whatsapp, POST} (version: 1) route
2026-07-28 10:53:24 [info]: Mapped {/api/sales/:id/resend-sunat, POST} (version: 1) route
2026-07-28 10:53:24 [info]: CompanySettingsController {/api/company-settings} (version: 1):
2026-07-28 10:53:24 [info]: Mapped {/api/company-settings, GET} (version: 1) route
2026-07-28 10:53:24 [info]: Mapped {/api/company-settings, PUT} (version: 1) route
2026-07-28 10:53:24 [info]: Mapped {/api/company-settings/logo, POST} (version: 1) route
2026-07-28 10:53:24 [info]: Mapped {/api/company-settings/register-sunat-api, POST} (version: 1) route
2026-07-28 10:53:24 [info]: PurchaseOrderController {/api/purchase-orders} (version: 1):
2026-07-28 10:53:24 [info]: Mapped {/api/purchase-orders, GET} (version: 1) route
2026-07-28 10:53:24 [info]: Mapped {/api/purchase-orders/:id, GET} (version: 1) route
2026-07-28 10:53:24 [info]: Mapped {/api/purchase-orders, POST} (version: 1) route
2026-07-28 10:53:24 [info]: Mapped {/api/purchase-orders/:id/receive, PATCH} (version: 1) route
2026-07-28 10:53:24 [info]: Mapped {/api/purchase-orders/:id/cancel, PATCH} (version: 1) route
2026-07-28 10:53:24 [info]: EstablishmentsController {/api/establishments} (version: 1):
2026-07-28 10:53:24 [info]: Mapped {/api/establishments, GET} (version: 1) route
2026-07-28 10:53:24 [info]: Mapped {/api/establishments, POST} (version: 1) route
2026-07-28 10:53:24 [info]: Mapped {/api/establishments/series, GET} (version: 1) route
2026-07-28 10:53:24 [info]: Mapped {/api/establishments/series, POST} (version: 1) route
2026-07-28 10:53:24 [info]: Facturación electrónica: Adaptador inicializado.
2026-07-28 10:53:24 [info]: Facturación electrónica: Adaptador inicializado.
2026-07-28 10:53:24 [info]: Nest application successfully started
2026-07-28 11:01:13 [info]: Starting Nest application...
2026-07-28 11:01:13 [info]: AppModule dependencies initialized
2026-07-28 11:01:13 [info]: TypeOrmModule dependencies initialized
2026-07-28 11:01:13 [info]: PassportModule dependencies initialized
2026-07-28 11:01:13 [info]: ConfigHostModule dependencies initialized
2026-07-28 11:01:13 [info]: WinstonModule dependencies initialized
2026-07-28 11:01:13 [info]: HealthModule dependencies initialized
2026-07-28 11:01:13 [info]: HttpModule dependencies initialized
2026-07-28 11:01:13 [info]: DiscoveryModule dependencies initialized
2026-07-28 11:01:13 [info]: ConfigModule dependencies initialized
2026-07-28 11:01:13 [info]: ConfigModule dependencies initialized
2026-07-28 11:01:13 [info]: EventEmitterModule dependencies initialized
2026-07-28 11:01:13 [info]: ScheduleModule dependencies initialized
2026-07-28 11:01:13 [info]: JwtModule dependencies initialized
2026-07-28 11:01:13 [info]: TypeOrmCoreModule dependencies initialized
2026-07-28 11:01:13 [info]: TypeOrmModule dependencies initialized
2026-07-28 11:01:13 [info]: TypeOrmModule dependencies initialized
2026-07-28 11:01:13 [info]: TypeOrmModule dependencies initialized
2026-07-28 11:01:13 [info]: TypeOrmModule dependencies initialized
2026-07-28 11:01:13 [info]: TypeOrmModule dependencies initialized
2026-07-28 11:01:13 [info]: TypeOrmModule dependencies initialized
2026-07-28 11:01:13 [info]: TypeOrmModule dependencies initialized
2026-07-28 11:01:13 [info]: TypeOrmModule dependencies initialized
2026-07-28 11:01:13 [info]: TypeOrmModule dependencies initialized
2026-07-28 11:01:13 [info]: TypeOrmModule dependencies initialized
2026-07-28 11:01:13 [info]: CategoryModule dependencies initialized
2026-07-28 11:01:13 [info]: SupplierModule dependencies initialized
2026-07-28 11:01:13 [info]: CustomerModule dependencies initialized
2026-07-28 11:01:13 [info]: AuthModule dependencies initialized
2026-07-28 11:01:13 [info]: EstablishmentsModule dependencies initialized
2026-07-28 11:01:13 [info]: UserModule dependencies initialized
2026-07-28 11:01:13 [info]: ProductModule dependencies initialized
2026-07-28 11:01:13 [info]: PurchaseOrderModule dependencies initialized
2026-07-28 11:01:13 [info]: CompanySettingsModule dependencies initialized
2026-07-28 11:01:13 [info]: SaleModule dependencies initialized
2026-07-28 11:01:13 [info]: AuthController {/api/auth} (version: 1):
2026-07-28 11:01:13 [info]: Mapped {/api/auth/login, POST} (version: 1) route
2026-07-28 11:01:13 [info]: Mapped {/api/auth/status, GET} (version: 1) route
2026-07-28 11:01:13 [info]: UserController {/api/users} (version: 1):
2026-07-28 11:01:13 [info]: Mapped {/api/users, GET} (version: 1) route
2026-07-28 11:01:13 [info]: Mapped {/api/users/:id, GET} (version: 1) route
2026-07-28 11:01:13 [info]: Mapped {/api/users, POST} (version: 1) route
2026-07-28 11:01:13 [info]: Mapped {/api/users/:id, PUT} (version: 1) route
2026-07-28 11:01:13 [info]: Mapped {/api/users/:id, DELETE} (version: 1) route
2026-07-28 11:01:13 [info]: HealthController {/api/health} (version: 1):
2026-07-28 11:01:13 [info]: Mapped {/api/health, GET} (version: 1) route
2026-07-28 11:01:13 [info]: CategoryController {/api/categories} (version: 1):
2026-07-28 11:01:13 [info]: Mapped {/api/categories, GET} (version: 1) route
2026-07-28 11:01:13 [info]: Mapped {/api/categories/:id, GET} (version: 1) route
2026-07-28 11:01:13 [info]: Mapped {/api/categories, POST} (version: 1) route
2026-07-28 11:01:13 [info]: Mapped {/api/categories/:id, PUT} (version: 1) route
2026-07-28 11:01:13 [info]: Mapped {/api/categories/:id, DELETE} (version: 1) route
2026-07-28 11:01:13 [info]: SupplierController {/api/suppliers} (version: 1):
2026-07-28 11:01:13 [info]: Mapped {/api/suppliers, GET} (version: 1) route
2026-07-28 11:01:13 [info]: Mapped {/api/suppliers/:id, GET} (version: 1) route
2026-07-28 11:01:13 [info]: Mapped {/api/suppliers, POST} (version: 1) route
2026-07-28 11:01:13 [info]: Mapped {/api/suppliers/:id, PUT} (version: 1) route
2026-07-28 11:01:13 [info]: Mapped {/api/suppliers/:id, DELETE} (version: 1) route
2026-07-28 11:01:13 [info]: ProductController {/api/products} (version: 1):
2026-07-28 11:01:13 [info]: Mapped {/api/products, GET} (version: 1) route
2026-07-28 11:01:13 [info]: Mapped {/api/products/low-stock, GET} (version: 1) route
2026-07-28 11:01:13 [info]: Mapped {/api/products/excel/template, GET} (version: 1) route
2026-07-28 11:01:13 [info]: Mapped {/api/products/excel/import, POST} (version: 1) route
2026-07-28 11:01:13 [info]: Mapped {/api/products/barcode/:barcode, GET} (version: 1) route
2026-07-28 11:01:13 [info]: Mapped {/api/products/:id, GET} (version: 1) route
2026-07-28 11:01:13 [info]: Mapped {/api/products, POST} (version: 1) route
2026-07-28 11:01:13 [info]: Mapped {/api/products/:id, PUT} (version: 1) route
2026-07-28 11:01:13 [info]: Mapped {/api/products/:id, DELETE} (version: 1) route
2026-07-28 11:01:13 [info]: Mapped {/api/products/:id/batches, GET} (version: 1) route
2026-07-28 11:01:13 [info]: Mapped {/api/products/:id/stock/add, PATCH} (version: 1) route
2026-07-28 11:01:13 [info]: Mapped {/api/products/:id/stock/subtract, PATCH} (version: 1) route
2026-07-28 11:01:13 [info]: CustomerController {/api/customers} (version: 1):
2026-07-28 11:01:13 [info]: Mapped {/api/customers, GET} (version: 1) route
2026-07-28 11:01:13 [info]: Mapped {/api/customers/lookup/:doc, GET} (version: 1) route
2026-07-28 11:01:13 [info]: Mapped {/api/customers/:id, GET} (version: 1) route
2026-07-28 11:01:13 [info]: Mapped {/api/customers, POST} (version: 1) route
2026-07-28 11:01:13 [info]: Mapped {/api/customers/:id, PUT} (version: 1) route
2026-07-28 11:01:13 [info]: Mapped {/api/customers/:id, DELETE} (version: 1) route
2026-07-28 11:01:13 [info]: SaleController {/api/sales} (version: 1):
2026-07-28 11:01:13 [info]: Mapped {/api/sales, GET} (version: 1) route
2026-07-28 11:01:13 [info]: Mapped {/api/sales/summary, GET} (version: 1) route
2026-07-28 11:01:13 [info]: Mapped {/api/sales/comprobante/pdf/:token, GET} (version: 1) route
2026-07-28 11:01:13 [info]: Mapped {/api/sales/:id/pdf-token, GET} (version: 1) route
2026-07-28 11:01:13 [info]: Mapped {/api/sales/:id/pdf, GET} (version: 1) route
2026-07-28 11:01:13 [info]: Mapped {/api/sales/:id, GET} (version: 1) route
2026-07-28 11:01:13 [info]: Mapped {/api/sales, POST} (version: 1) route
2026-07-28 11:01:13 [info]: Mapped {/api/sales/credit-note, POST} (version: 1) route
2026-07-28 11:01:13 [info]: Mapped {/api/sales/:id/void, PATCH} (version: 1) route
2026-07-28 11:01:13 [info]: Mapped {/api/sales/:id/send-whatsapp, POST} (version: 1) route
2026-07-28 11:01:13 [info]: Mapped {/api/sales/:id/resend-sunat, POST} (version: 1) route
2026-07-28 11:01:13 [info]: CompanySettingsController {/api/company-settings} (version: 1):
2026-07-28 11:01:13 [info]: Mapped {/api/company-settings, GET} (version: 1) route
2026-07-28 11:01:13 [info]: Mapped {/api/company-settings, PUT} (version: 1) route
2026-07-28 11:01:13 [info]: Mapped {/api/company-settings/logo, POST} (version: 1) route
2026-07-28 11:01:13 [info]: Mapped {/api/company-settings/register-sunat-api, POST} (version: 1) route
2026-07-28 11:01:13 [info]: PurchaseOrderController {/api/purchase-orders} (version: 1):
2026-07-28 11:01:13 [info]: Mapped {/api/purchase-orders, GET} (version: 1) route
2026-07-28 11:01:13 [info]: Mapped {/api/purchase-orders/:id, GET} (version: 1) route
2026-07-28 11:01:13 [info]: Mapped {/api/purchase-orders, POST} (version: 1) route
2026-07-28 11:01:13 [info]: Mapped {/api/purchase-orders/:id/receive, PATCH} (version: 1) route
2026-07-28 11:01:13 [info]: Mapped {/api/purchase-orders/:id/cancel, PATCH} (version: 1) route
2026-07-28 11:01:13 [info]: EstablishmentsController {/api/establishments} (version: 1):
2026-07-28 11:01:13 [info]: Mapped {/api/establishments, GET} (version: 1) route
2026-07-28 11:01:13 [info]: Mapped {/api/establishments, POST} (version: 1) route
2026-07-28 11:01:13 [info]: Mapped {/api/establishments/series, GET} (version: 1) route
2026-07-28 11:01:13 [info]: Mapped {/api/establishments/series, POST} (version: 1) route
2026-07-28 11:01:13 [info]: Facturación electrónica: Adaptador inicializado.
2026-07-28 11:01:13 [info]: Facturación electrónica: Adaptador inicializado.
2026-07-28 11:01:13 [info]: Nest application successfully started
2026-07-28 11:22:21 [info]: Starting Nest application...
2026-07-28 11:22:21 [info]: AppModule dependencies initialized
2026-07-28 11:22:21 [info]: TypeOrmModule dependencies initialized
2026-07-28 11:22:21 [info]: PassportModule dependencies initialized
2026-07-28 11:22:21 [info]: ConfigHostModule dependencies initialized
2026-07-28 11:22:21 [info]: WinstonModule dependencies initialized
2026-07-28 11:22:21 [info]: HealthModule dependencies initialized
2026-07-28 11:22:21 [info]: HttpModule dependencies initialized
2026-07-28 11:22:21 [info]: DiscoveryModule dependencies initialized
2026-07-28 11:22:21 [info]: ConfigModule dependencies initialized
2026-07-28 11:22:21 [info]: ConfigModule dependencies initialized
2026-07-28 11:22:21 [info]: EventEmitterModule dependencies initialized
2026-07-28 11:22:21 [info]: ScheduleModule dependencies initialized
2026-07-28 11:22:21 [info]: JwtModule dependencies initialized
2026-07-28 11:22:22 [info]: TypeOrmCoreModule dependencies initialized
2026-07-28 11:22:22 [info]: TypeOrmModule dependencies initialized
2026-07-28 11:22:22 [info]: TypeOrmModule dependencies initialized
2026-07-28 11:22:22 [info]: TypeOrmModule dependencies initialized
2026-07-28 11:22:22 [info]: TypeOrmModule dependencies initialized
2026-07-28 11:22:22 [info]: TypeOrmModule dependencies initialized
2026-07-28 11:22:22 [info]: TypeOrmModule dependencies initialized
2026-07-28 11:22:22 [info]: TypeOrmModule dependencies initialized
2026-07-28 11:22:22 [info]: TypeOrmModule dependencies initialized
2026-07-28 11:22:22 [info]: TypeOrmModule dependencies initialized
2026-07-28 11:22:22 [info]: TypeOrmModule dependencies initialized
2026-07-28 11:22:22 [info]: CategoryModule dependencies initialized
2026-07-28 11:22:22 [info]: SupplierModule dependencies initialized
2026-07-28 11:22:22 [info]: CustomerModule dependencies initialized
2026-07-28 11:22:22 [info]: AuthModule dependencies initialized
2026-07-28 11:22:22 [info]: EstablishmentsModule dependencies initialized
2026-07-28 11:22:22 [info]: UserModule dependencies initialized
2026-07-28 11:22:22 [info]: ProductModule dependencies initialized
2026-07-28 11:22:22 [info]: PurchaseOrderModule dependencies initialized
2026-07-28 11:22:22 [info]: CompanySettingsModule dependencies initialized
2026-07-28 11:22:22 [info]: SaleModule dependencies initialized
2026-07-28 11:22:22 [info]: AuthController {/api/auth} (version: 1):
2026-07-28 11:22:22 [info]: Mapped {/api/auth/login, POST} (version: 1) route
2026-07-28 11:22:22 [info]: Mapped {/api/auth/status, GET} (version: 1) route
2026-07-28 11:22:22 [info]: UserController {/api/users} (version: 1):
2026-07-28 11:22:22 [info]: Mapped {/api/users, GET} (version: 1) route
2026-07-28 11:22:22 [info]: Mapped {/api/users/:id, GET} (version: 1) route
2026-07-28 11:22:22 [info]: Mapped {/api/users, POST} (version: 1) route
2026-07-28 11:22:22 [info]: Mapped {/api/users/:id, PUT} (version: 1) route
2026-07-28 11:22:22 [info]: Mapped {/api/users/:id, DELETE} (version: 1) route
2026-07-28 11:22:22 [info]: HealthController {/api/health} (version: 1):
2026-07-28 11:22:22 [info]: Mapped {/api/health, GET} (version: 1) route
2026-07-28 11:22:22 [info]: CategoryController {/api/categories} (version: 1):
2026-07-28 11:22:22 [info]: Mapped {/api/categories, GET} (version: 1) route
2026-07-28 11:22:22 [info]: Mapped {/api/categories/:id, GET} (version: 1) route
2026-07-28 11:22:22 [info]: Mapped {/api/categories, POST} (version: 1) route
2026-07-28 11:22:22 [info]: Mapped {/api/categories/:id, PUT} (version: 1) route
2026-07-28 11:22:22 [info]: Mapped {/api/categories/:id, DELETE} (version: 1) route
2026-07-28 11:22:22 [info]: SupplierController {/api/suppliers} (version: 1):
2026-07-28 11:22:22 [info]: Mapped {/api/suppliers, GET} (version: 1) route
2026-07-28 11:22:22 [info]: Mapped {/api/suppliers/:id, GET} (version: 1) route
2026-07-28 11:22:22 [info]: Mapped {/api/suppliers, POST} (version: 1) route
2026-07-28 11:22:22 [info]: Mapped {/api/suppliers/:id, PUT} (version: 1) route
2026-07-28 11:22:22 [info]: Mapped {/api/suppliers/:id, DELETE} (version: 1) route
2026-07-28 11:22:22 [info]: ProductController {/api/products} (version: 1):
2026-07-28 11:22:22 [info]: Mapped {/api/products, GET} (version: 1) route
2026-07-28 11:22:22 [info]: Mapped {/api/products/low-stock, GET} (version: 1) route
2026-07-28 11:22:22 [info]: Mapped {/api/products/excel/template, GET} (version: 1) route
2026-07-28 11:22:22 [info]: Mapped {/api/products/excel/import, POST} (version: 1) route
2026-07-28 11:22:22 [info]: Mapped {/api/products/barcode/:barcode, GET} (version: 1) route
2026-07-28 11:22:22 [info]: Mapped {/api/products/:id, GET} (version: 1) route
2026-07-28 11:22:22 [info]: Mapped {/api/products, POST} (version: 1) route
2026-07-28 11:22:22 [info]: Mapped {/api/products/:id, PUT} (version: 1) route
2026-07-28 11:22:22 [info]: Mapped {/api/products/:id, DELETE} (version: 1) route
2026-07-28 11:22:22 [info]: Mapped {/api/products/:id/batches, GET} (version: 1) route
2026-07-28 11:22:22 [info]: Mapped {/api/products/:id/stock/add, PATCH} (version: 1) route
2026-07-28 11:22:22 [info]: Mapped {/api/products/:id/stock/subtract, PATCH} (version: 1) route
2026-07-28 11:22:22 [info]: CustomerController {/api/customers} (version: 1):
2026-07-28 11:22:22 [info]: Mapped {/api/customers, GET} (version: 1) route
2026-07-28 11:22:22 [info]: Mapped {/api/customers/lookup/:doc, GET} (version: 1) route
2026-07-28 11:22:22 [info]: Mapped {/api/customers/:id, GET} (version: 1) route
2026-07-28 11:22:22 [info]: Mapped {/api/customers, POST} (version: 1) route
2026-07-28 11:22:22 [info]: Mapped {/api/customers/:id, PUT} (version: 1) route
2026-07-28 11:22:22 [info]: Mapped {/api/customers/:id, DELETE} (version: 1) route
2026-07-28 11:22:22 [info]: SaleController {/api/sales} (version: 1):
2026-07-28 11:22:22 [info]: Mapped {/api/sales, GET} (version: 1) route
2026-07-28 11:22:22 [info]: Mapped {/api/sales/summary, GET} (version: 1) route
2026-07-28 11:22:22 [info]: Mapped {/api/sales/comprobante/pdf/:token, GET} (version: 1) route
2026-07-28 11:22:22 [info]: Mapped {/api/sales/:id/pdf-token, GET} (version: 1) route
2026-07-28 11:22:22 [info]: Mapped {/api/sales/:id/pdf, GET} (version: 1) route
2026-07-28 11:22:22 [info]: Mapped {/api/sales/:id, GET} (version: 1) route
2026-07-28 11:22:22 [info]: Mapped {/api/sales, POST} (version: 1) route
2026-07-28 11:22:22 [info]: Mapped {/api/sales/credit-note, POST} (version: 1) route
2026-07-28 11:22:22 [info]: Mapped {/api/sales/:id/void, PATCH} (version: 1) route
2026-07-28 11:22:22 [info]: Mapped {/api/sales/:id/send-whatsapp, POST} (version: 1) route
2026-07-28 11:22:22 [info]: Mapped {/api/sales/:id/resend-sunat, POST} (version: 1) route
2026-07-28 11:22:22 [info]: CompanySettingsController {/api/company-settings} (version: 1):
2026-07-28 11:22:22 [info]: Mapped {/api/company-settings, GET} (version: 1) route
2026-07-28 11:22:22 [info]: Mapped {/api/company-settings, PUT} (version: 1) route
2026-07-28 11:22:22 [info]: Mapped {/api/company-settings/logo, POST} (version: 1) route
2026-07-28 11:22:22 [info]: Mapped {/api/company-settings/register-sunat-api, POST} (version: 1) route
2026-07-28 11:22:22 [info]: PurchaseOrderController {/api/purchase-orders} (version: 1):
2026-07-28 11:22:22 [info]: Mapped {/api/purchase-orders, GET} (version: 1) route
2026-07-28 11:22:22 [info]: Mapped {/api/purchase-orders/:id, GET} (version: 1) route
2026-07-28 11:22:22 [info]: Mapped {/api/purchase-orders, POST} (version: 1) route
2026-07-28 11:22:22 [info]: Mapped {/api/purchase-orders/:id/receive, PATCH} (version: 1) route
2026-07-28 11:22:22 [info]: Mapped {/api/purchase-orders/:id/cancel, PATCH} (version: 1) route
2026-07-28 11:22:22 [info]: EstablishmentsController {/api/establishments} (version: 1):
2026-07-28 11:22:22 [info]: Mapped {/api/establishments, GET} (version: 1) route
2026-07-28 11:22:22 [info]: Mapped {/api/establishments, POST} (version: 1) route
2026-07-28 11:22:22 [info]: Mapped {/api/establishments/series, GET} (version: 1) route
2026-07-28 11:22:22 [info]: Mapped {/api/establishments/series, POST} (version: 1) route
2026-07-28 11:22:22 [info]: Facturación electrónica: Adaptador inicializado.
2026-07-28 11:22:22 [info]: Facturación electrónica: Adaptador inicializado.
2026-07-28 11:22:22 [info]: Nest application successfully started
2026-07-28 11:30:11 [info]: Starting Nest application...
2026-07-28 11:30:11 [info]: AppModule dependencies initialized
2026-07-28 11:30:11 [info]: TypeOrmModule dependencies initialized
2026-07-28 11:30:11 [info]: PassportModule dependencies initialized
2026-07-28 11:30:11 [info]: ConfigHostModule dependencies initialized
2026-07-28 11:30:11 [info]: WinstonModule dependencies initialized
2026-07-28 11:30:11 [info]: HealthModule dependencies initialized
2026-07-28 11:30:11 [info]: HttpModule dependencies initialized
2026-07-28 11:30:11 [info]: DiscoveryModule dependencies initialized
2026-07-28 11:30:11 [info]: ConfigModule dependencies initialized
2026-07-28 11:30:11 [info]: ConfigModule dependencies initialized
2026-07-28 11:30:11 [info]: EventEmitterModule dependencies initialized
2026-07-28 11:30:11 [info]: ScheduleModule dependencies initialized
2026-07-28 11:30:11 [info]: JwtModule dependencies initialized
2026-07-28 11:30:11 [info]: TypeOrmCoreModule dependencies initialized
2026-07-28 11:30:11 [info]: TypeOrmModule dependencies initialized
2026-07-28 11:30:11 [info]: TypeOrmModule dependencies initialized
2026-07-28 11:30:11 [info]: TypeOrmModule dependencies initialized
2026-07-28 11:30:11 [info]: TypeOrmModule dependencies initialized
2026-07-28 11:30:11 [info]: TypeOrmModule dependencies initialized
2026-07-28 11:30:11 [info]: TypeOrmModule dependencies initialized
2026-07-28 11:30:11 [info]: TypeOrmModule dependencies initialized
2026-07-28 11:30:11 [info]: TypeOrmModule dependencies initialized
2026-07-28 11:30:11 [info]: TypeOrmModule dependencies initialized
2026-07-28 11:30:11 [info]: TypeOrmModule dependencies initialized
2026-07-28 11:30:11 [info]: CategoryModule dependencies initialized
2026-07-28 11:30:11 [info]: SupplierModule dependencies initialized
2026-07-28 11:30:11 [info]: CustomerModule dependencies initialized
2026-07-28 11:30:11 [info]: AuthModule dependencies initialized
2026-07-28 11:30:11 [info]: EstablishmentsModule dependencies initialized
2026-07-28 11:30:11 [info]: UserModule dependencies initialized
2026-07-28 11:30:11 [info]: ProductModule dependencies initialized
2026-07-28 11:30:11 [info]: PurchaseOrderModule dependencies initialized
2026-07-28 11:30:11 [info]: CompanySettingsModule dependencies initialized
2026-07-28 11:30:11 [info]: SaleModule dependencies initialized
2026-07-28 11:30:11 [info]: AuthController {/api/auth} (version: 1):
2026-07-28 11:30:11 [info]: Mapped {/api/auth/login, POST} (version: 1) route
2026-07-28 11:30:11 [info]: Mapped {/api/auth/status, GET} (version: 1) route
2026-07-28 11:30:11 [info]: UserController {/api/users} (version: 1):
2026-07-28 11:30:11 [info]: Mapped {/api/users, GET} (version: 1) route
2026-07-28 11:30:11 [info]: Mapped {/api/users/:id, GET} (version: 1) route
2026-07-28 11:30:11 [info]: Mapped {/api/users, POST} (version: 1) route
2026-07-28 11:30:11 [info]: Mapped {/api/users/:id, PUT} (version: 1) route
2026-07-28 11:30:11 [info]: Mapped {/api/users/:id, DELETE} (version: 1) route
2026-07-28 11:30:11 [info]: HealthController {/api/health} (version: 1):
2026-07-28 11:30:11 [info]: Mapped {/api/health, GET} (version: 1) route
2026-07-28 11:30:11 [info]: CategoryController {/api/categories} (version: 1):
2026-07-28 11:30:11 [info]: Mapped {/api/categories, GET} (version: 1) route
2026-07-28 11:30:11 [info]: Mapped {/api/categories/:id, GET} (version: 1) route
2026-07-28 11:30:11 [info]: Mapped {/api/categories, POST} (version: 1) route
2026-07-28 11:30:11 [info]: Mapped {/api/categories/:id, PUT} (version: 1) route
2026-07-28 11:30:11 [info]: Mapped {/api/categories/:id, DELETE} (version: 1) route
2026-07-28 11:30:11 [info]: SupplierController {/api/suppliers} (version: 1):
2026-07-28 11:30:11 [info]: Mapped {/api/suppliers, GET} (version: 1) route
2026-07-28 11:30:11 [info]: Mapped {/api/suppliers/:id, GET} (version: 1) route
2026-07-28 11:30:11 [info]: Mapped {/api/suppliers, POST} (version: 1) route
2026-07-28 11:30:11 [info]: Mapped {/api/suppliers/:id, PUT} (version: 1) route
2026-07-28 11:30:11 [info]: Mapped {/api/suppliers/:id, DELETE} (version: 1) route
2026-07-28 11:30:11 [info]: ProductController {/api/products} (version: 1):
2026-07-28 11:30:11 [info]: Mapped {/api/products, GET} (version: 1) route
2026-07-28 11:30:11 [info]: Mapped {/api/products/low-stock, GET} (version: 1) route
2026-07-28 11:30:11 [info]: Mapped {/api/products/excel/template, GET} (version: 1) route
2026-07-28 11:30:11 [info]: Mapped {/api/products/excel/import, POST} (version: 1) route
2026-07-28 11:30:11 [info]: Mapped {/api/products/barcode/:barcode, GET} (version: 1) route
2026-07-28 11:30:11 [info]: Mapped {/api/products/:id, GET} (version: 1) route
2026-07-28 11:30:11 [info]: Mapped {/api/products, POST} (version: 1) route
2026-07-28 11:30:11 [info]: Mapped {/api/products/:id, PUT} (version: 1) route
2026-07-28 11:30:11 [info]: Mapped {/api/products/:id, DELETE} (version: 1) route
2026-07-28 11:30:11 [info]: Mapped {/api/products/:id/batches, GET} (version: 1) route
2026-07-28 11:30:11 [info]: Mapped {/api/products/:id/stock/add, PATCH} (version: 1) route
2026-07-28 11:30:11 [info]: Mapped {/api/products/:id/stock/subtract, PATCH} (version: 1) route
2026-07-28 11:30:11 [info]: CustomerController {/api/customers} (version: 1):
2026-07-28 11:30:11 [info]: Mapped {/api/customers, GET} (version: 1) route
2026-07-28 11:30:11 [info]: Mapped {/api/customers/lookup/:doc, GET} (version: 1) route
2026-07-28 11:30:11 [info]: Mapped {/api/customers/:id, GET} (version: 1) route
2026-07-28 11:30:11 [info]: Mapped {/api/customers, POST} (version: 1) route
2026-07-28 11:30:11 [info]: Mapped {/api/customers/:id, PUT} (version: 1) route
2026-07-28 11:30:11 [info]: Mapped {/api/customers/:id, DELETE} (version: 1) route
2026-07-28 11:30:11 [info]: SaleController {/api/sales} (version: 1):
2026-07-28 11:30:11 [info]: Mapped {/api/sales, GET} (version: 1) route
2026-07-28 11:30:11 [info]: Mapped {/api/sales/summary, GET} (version: 1) route
2026-07-28 11:30:11 [info]: Mapped {/api/sales/comprobante/pdf/:token, GET} (version: 1) route
2026-07-28 11:30:11 [info]: Mapped {/api/sales/:id/pdf-token, GET} (version: 1) route
2026-07-28 11:30:11 [info]: Mapped {/api/sales/:id/pdf, GET} (version: 1) route
2026-07-28 11:30:11 [info]: Mapped {/api/sales/:id, GET} (version: 1) route
2026-07-28 11:30:11 [info]: Mapped {/api/sales, POST} (version: 1) route
2026-07-28 11:30:11 [info]: Mapped {/api/sales/credit-note, POST} (version: 1) route
2026-07-28 11:30:11 [info]: Mapped {/api/sales/:id/void, PATCH} (version: 1) route
2026-07-28 11:30:11 [info]: Mapped {/api/sales/:id/send-whatsapp, POST} (version: 1) route
2026-07-28 11:30:11 [info]: Mapped {/api/sales/:id/resend-sunat, POST} (version: 1) route
2026-07-28 11:30:11 [info]: CompanySettingsController {/api/company-settings} (version: 1):
2026-07-28 11:30:11 [info]: Mapped {/api/company-settings, GET} (version: 1) route
2026-07-28 11:30:11 [info]: Mapped {/api/company-settings, PUT} (version: 1) route
2026-07-28 11:30:11 [info]: Mapped {/api/company-settings/logo, POST} (version: 1) route
2026-07-28 11:30:11 [info]: Mapped {/api/company-settings/register-sunat-api, POST} (version: 1) route
2026-07-28 11:30:11 [info]: PurchaseOrderController {/api/purchase-orders} (version: 1):
2026-07-28 11:30:11 [info]: Mapped {/api/purchase-orders, GET} (version: 1) route
2026-07-28 11:30:11 [info]: Mapped {/api/purchase-orders/:id, GET} (version: 1) route
2026-07-28 11:30:11 [info]: Mapped {/api/purchase-orders, POST} (version: 1) route
2026-07-28 11:30:11 [info]: Mapped {/api/purchase-orders/:id/receive, PATCH} (version: 1) route
2026-07-28 11:30:11 [info]: Mapped {/api/purchase-orders/:id/cancel, PATCH} (version: 1) route
2026-07-28 11:30:11 [info]: EstablishmentsController {/api/establishments} (version: 1):
2026-07-28 11:30:11 [info]: Mapped {/api/establishments, GET} (version: 1) route
2026-07-28 11:30:11 [info]: Mapped {/api/establishments, POST} (version: 1) route
2026-07-28 11:30:11 [info]: Mapped {/api/establishments/series, GET} (version: 1) route
2026-07-28 11:30:11 [info]: Mapped {/api/establishments/series, POST} (version: 1) route
2026-07-28 11:30:11 [info]: Facturación electrónica: Adaptador inicializado.
2026-07-28 11:30:11 [info]: Facturación electrónica: Adaptador inicializado.
2026-07-28 11:30:11 [info]: Nest application successfully started
2026-07-28 12:30:10 [info]: Starting Nest application...
2026-07-28 12:30:10 [info]: AppModule dependencies initialized
2026-07-28 12:30:10 [info]: TypeOrmModule dependencies initialized
2026-07-28 12:30:10 [info]: PassportModule dependencies initialized
2026-07-28 12:30:10 [info]: ConfigHostModule dependencies initialized
2026-07-28 12:30:10 [info]: WinstonModule dependencies initialized
2026-07-28 12:30:10 [info]: HealthModule dependencies initialized
2026-07-28 12:30:10 [info]: HttpModule dependencies initialized
2026-07-28 12:30:10 [info]: DiscoveryModule dependencies initialized
2026-07-28 12:30:10 [info]: ConfigModule dependencies initialized
2026-07-28 12:30:10 [info]: ConfigModule dependencies initialized
2026-07-28 12:30:10 [info]: EventEmitterModule dependencies initialized
2026-07-28 12:30:10 [info]: ScheduleModule dependencies initialized
2026-07-28 12:30:10 [info]: JwtModule dependencies initialized
2026-07-28 12:30:10 [info]: TypeOrmCoreModule dependencies initialized
2026-07-28 12:30:10 [info]: TypeOrmModule dependencies initialized
2026-07-28 12:30:10 [info]: TypeOrmModule dependencies initialized
2026-07-28 12:30:10 [info]: TypeOrmModule dependencies initialized
2026-07-28 12:30:10 [info]: TypeOrmModule dependencies initialized
2026-07-28 12:30:10 [info]: TypeOrmModule dependencies initialized
2026-07-28 12:30:10 [info]: TypeOrmModule dependencies initialized
2026-07-28 12:30:10 [info]: TypeOrmModule dependencies initialized
2026-07-28 12:30:10 [info]: TypeOrmModule dependencies initialized
2026-07-28 12:30:10 [info]: TypeOrmModule dependencies initialized
2026-07-28 12:30:10 [info]: TypeOrmModule dependencies initialized
2026-07-28 12:30:10 [info]: CategoryModule dependencies initialized
2026-07-28 12:30:10 [info]: SupplierModule dependencies initialized
2026-07-28 12:30:10 [info]: CustomerModule dependencies initialized
2026-07-28 12:30:10 [info]: AuthModule dependencies initialized
2026-07-28 12:30:10 [info]: EstablishmentsModule dependencies initialized
2026-07-28 12:30:10 [info]: UserModule dependencies initialized
2026-07-28 12:30:10 [info]: ProductModule dependencies initialized
2026-07-28 12:30:10 [info]: PurchaseOrderModule dependencies initialized
2026-07-28 12:30:10 [info]: CompanySettingsModule dependencies initialized
2026-07-28 12:30:10 [info]: SaleModule dependencies initialized
2026-07-28 12:30:10 [info]: AuthController {/api/auth} (version: 1):
2026-07-28 12:30:10 [info]: Mapped {/api/auth/login, POST} (version: 1) route
2026-07-28 12:30:10 [info]: Mapped {/api/auth/status, GET} (version: 1) route
2026-07-28 12:30:10 [info]: UserController {/api/users} (version: 1):
2026-07-28 12:30:10 [info]: Mapped {/api/users, GET} (version: 1) route
2026-07-28 12:30:10 [info]: Mapped {/api/users/:id, GET} (version: 1) route
2026-07-28 12:30:10 [info]: Mapped {/api/users, POST} (version: 1) route
2026-07-28 12:30:10 [info]: Mapped {/api/users/:id, PUT} (version: 1) route
2026-07-28 12:30:10 [info]: Mapped {/api/users/:id, DELETE} (version: 1) route
2026-07-28 12:30:10 [info]: HealthController {/api/health} (version: 1):
2026-07-28 12:30:10 [info]: Mapped {/api/health, GET} (version: 1) route
2026-07-28 12:30:10 [info]: CategoryController {/api/categories} (version: 1):
2026-07-28 12:30:10 [info]: Mapped {/api/categories, GET} (version: 1) route
2026-07-28 12:30:10 [info]: Mapped {/api/categories/:id, GET} (version: 1) route
2026-07-28 12:30:10 [info]: Mapped {/api/categories, POST} (version: 1) route
2026-07-28 12:30:10 [info]: Mapped {/api/categories/:id, PUT} (version: 1) route
2026-07-28 12:30:10 [info]: Mapped {/api/categories/:id, DELETE} (version: 1) route
2026-07-28 12:30:10 [info]: SupplierController {/api/suppliers} (version: 1):
2026-07-28 12:30:10 [info]: Mapped {/api/suppliers, GET} (version: 1) route
2026-07-28 12:30:10 [info]: Mapped {/api/suppliers/:id, GET} (version: 1) route
2026-07-28 12:30:10 [info]: Mapped {/api/suppliers, POST} (version: 1) route
2026-07-28 12:30:10 [info]: Mapped {/api/suppliers/:id, PUT} (version: 1) route
2026-07-28 12:30:10 [info]: Mapped {/api/suppliers/:id, DELETE} (version: 1) route
2026-07-28 12:30:10 [info]: ProductController {/api/products} (version: 1):
2026-07-28 12:30:10 [info]: Mapped {/api/products, GET} (version: 1) route
2026-07-28 12:30:10 [info]: Mapped {/api/products/low-stock, GET} (version: 1) route
2026-07-28 12:30:10 [info]: Mapped {/api/products/excel/template, GET} (version: 1) route
2026-07-28 12:30:10 [info]: Mapped {/api/products/excel/import, POST} (version: 1) route
2026-07-28 12:30:10 [info]: Mapped {/api/products/barcode/:barcode, GET} (version: 1) route
2026-07-28 12:30:10 [info]: Mapped {/api/products/:id, GET} (version: 1) route
2026-07-28 12:30:10 [info]: Mapped {/api/products, POST} (version: 1) route
2026-07-28 12:30:10 [info]: Mapped {/api/products/:id, PUT} (version: 1) route
2026-07-28 12:30:10 [info]: Mapped {/api/products/:id, DELETE} (version: 1) route
2026-07-28 12:30:10 [info]: Mapped {/api/products/:id/batches, GET} (version: 1) route
2026-07-28 12:30:10 [info]: Mapped {/api/products/:id/stock/add, PATCH} (version: 1) route
2026-07-28 12:30:10 [info]: Mapped {/api/products/:id/stock/subtract, PATCH} (version: 1) route
2026-07-28 12:30:10 [info]: CustomerController {/api/customers} (version: 1):
2026-07-28 12:30:10 [info]: Mapped {/api/customers, GET} (version: 1) route
2026-07-28 12:30:10 [info]: Mapped {/api/customers/lookup/:doc, GET} (version: 1) route
2026-07-28 12:30:10 [info]: Mapped {/api/customers/:id, GET} (version: 1) route
2026-07-28 12:30:10 [info]: Mapped {/api/customers, POST} (version: 1) route
2026-07-28 12:30:10 [info]: Mapped {/api/customers/:id, PUT} (version: 1) route
2026-07-28 12:30:10 [info]: Mapped {/api/customers/:id, DELETE} (version: 1) route
2026-07-28 12:30:10 [info]: SaleController {/api/sales} (version: 1):
2026-07-28 12:30:10 [info]: Mapped {/api/sales, GET} (version: 1) route
2026-07-28 12:30:10 [info]: Mapped {/api/sales/summary, GET} (version: 1) route
2026-07-28 12:30:10 [info]: Mapped {/api/sales/comprobante/pdf/:token, GET} (version: 1) route
2026-07-28 12:30:10 [info]: Mapped {/api/sales/:id/pdf-token, GET} (version: 1) route
2026-07-28 12:30:10 [info]: Mapped {/api/sales/:id/pdf, GET} (version: 1) route
2026-07-28 12:30:10 [info]: Mapped {/api/sales/:id, GET} (version: 1) route
2026-07-28 12:30:10 [info]: Mapped {/api/sales, POST} (version: 1) route
2026-07-28 12:30:10 [info]: Mapped {/api/sales/credit-note, POST} (version: 1) route
2026-07-28 12:30:10 [info]: Mapped {/api/sales/:id/void, PATCH} (version: 1) route
2026-07-28 12:30:10 [info]: Mapped {/api/sales/:id/send-whatsapp, POST} (version: 1) route
2026-07-28 12:30:10 [info]: Mapped {/api/sales/:id/resend-sunat, POST} (version: 1) route
2026-07-28 12:30:10 [info]: CompanySettingsController {/api/company-settings} (version: 1):
2026-07-28 12:30:10 [info]: Mapped {/api/company-settings, GET} (version: 1) route
2026-07-28 12:30:10 [info]: Mapped {/api/company-settings, PUT} (version: 1) route
2026-07-28 12:30:10 [info]: Mapped {/api/company-settings/logo, POST} (version: 1) route
2026-07-28 12:30:10 [info]: Mapped {/api/company-settings/register-sunat-api, POST} (version: 1) route
2026-07-28 12:30:10 [info]: PurchaseOrderController {/api/purchase-orders} (version: 1):
2026-07-28 12:30:10 [info]: Mapped {/api/purchase-orders, GET} (version: 1) route
2026-07-28 12:30:10 [info]: Mapped {/api/purchase-orders/:id, GET} (version: 1) route
2026-07-28 12:30:10 [info]: Mapped {/api/purchase-orders, POST} (version: 1) route
2026-07-28 12:30:10 [info]: Mapped {/api/purchase-orders/:id/receive, PATCH} (version: 1) route
2026-07-28 12:30:10 [info]: Mapped {/api/purchase-orders/:id/cancel, PATCH} (version: 1) route
2026-07-28 12:30:10 [info]: EstablishmentsController {/api/establishments} (version: 1):
2026-07-28 12:30:10 [info]: Mapped {/api/establishments, GET} (version: 1) route
2026-07-28 12:30:10 [info]: Mapped {/api/establishments, POST} (version: 1) route
2026-07-28 12:30:10 [info]: Mapped {/api/establishments/series, GET} (version: 1) route
2026-07-28 12:30:10 [info]: Mapped {/api/establishments/series, POST} (version: 1) route
2026-07-28 12:30:10 [info]: Facturación electrónica: Adaptador inicializado.
2026-07-28 12:30:10 [info]: Facturación electrónica: Adaptador inicializado.
2026-07-28 12:30:10 [info]: Nest application successfully started
2026-07-28 12:30:26 [info]: Starting Nest application...
2026-07-28 12:30:26 [info]: AppModule dependencies initialized
2026-07-28 12:30:26 [info]: TypeOrmModule dependencies initialized
2026-07-28 12:30:26 [info]: PassportModule dependencies initialized
2026-07-28 12:30:26 [info]: ConfigHostModule dependencies initialized
2026-07-28 12:30:26 [info]: WinstonModule dependencies initialized
2026-07-28 12:30:26 [info]: HealthModule dependencies initialized
2026-07-28 12:30:26 [info]: HttpModule dependencies initialized
2026-07-28 12:30:26 [info]: DiscoveryModule dependencies initialized
2026-07-28 12:30:26 [info]: ConfigModule dependencies initialized
2026-07-28 12:30:26 [info]: ConfigModule dependencies initialized
2026-07-28 12:30:26 [info]: EventEmitterModule dependencies initialized
2026-07-28 12:30:26 [info]: ScheduleModule dependencies initialized
2026-07-28 12:30:26 [info]: JwtModule dependencies initialized
2026-07-28 12:30:26 [info]: TypeOrmCoreModule dependencies initialized
2026-07-28 12:30:26 [info]: TypeOrmModule dependencies initialized
2026-07-28 12:30:26 [info]: TypeOrmModule dependencies initialized
2026-07-28 12:30:26 [info]: TypeOrmModule dependencies initialized
2026-07-28 12:30:26 [info]: TypeOrmModule dependencies initialized
2026-07-28 12:30:26 [info]: TypeOrmModule dependencies initialized
2026-07-28 12:30:26 [info]: TypeOrmModule dependencies initialized
2026-07-28 12:30:26 [info]: TypeOrmModule dependencies initialized
2026-07-28 12:30:26 [info]: TypeOrmModule dependencies initialized
2026-07-28 12:30:26 [info]: TypeOrmModule dependencies initialized
2026-07-28 12:30:26 [info]: TypeOrmModule dependencies initialized
2026-07-28 12:30:26 [info]: CategoryModule dependencies initialized
2026-07-28 12:30:26 [info]: SupplierModule dependencies initialized
2026-07-28 12:30:26 [info]: CustomerModule dependencies initialized
2026-07-28 12:30:26 [info]: AuthModule dependencies initialized
2026-07-28 12:30:26 [info]: EstablishmentsModule dependencies initialized
2026-07-28 12:30:26 [info]: UserModule dependencies initialized
2026-07-28 12:30:26 [info]: ProductModule dependencies initialized
2026-07-28 12:30:26 [info]: PurchaseOrderModule dependencies initialized
2026-07-28 12:30:26 [info]: CompanySettingsModule dependencies initialized
2026-07-28 12:30:26 [info]: SaleModule dependencies initialized
2026-07-28 12:30:26 [info]: AuthController {/api/auth} (version: 1):
2026-07-28 12:30:26 [info]: Mapped {/api/auth/login, POST} (version: 1) route
2026-07-28 12:30:26 [info]: Mapped {/api/auth/status, GET} (version: 1) route
2026-07-28 12:30:26 [info]: UserController {/api/users} (version: 1):
2026-07-28 12:30:26 [info]: Mapped {/api/users, GET} (version: 1) route
2026-07-28 12:30:26 [info]: Mapped {/api/users/:id, GET} (version: 1) route
2026-07-28 12:30:26 [info]: Mapped {/api/users, POST} (version: 1) route
2026-07-28 12:30:26 [info]: Mapped {/api/users/:id, PUT} (version: 1) route
2026-07-28 12:30:26 [info]: Mapped {/api/users/:id, DELETE} (version: 1) route
2026-07-28 12:30:26 [info]: HealthController {/api/health} (version: 1):
2026-07-28 12:30:26 [info]: Mapped {/api/health, GET} (version: 1) route
2026-07-28 12:30:26 [info]: CategoryController {/api/categories} (version: 1):
2026-07-28 12:30:26 [info]: Mapped {/api/categories, GET} (version: 1) route
2026-07-28 12:30:26 [info]: Mapped {/api/categories/:id, GET} (version: 1) route
2026-07-28 12:30:26 [info]: Mapped {/api/categories, POST} (version: 1) route
2026-07-28 12:30:26 [info]: Mapped {/api/categories/:id, PUT} (version: 1) route
2026-07-28 12:30:26 [info]: Mapped {/api/categories/:id, DELETE} (version: 1) route
2026-07-28 12:30:26 [info]: SupplierController {/api/suppliers} (version: 1):
2026-07-28 12:30:26 [info]: Mapped {/api/suppliers, GET} (version: 1) route
2026-07-28 12:30:26 [info]: Mapped {/api/suppliers/:id, GET} (version: 1) route
2026-07-28 12:30:26 [info]: Mapped {/api/suppliers, POST} (version: 1) route
2026-07-28 12:30:26 [info]: Mapped {/api/suppliers/:id, PUT} (version: 1) route
2026-07-28 12:30:26 [info]: Mapped {/api/suppliers/:id, DELETE} (version: 1) route
2026-07-28 12:30:26 [info]: ProductController {/api/products} (version: 1):
2026-07-28 12:30:26 [info]: Mapped {/api/products, GET} (version: 1) route
2026-07-28 12:30:26 [info]: Mapped {/api/products/low-stock, GET} (version: 1) route
2026-07-28 12:30:26 [info]: Mapped {/api/products/excel/template, GET} (version: 1) route
2026-07-28 12:30:26 [info]: Mapped {/api/products/excel/import, POST} (version: 1) route
2026-07-28 12:30:26 [info]: Mapped {/api/products/barcode/:barcode, GET} (version: 1) route
2026-07-28 12:30:26 [info]: Mapped {/api/products/:id, GET} (version: 1) route
2026-07-28 12:30:26 [info]: Mapped {/api/products, POST} (version: 1) route
2026-07-28 12:30:26 [info]: Mapped {/api/products/:id, PUT} (version: 1) route
2026-07-28 12:30:26 [info]: Mapped {/api/products/:id, DELETE} (version: 1) route
2026-07-28 12:30:26 [info]: Mapped {/api/products/:id/batches, GET} (version: 1) route
2026-07-28 12:30:26 [info]: Mapped {/api/products/:id/stock/add, PATCH} (version: 1) route
2026-07-28 12:30:26 [info]: Mapped {/api/products/:id/stock/subtract, PATCH} (version: 1) route
2026-07-28 12:30:26 [info]: CustomerController {/api/customers} (version: 1):
2026-07-28 12:30:26 [info]: Mapped {/api/customers, GET} (version: 1) route
2026-07-28 12:30:26 [info]: Mapped {/api/customers/lookup/:doc, GET} (version: 1) route
2026-07-28 12:30:26 [info]: Mapped {/api/customers/:id, GET} (version: 1) route
2026-07-28 12:30:26 [info]: Mapped {/api/customers, POST} (version: 1) route
2026-07-28 12:30:26 [info]: Mapped {/api/customers/:id, PUT} (version: 1) route
2026-07-28 12:30:26 [info]: Mapped {/api/customers/:id, DELETE} (version: 1) route
2026-07-28 12:30:26 [info]: SaleController {/api/sales} (version: 1):
2026-07-28 12:30:26 [info]: Mapped {/api/sales, GET} (version: 1) route
2026-07-28 12:30:26 [info]: Mapped {/api/sales/summary, GET} (version: 1) route
2026-07-28 12:30:26 [info]: Mapped {/api/sales/comprobante/pdf/:token, GET} (version: 1) route
2026-07-28 12:30:26 [info]: Mapped {/api/sales/:id/pdf-token, GET} (version: 1) route
2026-07-28 12:30:26 [info]: Mapped {/api/sales/:id/pdf, GET} (version: 1) route
2026-07-28 12:30:26 [info]: Mapped {/api/sales/:id, GET} (version: 1) route
2026-07-28 12:30:26 [info]: Mapped {/api/sales, POST} (version: 1) route
2026-07-28 12:30:26 [info]: Mapped {/api/sales/credit-note, POST} (version: 1) route
2026-07-28 12:30:26 [info]: Mapped {/api/sales/:id/void, PATCH} (version: 1) route
2026-07-28 12:30:26 [info]: Mapped {/api/sales/:id/send-whatsapp, POST} (version: 1) route
2026-07-28 12:30:26 [info]: Mapped {/api/sales/:id/resend-sunat, POST} (version: 1) route
2026-07-28 12:30:26 [info]: CompanySettingsController {/api/company-settings} (version: 1):
2026-07-28 12:30:26 [info]: Mapped {/api/company-settings, GET} (version: 1) route
2026-07-28 12:30:26 [info]: Mapped {/api/company-settings, PUT} (version: 1) route
2026-07-28 12:30:26 [info]: Mapped {/api/company-settings/logo, POST} (version: 1) route
2026-07-28 12:30:26 [info]: Mapped {/api/company-settings/register-sunat-api, POST} (version: 1) route
2026-07-28 12:30:26 [info]: PurchaseOrderController {/api/purchase-orders} (version: 1):
2026-07-28 12:30:26 [info]: Mapped {/api/purchase-orders, GET} (version: 1) route
2026-07-28 12:30:26 [info]: Mapped {/api/purchase-orders/:id, GET} (version: 1) route
2026-07-28 12:30:26 [info]: Mapped {/api/purchase-orders, POST} (version: 1) route
2026-07-28 12:30:26 [info]: Mapped {/api/purchase-orders/:id/receive, PATCH} (version: 1) route
2026-07-28 12:30:26 [info]: Mapped {/api/purchase-orders/:id/cancel, PATCH} (version: 1) route
2026-07-28 12:30:26 [info]: EstablishmentsController {/api/establishments} (version: 1):
2026-07-28 12:30:26 [info]: Mapped {/api/establishments, GET} (version: 1) route
2026-07-28 12:30:26 [info]: Mapped {/api/establishments, POST} (version: 1) route
2026-07-28 12:30:26 [info]: Mapped {/api/establishments/series, GET} (version: 1) route
2026-07-28 12:30:26 [info]: Mapped {/api/establishments/series, POST} (version: 1) route
2026-07-28 12:30:26 [info]: Facturación electrónica: Adaptador inicializado.
2026-07-28 12:30:26 [info]: Facturación electrónica: Adaptador inicializado.
2026-07-28 12:30:26 [info]: Nest application successfully started
2026-07-28 12:31:03 [info]: Starting Nest application...
2026-07-28 12:31:03 [info]: AppModule dependencies initialized
2026-07-28 12:31:03 [info]: TypeOrmModule dependencies initialized
2026-07-28 12:31:03 [info]: PassportModule dependencies initialized
2026-07-28 12:31:03 [info]: ConfigHostModule dependencies initialized
2026-07-28 12:31:03 [info]: WinstonModule dependencies initialized
2026-07-28 12:31:03 [info]: HealthModule dependencies initialized
2026-07-28 12:31:03 [info]: HttpModule dependencies initialized
2026-07-28 12:31:03 [info]: DiscoveryModule dependencies initialized
2026-07-28 12:31:03 [info]: ConfigModule dependencies initialized
2026-07-28 12:31:03 [info]: ConfigModule dependencies initialized
2026-07-28 12:31:03 [info]: EventEmitterModule dependencies initialized
2026-07-28 12:31:03 [info]: ScheduleModule dependencies initialized
2026-07-28 12:31:03 [info]: JwtModule dependencies initialized
2026-07-28 12:31:04 [info]: TypeOrmCoreModule dependencies initialized
2026-07-28 12:31:04 [info]: TypeOrmModule dependencies initialized
2026-07-28 12:31:04 [info]: TypeOrmModule dependencies initialized
2026-07-28 12:31:04 [info]: TypeOrmModule dependencies initialized
2026-07-28 12:31:04 [info]: TypeOrmModule dependencies initialized
2026-07-28 12:31:04 [info]: TypeOrmModule dependencies initialized
2026-07-28 12:31:04 [info]: TypeOrmModule dependencies initialized
2026-07-28 12:31:04 [info]: TypeOrmModule dependencies initialized
2026-07-28 12:31:04 [info]: TypeOrmModule dependencies initialized
2026-07-28 12:31:04 [info]: TypeOrmModule dependencies initialized
2026-07-28 12:31:04 [info]: TypeOrmModule dependencies initialized
2026-07-28 12:31:04 [info]: CategoryModule dependencies initialized
2026-07-28 12:31:04 [info]: SupplierModule dependencies initialized
2026-07-28 12:31:04 [info]: CustomerModule dependencies initialized
2026-07-28 12:31:04 [info]: AuthModule dependencies initialized
2026-07-28 12:31:04 [info]: EstablishmentsModule dependencies initialized
2026-07-28 12:31:04 [info]: UserModule dependencies initialized
2026-07-28 12:31:04 [info]: ProductModule dependencies initialized
2026-07-28 12:31:04 [info]: PurchaseOrderModule dependencies initialized
2026-07-28 12:31:04 [info]: CompanySettingsModule dependencies initialized
2026-07-28 12:31:04 [info]: SaleModule dependencies initialized
2026-07-28 12:31:04 [info]: AuthController {/api/auth} (version: 1):
2026-07-28 12:31:04 [info]: Mapped {/api/auth/login, POST} (version: 1) route
2026-07-28 12:31:04 [info]: Mapped {/api/auth/status, GET} (version: 1) route
2026-07-28 12:31:04 [info]: UserController {/api/users} (version: 1):
2026-07-28 12:31:04 [info]: Mapped {/api/users, GET} (version: 1) route
2026-07-28 12:31:04 [info]: Mapped {/api/users/:id, GET} (version: 1) route
2026-07-28 12:31:04 [info]: Mapped {/api/users, POST} (version: 1) route
2026-07-28 12:31:04 [info]: Mapped {/api/users/:id, PUT} (version: 1) route
2026-07-28 12:31:04 [info]: Mapped {/api/users/:id, DELETE} (version: 1) route
2026-07-28 12:31:04 [info]: HealthController {/api/health} (version: 1):
2026-07-28 12:31:04 [info]: Mapped {/api/health, GET} (version: 1) route
2026-07-28 12:31:04 [info]: CategoryController {/api/categories} (version: 1):
2026-07-28 12:31:04 [info]: Mapped {/api/categories, GET} (version: 1) route
2026-07-28 12:31:04 [info]: Mapped {/api/categories/:id, GET} (version: 1) route
2026-07-28 12:31:04 [info]: Mapped {/api/categories, POST} (version: 1) route
2026-07-28 12:31:04 [info]: Mapped {/api/categories/:id, PUT} (version: 1) route
2026-07-28 12:31:04 [info]: Mapped {/api/categories/:id, DELETE} (version: 1) route
2026-07-28 12:31:04 [info]: SupplierController {/api/suppliers} (version: 1):
2026-07-28 12:31:04 [info]: Mapped {/api/suppliers, GET} (version: 1) route
2026-07-28 12:31:04 [info]: Mapped {/api/suppliers/:id, GET} (version: 1) route
2026-07-28 12:31:04 [info]: Mapped {/api/suppliers, POST} (version: 1) route
2026-07-28 12:31:04 [info]: Mapped {/api/suppliers/:id, PUT} (version: 1) route
2026-07-28 12:31:04 [info]: Mapped {/api/suppliers/:id, DELETE} (version: 1) route
2026-07-28 12:31:04 [info]: ProductController {/api/products} (version: 1):
2026-07-28 12:31:04 [info]: Mapped {/api/products, GET} (version: 1) route
2026-07-28 12:31:04 [info]: Mapped {/api/products/low-stock, GET} (version: 1) route
2026-07-28 12:31:04 [info]: Mapped {/api/products/excel/template, GET} (version: 1) route
2026-07-28 12:31:04 [info]: Mapped {/api/products/excel/import, POST} (version: 1) route
2026-07-28 12:31:04 [info]: Mapped {/api/products/barcode/:barcode, GET} (version: 1) route
2026-07-28 12:31:04 [info]: Mapped {/api/products/:id, GET} (version: 1) route
2026-07-28 12:31:04 [info]: Mapped {/api/products, POST} (version: 1) route
2026-07-28 12:31:04 [info]: Mapped {/api/products/:id, PUT} (version: 1) route
2026-07-28 12:31:04 [info]: Mapped {/api/products/:id, DELETE} (version: 1) route
2026-07-28 12:31:04 [info]: Mapped {/api/products/:id/batches, GET} (version: 1) route
2026-07-28 12:31:04 [info]: Mapped {/api/products/:id/stock/add, PATCH} (version: 1) route
2026-07-28 12:31:04 [info]: Mapped {/api/products/:id/stock/subtract, PATCH} (version: 1) route
2026-07-28 12:31:04 [info]: CustomerController {/api/customers} (version: 1):
2026-07-28 12:31:04 [info]: Mapped {/api/customers, GET} (version: 1) route
2026-07-28 12:31:04 [info]: Mapped {/api/customers/lookup/:doc, GET} (version: 1) route
2026-07-28 12:31:04 [info]: Mapped {/api/customers/:id, GET} (version: 1) route
2026-07-28 12:31:04 [info]: Mapped {/api/customers, POST} (version: 1) route
2026-07-28 12:31:04 [info]: Mapped {/api/customers/:id, PUT} (version: 1) route
2026-07-28 12:31:04 [info]: Mapped {/api/customers/:id, DELETE} (version: 1) route
2026-07-28 12:31:04 [info]: SaleController {/api/sales} (version: 1):
2026-07-28 12:31:04 [info]: Mapped {/api/sales, GET} (version: 1) route
2026-07-28 12:31:04 [info]: Mapped {/api/sales/summary, GET} (version: 1) route
2026-07-28 12:31:04 [info]: Mapped {/api/sales/comprobante/pdf/:token, GET} (version: 1) route
2026-07-28 12:31:04 [info]: Mapped {/api/sales/:id/pdf-token, GET} (version: 1) route
2026-07-28 12:31:04 [info]: Mapped {/api/sales/:id/pdf, GET} (version: 1) route
2026-07-28 12:31:04 [info]: Mapped {/api/sales/:id, GET} (version: 1) route
2026-07-28 12:31:04 [info]: Mapped {/api/sales, POST} (version: 1) route
2026-07-28 12:31:04 [info]: Mapped {/api/sales/credit-note, POST} (version: 1) route
2026-07-28 12:31:04 [info]: Mapped {/api/sales/:id/void, PATCH} (version: 1) route
2026-07-28 12:31:04 [info]: Mapped {/api/sales/:id/send-whatsapp, POST} (version: 1) route
2026-07-28 12:31:04 [info]: Mapped {/api/sales/:id/resend-sunat, POST} (version: 1) route
2026-07-28 12:31:04 [info]: CompanySettingsController {/api/company-settings} (version: 1):
2026-07-28 12:31:04 [info]: Mapped {/api/company-settings, GET} (version: 1) route
2026-07-28 12:31:04 [info]: Mapped {/api/company-settings, PUT} (version: 1) route
2026-07-28 12:31:04 [info]: Mapped {/api/company-settings/logo, POST} (version: 1) route
2026-07-28 12:31:04 [info]: Mapped {/api/company-settings/register-sunat-api, POST} (version: 1) route
2026-07-28 12:31:04 [info]: PurchaseOrderController {/api/purchase-orders} (version: 1):
2026-07-28 12:31:04 [info]: Mapped {/api/purchase-orders, GET} (version: 1) route
2026-07-28 12:31:04 [info]: Mapped {/api/purchase-orders/:id, GET} (version: 1) route
2026-07-28 12:31:04 [info]: Mapped {/api/purchase-orders, POST} (version: 1) route
2026-07-28 12:31:04 [info]: Mapped {/api/purchase-orders/:id/receive, PATCH} (version: 1) route
2026-07-28 12:31:04 [info]: Mapped {/api/purchase-orders/:id/cancel, PATCH} (version: 1) route
2026-07-28 12:31:04 [info]: EstablishmentsController {/api/establishments} (version: 1):
2026-07-28 12:31:04 [info]: Mapped {/api/establishments, GET} (version: 1) route
2026-07-28 12:31:04 [info]: Mapped {/api/establishments, POST} (version: 1) route
2026-07-28 12:31:04 [info]: Mapped {/api/establishments/series, GET} (version: 1) route
2026-07-28 12:31:04 [info]: Mapped {/api/establishments/series, POST} (version: 1) route
2026-07-28 12:31:04 [info]: Facturación electrónica: Adaptador inicializado.
2026-07-28 12:31:04 [info]: Facturación electrónica: Adaptador inicializado.
2026-07-28 12:31:04 [info]: Nest application successfully started
2026-07-28 12:31:17 [info]: Starting Nest application...
2026-07-28 12:31:17 [info]: AppModule dependencies initialized
2026-07-28 12:31:17 [info]: TypeOrmModule dependencies initialized
2026-07-28 12:31:17 [info]: PassportModule dependencies initialized
2026-07-28 12:31:17 [info]: ConfigHostModule dependencies initialized
2026-07-28 12:31:17 [info]: WinstonModule dependencies initialized
2026-07-28 12:31:17 [info]: HealthModule dependencies initialized
2026-07-28 12:31:17 [info]: HttpModule dependencies initialized
2026-07-28 12:31:17 [info]: DiscoveryModule dependencies initialized
2026-07-28 12:31:17 [info]: ConfigModule dependencies initialized
2026-07-28 12:31:17 [info]: ConfigModule dependencies initialized
2026-07-28 12:31:17 [info]: EventEmitterModule dependencies initialized
2026-07-28 12:31:17 [info]: ScheduleModule dependencies initialized
2026-07-28 12:31:17 [info]: JwtModule dependencies initialized
2026-07-28 12:31:18 [info]: TypeOrmCoreModule dependencies initialized
2026-07-28 12:31:18 [info]: TypeOrmModule dependencies initialized
2026-07-28 12:31:18 [info]: TypeOrmModule dependencies initialized
2026-07-28 12:31:18 [info]: TypeOrmModule dependencies initialized
2026-07-28 12:31:18 [info]: TypeOrmModule dependencies initialized
2026-07-28 12:31:18 [info]: TypeOrmModule dependencies initialized
2026-07-28 12:31:18 [info]: TypeOrmModule dependencies initialized
2026-07-28 12:31:18 [info]: TypeOrmModule dependencies initialized
2026-07-28 12:31:18 [info]: TypeOrmModule dependencies initialized
2026-07-28 12:31:18 [info]: TypeOrmModule dependencies initialized
2026-07-28 12:31:18 [info]: TypeOrmModule dependencies initialized
2026-07-28 12:31:18 [info]: CategoryModule dependencies initialized
2026-07-28 12:31:18 [info]: SupplierModule dependencies initialized
2026-07-28 12:31:18 [info]: CustomerModule dependencies initialized
2026-07-28 12:31:18 [info]: AuthModule dependencies initialized
2026-07-28 12:31:18 [info]: EstablishmentsModule dependencies initialized
2026-07-28 12:31:18 [info]: UserModule dependencies initialized
2026-07-28 12:31:18 [info]: ProductModule dependencies initialized
2026-07-28 12:31:18 [info]: PurchaseOrderModule dependencies initialized
2026-07-28 12:31:18 [info]: CompanySettingsModule dependencies initialized
2026-07-28 12:31:18 [info]: SaleModule dependencies initialized
2026-07-28 12:31:18 [info]: AuthController {/api/auth} (version: 1):
2026-07-28 12:31:18 [info]: Mapped {/api/auth/login, POST} (version: 1) route
2026-07-28 12:31:18 [info]: Mapped {/api/auth/status, GET} (version: 1) route
2026-07-28 12:31:18 [info]: UserController {/api/users} (version: 1):
2026-07-28 12:31:18 [info]: Mapped {/api/users, GET} (version: 1) route
2026-07-28 12:31:18 [info]: Mapped {/api/users/:id, GET} (version: 1) route
2026-07-28 12:31:18 [info]: Mapped {/api/users, POST} (version: 1) route
2026-07-28 12:31:18 [info]: Mapped {/api/users/:id, PUT} (version: 1) route
2026-07-28 12:31:18 [info]: Mapped {/api/users/:id, DELETE} (version: 1) route
2026-07-28 12:31:18 [info]: HealthController {/api/health} (version: 1):
2026-07-28 12:31:18 [info]: Mapped {/api/health, GET} (version: 1) route
2026-07-28 12:31:18 [info]: CategoryController {/api/categories} (version: 1):
2026-07-28 12:31:18 [info]: Mapped {/api/categories, GET} (version: 1) route
2026-07-28 12:31:18 [info]: Mapped {/api/categories/:id, GET} (version: 1) route
2026-07-28 12:31:18 [info]: Mapped {/api/categories, POST} (version: 1) route
2026-07-28 12:31:18 [info]: Mapped {/api/categories/:id, PUT} (version: 1) route
2026-07-28 12:31:18 [info]: Mapped {/api/categories/:id, DELETE} (version: 1) route
2026-07-28 12:31:18 [info]: SupplierController {/api/suppliers} (version: 1):
2026-07-28 12:31:18 [info]: Mapped {/api/suppliers, GET} (version: 1) route
2026-07-28 12:31:18 [info]: Mapped {/api/suppliers/:id, GET} (version: 1) route
2026-07-28 12:31:18 [info]: Mapped {/api/suppliers, POST} (version: 1) route
2026-07-28 12:31:18 [info]: Mapped {/api/suppliers/:id, PUT} (version: 1) route
2026-07-28 12:31:18 [info]: Mapped {/api/suppliers/:id, DELETE} (version: 1) route
2026-07-28 12:31:18 [info]: ProductController {/api/products} (version: 1):
2026-07-28 12:31:18 [info]: Mapped {/api/products, GET} (version: 1) route
2026-07-28 12:31:18 [info]: Mapped {/api/products/low-stock, GET} (version: 1) route
2026-07-28 12:31:18 [info]: Mapped {/api/products/excel/template, GET} (version: 1) route
2026-07-28 12:31:18 [info]: Mapped {/api/products/excel/import, POST} (version: 1) route
2026-07-28 12:31:18 [info]: Mapped {/api/products/barcode/:barcode, GET} (version: 1) route
2026-07-28 12:31:18 [info]: Mapped {/api/products/:id, GET} (version: 1) route
2026-07-28 12:31:18 [info]: Mapped {/api/products, POST} (version: 1) route
2026-07-28 12:31:18 [info]: Mapped {/api/products/:id, PUT} (version: 1) route
2026-07-28 12:31:18 [info]: Mapped {/api/products/:id, DELETE} (version: 1) route
2026-07-28 12:31:18 [info]: Mapped {/api/products/:id/batches, GET} (version: 1) route
2026-07-28 12:31:18 [info]: Mapped {/api/products/:id/stock/add, PATCH} (version: 1) route
2026-07-28 12:31:18 [info]: Mapped {/api/products/:id/stock/subtract, PATCH} (version: 1) route
2026-07-28 12:31:18 [info]: CustomerController {/api/customers} (version: 1):
2026-07-28 12:31:18 [info]: Mapped {/api/customers, GET} (version: 1) route
2026-07-28 12:31:18 [info]: Mapped {/api/customers/lookup/:doc, GET} (version: 1) route
2026-07-28 12:31:18 [info]: Mapped {/api/customers/:id, GET} (version: 1) route
2026-07-28 12:31:18 [info]: Mapped {/api/customers, POST} (version: 1) route
2026-07-28 12:31:18 [info]: Mapped {/api/customers/:id, PUT} (version: 1) route
2026-07-28 12:31:18 [info]: Mapped {/api/customers/:id, DELETE} (version: 1) route
2026-07-28 12:31:18 [info]: SaleController {/api/sales} (version: 1):
2026-07-28 12:31:18 [info]: Mapped {/api/sales, GET} (version: 1) route
2026-07-28 12:31:18 [info]: Mapped {/api/sales/summary, GET} (version: 1) route
2026-07-28 12:31:18 [info]: Mapped {/api/sales/comprobante/pdf/:token, GET} (version: 1) route
2026-07-28 12:31:18 [info]: Mapped {/api/sales/:id/pdf-token, GET} (version: 1) route
2026-07-28 12:31:18 [info]: Mapped {/api/sales/:id/pdf, GET} (version: 1) route
2026-07-28 12:31:18 [info]: Mapped {/api/sales/:id, GET} (version: 1) route
2026-07-28 12:31:18 [info]: Mapped {/api/sales, POST} (version: 1) route
2026-07-28 12:31:18 [info]: Mapped {/api/sales/credit-note, POST} (version: 1) route
2026-07-28 12:31:18 [info]: Mapped {/api/sales/:id/void, PATCH} (version: 1) route
2026-07-28 12:31:18 [info]: Mapped {/api/sales/:id/send-whatsapp, POST} (version: 1) route
2026-07-28 12:31:18 [info]: Mapped {/api/sales/:id/resend-sunat, POST} (version: 1) route
2026-07-28 12:31:18 [info]: CompanySettingsController {/api/company-settings} (version: 1):
2026-07-28 12:31:18 [info]: Mapped {/api/company-settings, GET} (version: 1) route
2026-07-28 12:31:18 [info]: Mapped {/api/company-settings, PUT} (version: 1) route
2026-07-28 12:31:18 [info]: Mapped {/api/company-settings/logo, POST} (version: 1) route
2026-07-28 12:31:18 [info]: Mapped {/api/company-settings/register-sunat-api, POST} (version: 1) route
2026-07-28 12:31:18 [info]: PurchaseOrderController {/api/purchase-orders} (version: 1):
2026-07-28 12:31:18 [info]: Mapped {/api/purchase-orders, GET} (version: 1) route
2026-07-28 12:31:18 [info]: Mapped {/api/purchase-orders/:id, GET} (version: 1) route
2026-07-28 12:31:18 [info]: Mapped {/api/purchase-orders, POST} (version: 1) route
2026-07-28 12:31:18 [info]: Mapped {/api/purchase-orders/:id/receive, PATCH} (version: 1) route
2026-07-28 12:31:18 [info]: Mapped {/api/purchase-orders/:id/cancel, PATCH} (version: 1) route
2026-07-28 12:31:18 [info]: EstablishmentsController {/api/establishments} (version: 1):
2026-07-28 12:31:18 [info]: Mapped {/api/establishments, GET} (version: 1) route
2026-07-28 12:31:18 [info]: Mapped {/api/establishments, POST} (version: 1) route
2026-07-28 12:31:18 [info]: Mapped {/api/establishments/series, GET} (version: 1) route
2026-07-28 12:31:18 [info]: Mapped {/api/establishments/series, POST} (version: 1) route
2026-07-28 12:31:18 [info]: Facturación electrónica: Adaptador inicializado.
2026-07-28 12:31:18 [info]: Facturación electrónica: Adaptador inicializado.
2026-07-28 12:31:18 [info]: Nest application successfully started
2026-07-28 12:31:27 [info]: Starting Nest application...
2026-07-28 12:31:27 [info]: AppModule dependencies initialized
2026-07-28 12:31:27 [info]: TypeOrmModule dependencies initialized
2026-07-28 12:31:27 [info]: PassportModule dependencies initialized
2026-07-28 12:31:27 [info]: ConfigHostModule dependencies initialized
2026-07-28 12:31:27 [info]: WinstonModule dependencies initialized
2026-07-28 12:31:27 [info]: HealthModule dependencies initialized
2026-07-28 12:31:27 [info]: HttpModule dependencies initialized
2026-07-28 12:31:27 [info]: DiscoveryModule dependencies initialized
2026-07-28 12:31:27 [info]: ConfigModule dependencies initialized
2026-07-28 12:31:27 [info]: ConfigModule dependencies initialized
2026-07-28 12:31:27 [info]: EventEmitterModule dependencies initialized
2026-07-28 12:31:27 [info]: ScheduleModule dependencies initialized
2026-07-28 12:31:27 [info]: JwtModule dependencies initialized
2026-07-28 12:31:27 [info]: TypeOrmCoreModule dependencies initialized
2026-07-28 12:31:27 [info]: TypeOrmModule dependencies initialized
2026-07-28 12:31:27 [info]: TypeOrmModule dependencies initialized
2026-07-28 12:31:27 [info]: TypeOrmModule dependencies initialized
2026-07-28 12:31:27 [info]: TypeOrmModule dependencies initialized
2026-07-28 12:31:27 [info]: TypeOrmModule dependencies initialized
2026-07-28 12:31:27 [info]: TypeOrmModule dependencies initialized
2026-07-28 12:31:27 [info]: TypeOrmModule dependencies initialized
2026-07-28 12:31:27 [info]: TypeOrmModule dependencies initialized
2026-07-28 12:31:27 [info]: TypeOrmModule dependencies initialized
2026-07-28 12:31:27 [info]: TypeOrmModule dependencies initialized
2026-07-28 12:31:27 [info]: CategoryModule dependencies initialized
2026-07-28 12:31:27 [info]: SupplierModule dependencies initialized
2026-07-28 12:31:27 [info]: CustomerModule dependencies initialized
2026-07-28 12:31:27 [info]: AuthModule dependencies initialized
2026-07-28 12:31:27 [info]: EstablishmentsModule dependencies initialized
2026-07-28 12:31:27 [info]: UserModule dependencies initialized
2026-07-28 12:31:27 [info]: ProductModule dependencies initialized
2026-07-28 12:31:27 [info]: PurchaseOrderModule dependencies initialized
2026-07-28 12:31:27 [info]: CompanySettingsModule dependencies initialized
2026-07-28 12:31:27 [info]: SaleModule dependencies initialized
2026-07-28 12:31:27 [info]: AuthController {/api/auth} (version: 1):
2026-07-28 12:31:27 [info]: Mapped {/api/auth/login, POST} (version: 1) route
2026-07-28 12:31:27 [info]: Mapped {/api/auth/status, GET} (version: 1) route
2026-07-28 12:31:27 [info]: UserController {/api/users} (version: 1):
2026-07-28 12:31:27 [info]: Mapped {/api/users, GET} (version: 1) route
2026-07-28 12:31:27 [info]: Mapped {/api/users/:id, GET} (version: 1) route
2026-07-28 12:31:27 [info]: Mapped {/api/users, POST} (version: 1) route
2026-07-28 12:31:27 [info]: Mapped {/api/users/:id, PUT} (version: 1) route
2026-07-28 12:31:27 [info]: Mapped {/api/users/:id, DELETE} (version: 1) route
2026-07-28 12:31:27 [info]: HealthController {/api/health} (version: 1):
2026-07-28 12:31:27 [info]: Mapped {/api/health, GET} (version: 1) route
2026-07-28 12:31:27 [info]: CategoryController {/api/categories} (version: 1):
2026-07-28 12:31:27 [info]: Mapped {/api/categories, GET} (version: 1) route
2026-07-28 12:31:27 [info]: Mapped {/api/categories/:id, GET} (version: 1) route
2026-07-28 12:31:27 [info]: Mapped {/api/categories, POST} (version: 1) route
2026-07-28 12:31:27 [info]: Mapped {/api/categories/:id, PUT} (version: 1) route
2026-07-28 12:31:27 [info]: Mapped {/api/categories/:id, DELETE} (version: 1) route
2026-07-28 12:31:27 [info]: SupplierController {/api/suppliers} (version: 1):
2026-07-28 12:31:27 [info]: Mapped {/api/suppliers, GET} (version: 1) route
2026-07-28 12:31:27 [info]: Mapped {/api/suppliers/:id, GET} (version: 1) route
2026-07-28 12:31:27 [info]: Mapped {/api/suppliers, POST} (version: 1) route
2026-07-28 12:31:27 [info]: Mapped {/api/suppliers/:id, PUT} (version: 1) route
2026-07-28 12:31:27 [info]: Mapped {/api/suppliers/:id, DELETE} (version: 1) route
2026-07-28 12:31:27 [info]: ProductController {/api/products} (version: 1):
2026-07-28 12:31:27 [info]: Mapped {/api/products, GET} (version: 1) route
2026-07-28 12:31:27 [info]: Mapped {/api/products/low-stock, GET} (version: 1) route
2026-07-28 12:31:27 [info]: Mapped {/api/products/excel/template, GET} (version: 1) route
2026-07-28 12:31:27 [info]: Mapped {/api/products/excel/import, POST} (version: 1) route
2026-07-28 12:31:27 [info]: Mapped {/api/products/barcode/:barcode, GET} (version: 1) route
2026-07-28 12:31:27 [info]: Mapped {/api/products/:id, GET} (version: 1) route
2026-07-28 12:31:27 [info]: Mapped {/api/products, POST} (version: 1) route
2026-07-28 12:31:27 [info]: Mapped {/api/products/:id, PUT} (version: 1) route
2026-07-28 12:31:27 [info]: Mapped {/api/products/:id, DELETE} (version: 1) route
2026-07-28 12:31:27 [info]: Mapped {/api/products/:id/batches, GET} (version: 1) route
2026-07-28 12:31:27 [info]: Mapped {/api/products/:id/stock/add, PATCH} (version: 1) route
2026-07-28 12:31:27 [info]: Mapped {/api/products/:id/stock/subtract, PATCH} (version: 1) route
2026-07-28 12:31:27 [info]: CustomerController {/api/customers} (version: 1):
2026-07-28 12:31:27 [info]: Mapped {/api/customers, GET} (version: 1) route
2026-07-28 12:31:27 [info]: Mapped {/api/customers/lookup/:doc, GET} (version: 1) route
2026-07-28 12:31:27 [info]: Mapped {/api/customers/:id, GET} (version: 1) route
2026-07-28 12:31:27 [info]: Mapped {/api/customers, POST} (version: 1) route
2026-07-28 12:31:27 [info]: Mapped {/api/customers/:id, PUT} (version: 1) route
2026-07-28 12:31:27 [info]: Mapped {/api/customers/:id, DELETE} (version: 1) route
2026-07-28 12:31:27 [info]: SaleController {/api/sales} (version: 1):
2026-07-28 12:31:27 [info]: Mapped {/api/sales, GET} (version: 1) route
2026-07-28 12:31:27 [info]: Mapped {/api/sales/summary, GET} (version: 1) route
2026-07-28 12:31:27 [info]: Mapped {/api/sales/comprobante/pdf/:token, GET} (version: 1) route
2026-07-28 12:31:27 [info]: Mapped {/api/sales/:id/pdf-token, GET} (version: 1) route
2026-07-28 12:31:27 [info]: Mapped {/api/sales/:id/pdf, GET} (version: 1) route
2026-07-28 12:31:27 [info]: Mapped {/api/sales/:id, GET} (version: 1) route
2026-07-28 12:31:27 [info]: Mapped {/api/sales, POST} (version: 1) route
2026-07-28 12:31:27 [info]: Mapped {/api/sales/credit-note, POST} (version: 1) route
2026-07-28 12:31:27 [info]: Mapped {/api/sales/:id/void, PATCH} (version: 1) route
2026-07-28 12:31:27 [info]: Mapped {/api/sales/:id/send-whatsapp, POST} (version: 1) route
2026-07-28 12:31:27 [info]: Mapped {/api/sales/:id/resend-sunat, POST} (version: 1) route
2026-07-28 12:31:27 [info]: CompanySettingsController {/api/company-settings} (version: 1):
2026-07-28 12:31:27 [info]: Mapped {/api/company-settings, GET} (version: 1) route
2026-07-28 12:31:27 [info]: Mapped {/api/company-settings, PUT} (version: 1) route
2026-07-28 12:31:27 [info]: Mapped {/api/company-settings/logo, POST} (version: 1) route
2026-07-28 12:31:27 [info]: Mapped {/api/company-settings/register-sunat-api, POST} (version: 1) route
2026-07-28 12:31:27 [info]: PurchaseOrderController {/api/purchase-orders} (version: 1):
2026-07-28 12:31:27 [info]: Mapped {/api/purchase-orders, GET} (version: 1) route
2026-07-28 12:31:27 [info]: Mapped {/api/purchase-orders/:id, GET} (version: 1) route
2026-07-28 12:31:27 [info]: Mapped {/api/purchase-orders, POST} (version: 1) route
2026-07-28 12:31:27 [info]: Mapped {/api/purchase-orders/:id/receive, PATCH} (version: 1) route
2026-07-28 12:31:27 [info]: Mapped {/api/purchase-orders/:id/cancel, PATCH} (version: 1) route
2026-07-28 12:31:27 [info]: EstablishmentsController {/api/establishments} (version: 1):
2026-07-28 12:31:27 [info]: Mapped {/api/establishments, GET} (version: 1) route
2026-07-28 12:31:27 [info]: Mapped {/api/establishments, POST} (version: 1) route
2026-07-28 12:31:27 [info]: Mapped {/api/establishments/series, GET} (version: 1) route
2026-07-28 12:31:27 [info]: Mapped {/api/establishments/series, POST} (version: 1) route
2026-07-28 12:31:27 [info]: Facturación electrónica: Adaptador inicializado.
2026-07-28 12:31:27 [info]: Facturación electrónica: Adaptador inicializado.
2026-07-28 12:31:27 [info]: Nest application successfully started
2026-07-28 12:31:45 [info]: Starting Nest application...
2026-07-28 12:31:45 [info]: AppModule dependencies initialized
2026-07-28 12:31:45 [info]: TypeOrmModule dependencies initialized
2026-07-28 12:31:45 [info]: PassportModule dependencies initialized
2026-07-28 12:31:45 [info]: ConfigHostModule dependencies initialized
2026-07-28 12:31:45 [info]: WinstonModule dependencies initialized
2026-07-28 12:31:45 [info]: HealthModule dependencies initialized
2026-07-28 12:31:45 [info]: HttpModule dependencies initialized
2026-07-28 12:31:45 [info]: DiscoveryModule dependencies initialized
2026-07-28 12:31:45 [info]: ConfigModule dependencies initialized
2026-07-28 12:31:45 [info]: ConfigModule dependencies initialized
2026-07-28 12:31:45 [info]: EventEmitterModule dependencies initialized
2026-07-28 12:31:45 [info]: ScheduleModule dependencies initialized
2026-07-28 12:31:45 [info]: JwtModule dependencies initialized
2026-07-28 12:31:45 [info]: TypeOrmCoreModule dependencies initialized
2026-07-28 12:31:45 [info]: TypeOrmModule dependencies initialized
2026-07-28 12:31:45 [info]: TypeOrmModule dependencies initialized
2026-07-28 12:31:45 [info]: TypeOrmModule dependencies initialized
2026-07-28 12:31:45 [info]: TypeOrmModule dependencies initialized
2026-07-28 12:31:45 [info]: TypeOrmModule dependencies initialized
2026-07-28 12:31:45 [info]: TypeOrmModule dependencies initialized
2026-07-28 12:31:45 [info]: TypeOrmModule dependencies initialized
2026-07-28 12:31:45 [info]: TypeOrmModule dependencies initialized
2026-07-28 12:31:45 [info]: TypeOrmModule dependencies initialized
2026-07-28 12:31:45 [info]: TypeOrmModule dependencies initialized
2026-07-28 12:31:45 [info]: CategoryModule dependencies initialized
2026-07-28 12:31:45 [info]: SupplierModule dependencies initialized
2026-07-28 12:31:45 [info]: CustomerModule dependencies initialized
2026-07-28 12:31:45 [info]: AuthModule dependencies initialized
2026-07-28 12:31:45 [info]: EstablishmentsModule dependencies initialized
2026-07-28 12:31:45 [info]: UserModule dependencies initialized
2026-07-28 12:31:45 [info]: ProductModule dependencies initialized
2026-07-28 12:31:45 [info]: PurchaseOrderModule dependencies initialized
2026-07-28 12:31:45 [info]: CompanySettingsModule dependencies initialized
2026-07-28 12:31:45 [info]: SaleModule dependencies initialized
2026-07-28 12:31:45 [info]: AuthController {/api/auth} (version: 1):
2026-07-28 12:31:45 [info]: Mapped {/api/auth/login, POST} (version: 1) route
2026-07-28 12:31:45 [info]: Mapped {/api/auth/status, GET} (version: 1) route
2026-07-28 12:31:45 [info]: UserController {/api/users} (version: 1):
2026-07-28 12:31:45 [info]: Mapped {/api/users, GET} (version: 1) route
2026-07-28 12:31:45 [info]: Mapped {/api/users/:id, GET} (version: 1) route
2026-07-28 12:31:45 [info]: Mapped {/api/users, POST} (version: 1) route
2026-07-28 12:31:45 [info]: Mapped {/api/users/:id, PUT} (version: 1) route
2026-07-28 12:31:45 [info]: Mapped {/api/users/:id, DELETE} (version: 1) route
2026-07-28 12:31:45 [info]: HealthController {/api/health} (version: 1):
2026-07-28 12:31:45 [info]: Mapped {/api/health, GET} (version: 1) route
2026-07-28 12:31:45 [info]: CategoryController {/api/categories} (version: 1):
2026-07-28 12:31:45 [info]: Mapped {/api/categories, GET} (version: 1) route
2026-07-28 12:31:45 [info]: Mapped {/api/categories/:id, GET} (version: 1) route
2026-07-28 12:31:45 [info]: Mapped {/api/categories, POST} (version: 1) route
2026-07-28 12:31:45 [info]: Mapped {/api/categories/:id, PUT} (version: 1) route
2026-07-28 12:31:45 [info]: Mapped {/api/categories/:id, DELETE} (version: 1) route
2026-07-28 12:31:45 [info]: SupplierController {/api/suppliers} (version: 1):
2026-07-28 12:31:45 [info]: Mapped {/api/suppliers, GET} (version: 1) route
2026-07-28 12:31:45 [info]: Mapped {/api/suppliers/:id, GET} (version: 1) route
2026-07-28 12:31:45 [info]: Mapped {/api/suppliers, POST} (version: 1) route
2026-07-28 12:31:45 [info]: Mapped {/api/suppliers/:id, PUT} (version: 1) route
2026-07-28 12:31:45 [info]: Mapped {/api/suppliers/:id, DELETE} (version: 1) route
2026-07-28 12:31:45 [info]: ProductController {/api/products} (version: 1):
2026-07-28 12:31:45 [info]: Mapped {/api/products, GET} (version: 1) route
2026-07-28 12:31:45 [info]: Mapped {/api/products/low-stock, GET} (version: 1) route
2026-07-28 12:31:45 [info]: Mapped {/api/products/excel/template, GET} (version: 1) route
2026-07-28 12:31:45 [info]: Mapped {/api/products/excel/import, POST} (version: 1) route
2026-07-28 12:31:45 [info]: Mapped {/api/products/barcode/:barcode, GET} (version: 1) route
2026-07-28 12:31:45 [info]: Mapped {/api/products/:id, GET} (version: 1) route
2026-07-28 12:31:45 [info]: Mapped {/api/products, POST} (version: 1) route
2026-07-28 12:31:45 [info]: Mapped {/api/products/:id, PUT} (version: 1) route
2026-07-28 12:31:45 [info]: Mapped {/api/products/:id, DELETE} (version: 1) route
2026-07-28 12:31:45 [info]: Mapped {/api/products/:id/batches, GET} (version: 1) route
2026-07-28 12:31:45 [info]: Mapped {/api/products/:id/stock/add, PATCH} (version: 1) route
2026-07-28 12:31:45 [info]: Mapped {/api/products/:id/stock/subtract, PATCH} (version: 1) route
2026-07-28 12:31:45 [info]: CustomerController {/api/customers} (version: 1):
2026-07-28 12:31:45 [info]: Mapped {/api/customers, GET} (version: 1) route
2026-07-28 12:31:45 [info]: Mapped {/api/customers/lookup/:doc, GET} (version: 1) route
2026-07-28 12:31:45 [info]: Mapped {/api/customers/:id, GET} (version: 1) route
2026-07-28 12:31:45 [info]: Mapped {/api/customers, POST} (version: 1) route
2026-07-28 12:31:45 [info]: Mapped {/api/customers/:id, PUT} (version: 1) route
2026-07-28 12:31:45 [info]: Mapped {/api/customers/:id, DELETE} (version: 1) route
2026-07-28 12:31:45 [info]: SaleController {/api/sales} (version: 1):
2026-07-28 12:31:45 [info]: Mapped {/api/sales, GET} (version: 1) route
2026-07-28 12:31:45 [info]: Mapped {/api/sales/summary, GET} (version: 1) route
2026-07-28 12:31:45 [info]: Mapped {/api/sales/comprobante/pdf/:token, GET} (version: 1) route
2026-07-28 12:31:45 [info]: Mapped {/api/sales/:id/pdf-token, GET} (version: 1) route
2026-07-28 12:31:45 [info]: Mapped {/api/sales/:id/pdf, GET} (version: 1) route
2026-07-28 12:31:45 [info]: Mapped {/api/sales/:id, GET} (version: 1) route
2026-07-28 12:31:45 [info]: Mapped {/api/sales, POST} (version: 1) route
2026-07-28 12:31:45 [info]: Mapped {/api/sales/credit-note, POST} (version: 1) route
2026-07-28 12:31:45 [info]: Mapped {/api/sales/:id/void, PATCH} (version: 1) route
2026-07-28 12:31:45 [info]: Mapped {/api/sales/:id/send-whatsapp, POST} (version: 1) route
2026-07-28 12:31:45 [info]: Mapped {/api/sales/:id/resend-sunat, POST} (version: 1) route
2026-07-28 12:31:45 [info]: CompanySettingsController {/api/company-settings} (version: 1):
2026-07-28 12:31:45 [info]: Mapped {/api/company-settings, GET} (version: 1) route
2026-07-28 12:31:45 [info]: Mapped {/api/company-settings, PUT} (version: 1) route
2026-07-28 12:31:45 [info]: Mapped {/api/company-settings/logo, POST} (version: 1) route
2026-07-28 12:31:45 [info]: Mapped {/api/company-settings/register-sunat-api, POST} (version: 1) route
2026-07-28 12:31:45 [info]: PurchaseOrderController {/api/purchase-orders} (version: 1):
2026-07-28 12:31:45 [info]: Mapped {/api/purchase-orders, GET} (version: 1) route
2026-07-28 12:31:45 [info]: Mapped {/api/purchase-orders/:id, GET} (version: 1) route
2026-07-28 12:31:45 [info]: Mapped {/api/purchase-orders, POST} (version: 1) route
2026-07-28 12:31:45 [info]: Mapped {/api/purchase-orders/:id/receive, PATCH} (version: 1) route
2026-07-28 12:31:45 [info]: Mapped {/api/purchase-orders/:id/cancel, PATCH} (version: 1) route
2026-07-28 12:31:45 [info]: EstablishmentsController {/api/establishments} (version: 1):
2026-07-28 12:31:45 [info]: Mapped {/api/establishments, GET} (version: 1) route
2026-07-28 12:31:45 [info]: Mapped {/api/establishments, POST} (version: 1) route
2026-07-28 12:31:45 [info]: Mapped {/api/establishments/series, GET} (version: 1) route
2026-07-28 12:31:45 [info]: Mapped {/api/establishments/series, POST} (version: 1) route
2026-07-28 12:31:45 [info]: Facturación electrónica: Adaptador inicializado.
2026-07-28 12:31:45 [info]: Facturación electrónica: Adaptador inicializado.
2026-07-28 12:31:45 [info]: Nest application successfully started
2026-07-28 12:32:03 [info]: Starting Nest application...
2026-07-28 12:32:03 [info]: AppModule dependencies initialized
2026-07-28 12:32:03 [info]: TypeOrmModule dependencies initialized
2026-07-28 12:32:03 [info]: PassportModule dependencies initialized
2026-07-28 12:32:03 [info]: ConfigHostModule dependencies initialized
2026-07-28 12:32:03 [info]: WinstonModule dependencies initialized
2026-07-28 12:32:03 [info]: HealthModule dependencies initialized
2026-07-28 12:32:03 [info]: HttpModule dependencies initialized
2026-07-28 12:32:03 [info]: DiscoveryModule dependencies initialized
2026-07-28 12:32:03 [info]: ConfigModule dependencies initialized
2026-07-28 12:32:03 [info]: ConfigModule dependencies initialized
2026-07-28 12:32:03 [info]: EventEmitterModule dependencies initialized
2026-07-28 12:32:03 [info]: ScheduleModule dependencies initialized
2026-07-28 12:32:03 [info]: JwtModule dependencies initialized
2026-07-28 12:32:03 [info]: TypeOrmCoreModule dependencies initialized
2026-07-28 12:32:03 [info]: TypeOrmModule dependencies initialized
2026-07-28 12:32:03 [info]: TypeOrmModule dependencies initialized
2026-07-28 12:32:03 [info]: TypeOrmModule dependencies initialized
2026-07-28 12:32:03 [info]: TypeOrmModule dependencies initialized
2026-07-28 12:32:03 [info]: TypeOrmModule dependencies initialized
2026-07-28 12:32:03 [info]: TypeOrmModule dependencies initialized
2026-07-28 12:32:03 [info]: TypeOrmModule dependencies initialized
2026-07-28 12:32:03 [info]: TypeOrmModule dependencies initialized
2026-07-28 12:32:03 [info]: TypeOrmModule dependencies initialized
2026-07-28 12:32:03 [info]: TypeOrmModule dependencies initialized
2026-07-28 12:32:03 [info]: TypeOrmModule dependencies initialized
2026-07-28 12:32:03 [info]: CategoryModule dependencies initialized
2026-07-28 12:32:03 [info]: SupplierModule dependencies initialized
2026-07-28 12:32:03 [info]: CustomerModule dependencies initialized
2026-07-28 12:32:03 [info]: AuthModule dependencies initialized
2026-07-28 12:32:03 [info]: EstablishmentsModule dependencies initialized
2026-07-28 12:32:03 [info]: UserModule dependencies initialized
2026-07-28 12:32:03 [info]: ProductModule dependencies initialized
2026-07-28 12:32:03 [info]: PurchaseOrderModule dependencies initialized
2026-07-28 12:32:03 [info]: CompanySettingsModule dependencies initialized
2026-07-28 12:32:03 [info]: SaleModule dependencies initialized
2026-07-28 12:32:03 [info]: CashModule dependencies initialized
2026-07-28 12:32:03 [info]: AuthController {/api/auth} (version: 1):
2026-07-28 12:32:03 [info]: Mapped {/api/auth/login, POST} (version: 1) route
2026-07-28 12:32:03 [info]: Mapped {/api/auth/status, GET} (version: 1) route
2026-07-28 12:32:03 [info]: UserController {/api/users} (version: 1):
2026-07-28 12:32:03 [info]: Mapped {/api/users, GET} (version: 1) route
2026-07-28 12:32:03 [info]: Mapped {/api/users/:id, GET} (version: 1) route
2026-07-28 12:32:03 [info]: Mapped {/api/users, POST} (version: 1) route
2026-07-28 12:32:03 [info]: Mapped {/api/users/:id, PUT} (version: 1) route
2026-07-28 12:32:03 [info]: Mapped {/api/users/:id, DELETE} (version: 1) route
2026-07-28 12:32:03 [info]: HealthController {/api/health} (version: 1):
2026-07-28 12:32:03 [info]: Mapped {/api/health, GET} (version: 1) route
2026-07-28 12:32:03 [info]: CategoryController {/api/categories} (version: 1):
2026-07-28 12:32:03 [info]: Mapped {/api/categories, GET} (version: 1) route
2026-07-28 12:32:03 [info]: Mapped {/api/categories/:id, GET} (version: 1) route
2026-07-28 12:32:03 [info]: Mapped {/api/categories, POST} (version: 1) route
2026-07-28 12:32:03 [info]: Mapped {/api/categories/:id, PUT} (version: 1) route
2026-07-28 12:32:03 [info]: Mapped {/api/categories/:id, DELETE} (version: 1) route
2026-07-28 12:32:03 [info]: SupplierController {/api/suppliers} (version: 1):
2026-07-28 12:32:03 [info]: Mapped {/api/suppliers, GET} (version: 1) route
2026-07-28 12:32:03 [info]: Mapped {/api/suppliers/:id, GET} (version: 1) route
2026-07-28 12:32:03 [info]: Mapped {/api/suppliers, POST} (version: 1) route
2026-07-28 12:32:03 [info]: Mapped {/api/suppliers/:id, PUT} (version: 1) route
2026-07-28 12:32:03 [info]: Mapped {/api/suppliers/:id, DELETE} (version: 1) route
2026-07-28 12:32:03 [info]: ProductController {/api/products} (version: 1):
2026-07-28 12:32:03 [info]: Mapped {/api/products, GET} (version: 1) route
2026-07-28 12:32:03 [info]: Mapped {/api/products/low-stock, GET} (version: 1) route
2026-07-28 12:32:03 [info]: Mapped {/api/products/excel/template, GET} (version: 1) route
2026-07-28 12:32:03 [info]: Mapped {/api/products/excel/import, POST} (version: 1) route
2026-07-28 12:32:03 [info]: Mapped {/api/products/barcode/:barcode, GET} (version: 1) route
2026-07-28 12:32:03 [info]: Mapped {/api/products/:id, GET} (version: 1) route
2026-07-28 12:32:03 [info]: Mapped {/api/products, POST} (version: 1) route
2026-07-28 12:32:03 [info]: Mapped {/api/products/:id, PUT} (version: 1) route
2026-07-28 12:32:03 [info]: Mapped {/api/products/:id, DELETE} (version: 1) route
2026-07-28 12:32:03 [info]: Mapped {/api/products/:id/batches, GET} (version: 1) route
2026-07-28 12:32:03 [info]: Mapped {/api/products/:id/stock/add, PATCH} (version: 1) route
2026-07-28 12:32:03 [info]: Mapped {/api/products/:id/stock/subtract, PATCH} (version: 1) route
2026-07-28 12:32:03 [info]: CustomerController {/api/customers} (version: 1):
2026-07-28 12:32:03 [info]: Mapped {/api/customers, GET} (version: 1) route
2026-07-28 12:32:03 [info]: Mapped {/api/customers/lookup/:doc, GET} (version: 1) route
2026-07-28 12:32:03 [info]: Mapped {/api/customers/:id, GET} (version: 1) route
2026-07-28 12:32:03 [info]: Mapped {/api/customers, POST} (version: 1) route
2026-07-28 12:32:03 [info]: Mapped {/api/customers/:id, PUT} (version: 1) route
2026-07-28 12:32:03 [info]: Mapped {/api/customers/:id, DELETE} (version: 1) route
2026-07-28 12:32:03 [info]: SaleController {/api/sales} (version: 1):
2026-07-28 12:32:03 [info]: Mapped {/api/sales, GET} (version: 1) route
2026-07-28 12:32:03 [info]: Mapped {/api/sales/summary, GET} (version: 1) route
2026-07-28 12:32:03 [info]: Mapped {/api/sales/comprobante/pdf/:token, GET} (version: 1) route
2026-07-28 12:32:03 [info]: Mapped {/api/sales/:id/pdf-token, GET} (version: 1) route
2026-07-28 12:32:03 [info]: Mapped {/api/sales/:id/pdf, GET} (version: 1) route
2026-07-28 12:32:03 [info]: Mapped {/api/sales/:id, GET} (version: 1) route
2026-07-28 12:32:03 [info]: Mapped {/api/sales, POST} (version: 1) route
2026-07-28 12:32:03 [info]: Mapped {/api/sales/credit-note, POST} (version: 1) route
2026-07-28 12:32:03 [info]: Mapped {/api/sales/:id/void, PATCH} (version: 1) route
2026-07-28 12:32:03 [info]: Mapped {/api/sales/:id/send-whatsapp, POST} (version: 1) route
2026-07-28 12:32:03 [info]: Mapped {/api/sales/:id/resend-sunat, POST} (version: 1) route
2026-07-28 12:32:03 [info]: CompanySettingsController {/api/company-settings} (version: 1):
2026-07-28 12:32:03 [info]: Mapped {/api/company-settings, GET} (version: 1) route
2026-07-28 12:32:03 [info]: Mapped {/api/company-settings, PUT} (version: 1) route
2026-07-28 12:32:03 [info]: Mapped {/api/company-settings/logo, POST} (version: 1) route
2026-07-28 12:32:03 [info]: Mapped {/api/company-settings/register-sunat-api, POST} (version: 1) route
2026-07-28 12:32:03 [info]: PurchaseOrderController {/api/purchase-orders} (version: 1):
2026-07-28 12:32:03 [info]: Mapped {/api/purchase-orders, GET} (version: 1) route
2026-07-28 12:32:03 [info]: Mapped {/api/purchase-orders/:id, GET} (version: 1) route
2026-07-28 12:32:03 [info]: Mapped {/api/purchase-orders, POST} (version: 1) route
2026-07-28 12:32:03 [info]: Mapped {/api/purchase-orders/:id/receive, PATCH} (version: 1) route
2026-07-28 12:32:03 [info]: Mapped {/api/purchase-orders/:id/cancel, PATCH} (version: 1) route
2026-07-28 12:32:03 [info]: EstablishmentsController {/api/establishments} (version: 1):
2026-07-28 12:32:03 [info]: Mapped {/api/establishments, GET} (version: 1) route
2026-07-28 12:32:03 [info]: Mapped {/api/establishments, POST} (version: 1) route
2026-07-28 12:32:03 [info]: Mapped {/api/establishments/series, GET} (version: 1) route
2026-07-28 12:32:03 [info]: Mapped {/api/establishments/series, POST} (version: 1) route
2026-07-28 12:32:03 [info]: CashController {/api/caja} (version: 1):
2026-07-28 12:32:03 [info]: Mapped {/api/caja/abrir, POST} (version: 1) route
2026-07-28 12:32:03 [info]: Mapped {/api/caja/activa, GET} (version: 1) route
2026-07-28 12:32:03 [info]: Mapped {/api/caja/resumen, GET} (version: 1) route
2026-07-28 12:32:03 [info]: Mapped {/api/caja/movimiento, POST} (version: 1) route
2026-07-28 12:32:03 [info]: Mapped {/api/caja/cerrar, POST} (version: 1) route
2026-07-28 12:32:03 [info]: Mapped {/api/caja/historial, GET} (version: 1) route
2026-07-28 12:32:03 [info]: Mapped {/api/caja/sesion/:id, GET} (version: 1) route
2026-07-28 12:32:03 [info]: Facturación electrónica: Adaptador inicializado.
2026-07-28 12:32:03 [info]: Facturación electrónica: Adaptador inicializado.
2026-07-28 12:32:03 [info]: Nest application successfully started
2026-07-28 12:32:27 [info]: Starting Nest application...
2026-07-28 12:32:27 [info]: AppModule dependencies initialized
2026-07-28 12:32:27 [info]: TypeOrmModule dependencies initialized
2026-07-28 12:32:27 [info]: PassportModule dependencies initialized
2026-07-28 12:32:27 [info]: ConfigHostModule dependencies initialized
2026-07-28 12:32:27 [info]: WinstonModule dependencies initialized
2026-07-28 12:32:27 [info]: HealthModule dependencies initialized
2026-07-28 12:32:27 [info]: HttpModule dependencies initialized
2026-07-28 12:32:27 [info]: DiscoveryModule dependencies initialized
2026-07-28 12:32:27 [info]: ConfigModule dependencies initialized
2026-07-28 12:32:27 [info]: ConfigModule dependencies initialized
2026-07-28 12:32:27 [info]: EventEmitterModule dependencies initialized
2026-07-28 12:32:27 [info]: ScheduleModule dependencies initialized
2026-07-28 12:32:27 [info]: JwtModule dependencies initialized
2026-07-28 12:32:27 [info]: TypeOrmCoreModule dependencies initialized
2026-07-28 12:32:27 [info]: TypeOrmModule dependencies initialized
2026-07-28 12:32:27 [info]: TypeOrmModule dependencies initialized
2026-07-28 12:32:27 [info]: TypeOrmModule dependencies initialized
2026-07-28 12:32:27 [info]: TypeOrmModule dependencies initialized
2026-07-28 12:32:27 [info]: TypeOrmModule dependencies initialized
2026-07-28 12:32:27 [info]: TypeOrmModule dependencies initialized
2026-07-28 12:32:27 [info]: TypeOrmModule dependencies initialized
2026-07-28 12:32:27 [info]: TypeOrmModule dependencies initialized
2026-07-28 12:32:27 [info]: TypeOrmModule dependencies initialized
2026-07-28 12:32:27 [info]: TypeOrmModule dependencies initialized
2026-07-28 12:32:27 [info]: TypeOrmModule dependencies initialized
2026-07-28 12:32:27 [info]: CategoryModule dependencies initialized
2026-07-28 12:32:27 [info]: SupplierModule dependencies initialized
2026-07-28 12:32:27 [info]: CustomerModule dependencies initialized
2026-07-28 12:32:27 [info]: AuthModule dependencies initialized
2026-07-28 12:32:27 [info]: EstablishmentsModule dependencies initialized
2026-07-28 12:32:27 [info]: UserModule dependencies initialized
2026-07-28 12:32:27 [info]: ProductModule dependencies initialized
2026-07-28 12:32:27 [info]: PurchaseOrderModule dependencies initialized
2026-07-28 12:32:27 [info]: CompanySettingsModule dependencies initialized
2026-07-28 12:32:27 [info]: SaleModule dependencies initialized
2026-07-28 12:32:27 [info]: CashModule dependencies initialized
2026-07-28 12:32:27 [info]: AuthController {/api/auth} (version: 1):
2026-07-28 12:32:27 [info]: Mapped {/api/auth/login, POST} (version: 1) route
2026-07-28 12:32:27 [info]: Mapped {/api/auth/status, GET} (version: 1) route
2026-07-28 12:32:27 [info]: UserController {/api/users} (version: 1):
2026-07-28 12:32:27 [info]: Mapped {/api/users, GET} (version: 1) route
2026-07-28 12:32:27 [info]: Mapped {/api/users/:id, GET} (version: 1) route
2026-07-28 12:32:27 [info]: Mapped {/api/users, POST} (version: 1) route
2026-07-28 12:32:27 [info]: Mapped {/api/users/:id, PUT} (version: 1) route
2026-07-28 12:32:27 [info]: Mapped {/api/users/:id, DELETE} (version: 1) route
2026-07-28 12:32:27 [info]: HealthController {/api/health} (version: 1):
2026-07-28 12:32:27 [info]: Mapped {/api/health, GET} (version: 1) route
2026-07-28 12:32:27 [info]: CategoryController {/api/categories} (version: 1):
2026-07-28 12:32:27 [info]: Mapped {/api/categories, GET} (version: 1) route
2026-07-28 12:32:27 [info]: Mapped {/api/categories/:id, GET} (version: 1) route
2026-07-28 12:32:27 [info]: Mapped {/api/categories, POST} (version: 1) route
2026-07-28 12:32:27 [info]: Mapped {/api/categories/:id, PUT} (version: 1) route
2026-07-28 12:32:27 [info]: Mapped {/api/categories/:id, DELETE} (version: 1) route
2026-07-28 12:32:27 [info]: SupplierController {/api/suppliers} (version: 1):
2026-07-28 12:32:27 [info]: Mapped {/api/suppliers, GET} (version: 1) route
2026-07-28 12:32:27 [info]: Mapped {/api/suppliers/:id, GET} (version: 1) route
2026-07-28 12:32:27 [info]: Mapped {/api/suppliers, POST} (version: 1) route
2026-07-28 12:32:27 [info]: Mapped {/api/suppliers/:id, PUT} (version: 1) route
2026-07-28 12:32:27 [info]: Mapped {/api/suppliers/:id, DELETE} (version: 1) route
2026-07-28 12:32:27 [info]: ProductController {/api/products} (version: 1):
2026-07-28 12:32:27 [info]: Mapped {/api/products, GET} (version: 1) route
2026-07-28 12:32:27 [info]: Mapped {/api/products/low-stock, GET} (version: 1) route
2026-07-28 12:32:27 [info]: Mapped {/api/products/excel/template, GET} (version: 1) route
2026-07-28 12:32:27 [info]: Mapped {/api/products/excel/import, POST} (version: 1) route
2026-07-28 12:32:27 [info]: Mapped {/api/products/barcode/:barcode, GET} (version: 1) route
2026-07-28 12:32:27 [info]: Mapped {/api/products/:id, GET} (version: 1) route
2026-07-28 12:32:27 [info]: Mapped {/api/products, POST} (version: 1) route
2026-07-28 12:32:27 [info]: Mapped {/api/products/:id, PUT} (version: 1) route
2026-07-28 12:32:27 [info]: Mapped {/api/products/:id, DELETE} (version: 1) route
2026-07-28 12:32:27 [info]: Mapped {/api/products/:id/batches, GET} (version: 1) route
2026-07-28 12:32:27 [info]: Mapped {/api/products/:id/stock/add, PATCH} (version: 1) route
2026-07-28 12:32:27 [info]: Mapped {/api/products/:id/stock/subtract, PATCH} (version: 1) route
2026-07-28 12:32:27 [info]: CustomerController {/api/customers} (version: 1):
2026-07-28 12:32:27 [info]: Mapped {/api/customers, GET} (version: 1) route
2026-07-28 12:32:27 [info]: Mapped {/api/customers/lookup/:doc, GET} (version: 1) route
2026-07-28 12:32:27 [info]: Mapped {/api/customers/:id, GET} (version: 1) route
2026-07-28 12:32:27 [info]: Mapped {/api/customers, POST} (version: 1) route
2026-07-28 12:32:27 [info]: Mapped {/api/customers/:id, PUT} (version: 1) route
2026-07-28 12:32:27 [info]: Mapped {/api/customers/:id, DELETE} (version: 1) route
2026-07-28 12:32:27 [info]: SaleController {/api/sales} (version: 1):
2026-07-28 12:32:27 [info]: Mapped {/api/sales, GET} (version: 1) route
2026-07-28 12:32:27 [info]: Mapped {/api/sales/summary, GET} (version: 1) route
2026-07-28 12:32:27 [info]: Mapped {/api/sales/comprobante/pdf/:token, GET} (version: 1) route
2026-07-28 12:32:27 [info]: Mapped {/api/sales/:id/pdf-token, GET} (version: 1) route
2026-07-28 12:32:27 [info]: Mapped {/api/sales/:id/pdf, GET} (version: 1) route
2026-07-28 12:32:27 [info]: Mapped {/api/sales/:id, GET} (version: 1) route
2026-07-28 12:32:27 [info]: Mapped {/api/sales, POST} (version: 1) route
2026-07-28 12:32:27 [info]: Mapped {/api/sales/credit-note, POST} (version: 1) route
2026-07-28 12:32:27 [info]: Mapped {/api/sales/:id/void, PATCH} (version: 1) route
2026-07-28 12:32:27 [info]: Mapped {/api/sales/:id/send-whatsapp, POST} (version: 1) route
2026-07-28 12:32:27 [info]: Mapped {/api/sales/:id/resend-sunat, POST} (version: 1) route
2026-07-28 12:32:27 [info]: CompanySettingsController {/api/company-settings} (version: 1):
2026-07-28 12:32:27 [info]: Mapped {/api/company-settings, GET} (version: 1) route
2026-07-28 12:32:27 [info]: Mapped {/api/company-settings, PUT} (version: 1) route
2026-07-28 12:32:27 [info]: Mapped {/api/company-settings/logo, POST} (version: 1) route
2026-07-28 12:32:27 [info]: Mapped {/api/company-settings/register-sunat-api, POST} (version: 1) route
2026-07-28 12:32:27 [info]: PurchaseOrderController {/api/purchase-orders} (version: 1):
2026-07-28 12:32:27 [info]: Mapped {/api/purchase-orders, GET} (version: 1) route
2026-07-28 12:32:27 [info]: Mapped {/api/purchase-orders/:id, GET} (version: 1) route
2026-07-28 12:32:27 [info]: Mapped {/api/purchase-orders, POST} (version: 1) route
2026-07-28 12:32:27 [info]: Mapped {/api/purchase-orders/:id/receive, PATCH} (version: 1) route
2026-07-28 12:32:27 [info]: Mapped {/api/purchase-orders/:id/cancel, PATCH} (version: 1) route
2026-07-28 12:32:27 [info]: EstablishmentsController {/api/establishments} (version: 1):
2026-07-28 12:32:27 [info]: Mapped {/api/establishments, GET} (version: 1) route
2026-07-28 12:32:27 [info]: Mapped {/api/establishments, POST} (version: 1) route
2026-07-28 12:32:27 [info]: Mapped {/api/establishments/series, GET} (version: 1) route
2026-07-28 12:32:27 [info]: Mapped {/api/establishments/series, POST} (version: 1) route
2026-07-28 12:32:27 [info]: CashController {/api/caja} (version: 1):
2026-07-28 12:32:27 [info]: Mapped {/api/caja/abrir, POST} (version: 1) route
2026-07-28 12:32:27 [info]: Mapped {/api/caja/activa, GET} (version: 1) route
2026-07-28 12:32:27 [info]: Mapped {/api/caja/resumen, GET} (version: 1) route
2026-07-28 12:32:27 [info]: Mapped {/api/caja/movimiento, POST} (version: 1) route
2026-07-28 12:32:27 [info]: Mapped {/api/caja/cerrar, POST} (version: 1) route
2026-07-28 12:32:27 [info]: Mapped {/api/caja/historial, GET} (version: 1) route
2026-07-28 12:32:27 [info]: Mapped {/api/caja/sesion/:id, GET} (version: 1) route
2026-07-28 12:32:27 [info]: Facturación electrónica: Adaptador inicializado.
2026-07-28 12:32:27 [info]: Facturación electrónica: Adaptador inicializado.
2026-07-28 12:32:27 [info]: Nest application successfully started
2026-07-28 12:33:05 [info]: Starting Nest application...
2026-07-28 12:33:05 [info]: AppModule dependencies initialized
2026-07-28 12:33:05 [info]: TypeOrmModule dependencies initialized
2026-07-28 12:33:05 [info]: PassportModule dependencies initialized
2026-07-28 12:33:05 [info]: ConfigHostModule dependencies initialized
2026-07-28 12:33:05 [info]: WinstonModule dependencies initialized
2026-07-28 12:33:05 [info]: HealthModule dependencies initialized
2026-07-28 12:33:05 [info]: HttpModule dependencies initialized
2026-07-28 12:33:05 [info]: DiscoveryModule dependencies initialized
2026-07-28 12:33:05 [info]: ConfigModule dependencies initialized
2026-07-28 12:33:05 [info]: ConfigModule dependencies initialized
2026-07-28 12:33:05 [info]: EventEmitterModule dependencies initialized
2026-07-28 12:33:05 [info]: ScheduleModule dependencies initialized
2026-07-28 12:33:05 [info]: JwtModule dependencies initialized
2026-07-28 12:33:05 [info]: TypeOrmCoreModule dependencies initialized
2026-07-28 12:33:05 [info]: TypeOrmModule dependencies initialized
2026-07-28 12:33:05 [info]: TypeOrmModule dependencies initialized
2026-07-28 12:33:05 [info]: TypeOrmModule dependencies initialized
2026-07-28 12:33:05 [info]: TypeOrmModule dependencies initialized
2026-07-28 12:33:05 [info]: TypeOrmModule dependencies initialized
2026-07-28 12:33:05 [info]: TypeOrmModule dependencies initialized
2026-07-28 12:33:05 [info]: TypeOrmModule dependencies initialized
2026-07-28 12:33:05 [info]: TypeOrmModule dependencies initialized
2026-07-28 12:33:05 [info]: TypeOrmModule dependencies initialized
2026-07-28 12:33:05 [info]: TypeOrmModule dependencies initialized
2026-07-28 12:33:05 [info]: TypeOrmModule dependencies initialized
2026-07-28 12:33:05 [info]: CategoryModule dependencies initialized
2026-07-28 12:33:05 [info]: SupplierModule dependencies initialized
2026-07-28 12:33:05 [info]: CustomerModule dependencies initialized
2026-07-28 12:33:05 [info]: AuthModule dependencies initialized
2026-07-28 12:33:05 [info]: EstablishmentsModule dependencies initialized
2026-07-28 12:33:05 [info]: UserModule dependencies initialized
2026-07-28 12:33:05 [info]: ProductModule dependencies initialized
2026-07-28 12:33:05 [info]: PurchaseOrderModule dependencies initialized
2026-07-28 12:33:05 [info]: CompanySettingsModule dependencies initialized
2026-07-28 12:33:05 [info]: SaleModule dependencies initialized
2026-07-28 12:33:05 [info]: CashModule dependencies initialized
2026-07-28 12:33:05 [info]: AuthController {/api/auth} (version: 1):
2026-07-28 12:33:05 [info]: Mapped {/api/auth/login, POST} (version: 1) route
2026-07-28 12:33:05 [info]: Mapped {/api/auth/status, GET} (version: 1) route
2026-07-28 12:33:05 [info]: UserController {/api/users} (version: 1):
2026-07-28 12:33:05 [info]: Mapped {/api/users, GET} (version: 1) route
2026-07-28 12:33:05 [info]: Mapped {/api/users/:id, GET} (version: 1) route
2026-07-28 12:33:05 [info]: Mapped {/api/users, POST} (version: 1) route
2026-07-28 12:33:05 [info]: Mapped {/api/users/:id, PUT} (version: 1) route
2026-07-28 12:33:05 [info]: Mapped {/api/users/:id, DELETE} (version: 1) route
2026-07-28 12:33:05 [info]: HealthController {/api/health} (version: 1):
2026-07-28 12:33:05 [info]: Mapped {/api/health, GET} (version: 1) route
2026-07-28 12:33:05 [info]: CategoryController {/api/categories} (version: 1):
2026-07-28 12:33:05 [info]: Mapped {/api/categories, GET} (version: 1) route
2026-07-28 12:33:05 [info]: Mapped {/api/categories/:id, GET} (version: 1) route
2026-07-28 12:33:05 [info]: Mapped {/api/categories, POST} (version: 1) route
2026-07-28 12:33:05 [info]: Mapped {/api/categories/:id, PUT} (version: 1) route
2026-07-28 12:33:05 [info]: Mapped {/api/categories/:id, DELETE} (version: 1) route
2026-07-28 12:33:05 [info]: SupplierController {/api/suppliers} (version: 1):
2026-07-28 12:33:05 [info]: Mapped {/api/suppliers, GET} (version: 1) route
2026-07-28 12:33:05 [info]: Mapped {/api/suppliers/:id, GET} (version: 1) route
2026-07-28 12:33:05 [info]: Mapped {/api/suppliers, POST} (version: 1) route
2026-07-28 12:33:05 [info]: Mapped {/api/suppliers/:id, PUT} (version: 1) route
2026-07-28 12:33:05 [info]: Mapped {/api/suppliers/:id, DELETE} (version: 1) route
2026-07-28 12:33:05 [info]: ProductController {/api/products} (version: 1):
2026-07-28 12:33:05 [info]: Mapped {/api/products, GET} (version: 1) route
2026-07-28 12:33:05 [info]: Mapped {/api/products/low-stock, GET} (version: 1) route
2026-07-28 12:33:05 [info]: Mapped {/api/products/excel/template, GET} (version: 1) route
2026-07-28 12:33:05 [info]: Mapped {/api/products/excel/import, POST} (version: 1) route
2026-07-28 12:33:05 [info]: Mapped {/api/products/barcode/:barcode, GET} (version: 1) route
2026-07-28 12:33:05 [info]: Mapped {/api/products/:id, GET} (version: 1) route
2026-07-28 12:33:05 [info]: Mapped {/api/products, POST} (version: 1) route
2026-07-28 12:33:05 [info]: Mapped {/api/products/:id, PUT} (version: 1) route
2026-07-28 12:33:05 [info]: Mapped {/api/products/:id, DELETE} (version: 1) route
2026-07-28 12:33:05 [info]: Mapped {/api/products/:id/batches, GET} (version: 1) route
2026-07-28 12:33:05 [info]: Mapped {/api/products/:id/stock/add, PATCH} (version: 1) route
2026-07-28 12:33:05 [info]: Mapped {/api/products/:id/stock/subtract, PATCH} (version: 1) route
2026-07-28 12:33:05 [info]: CustomerController {/api/customers} (version: 1):
2026-07-28 12:33:05 [info]: Mapped {/api/customers, GET} (version: 1) route
2026-07-28 12:33:05 [info]: Mapped {/api/customers/lookup/:doc, GET} (version: 1) route
2026-07-28 12:33:05 [info]: Mapped {/api/customers/:id, GET} (version: 1) route
2026-07-28 12:33:05 [info]: Mapped {/api/customers, POST} (version: 1) route
2026-07-28 12:33:05 [info]: Mapped {/api/customers/:id, PUT} (version: 1) route
2026-07-28 12:33:05 [info]: Mapped {/api/customers/:id, DELETE} (version: 1) route
2026-07-28 12:33:05 [info]: SaleController {/api/sales} (version: 1):
2026-07-28 12:33:05 [info]: Mapped {/api/sales, GET} (version: 1) route
2026-07-28 12:33:05 [info]: Mapped {/api/sales/summary, GET} (version: 1) route
2026-07-28 12:33:05 [info]: Mapped {/api/sales/comprobante/pdf/:token, GET} (version: 1) route
2026-07-28 12:33:05 [info]: Mapped {/api/sales/:id/pdf-token, GET} (version: 1) route
2026-07-28 12:33:05 [info]: Mapped {/api/sales/:id/pdf, GET} (version: 1) route
2026-07-28 12:33:05 [info]: Mapped {/api/sales/:id, GET} (version: 1) route
2026-07-28 12:33:05 [info]: Mapped {/api/sales, POST} (version: 1) route
2026-07-28 12:33:05 [info]: Mapped {/api/sales/credit-note, POST} (version: 1) route
2026-07-28 12:33:05 [info]: Mapped {/api/sales/:id/void, PATCH} (version: 1) route
2026-07-28 12:33:05 [info]: Mapped {/api/sales/:id/send-whatsapp, POST} (version: 1) route
2026-07-28 12:33:05 [info]: Mapped {/api/sales/:id/resend-sunat, POST} (version: 1) route
2026-07-28 12:33:05 [info]: CompanySettingsController {/api/company-settings} (version: 1):
2026-07-28 12:33:05 [info]: Mapped {/api/company-settings, GET} (version: 1) route
2026-07-28 12:33:05 [info]: Mapped {/api/company-settings, PUT} (version: 1) route
2026-07-28 12:33:05 [info]: Mapped {/api/company-settings/logo, POST} (version: 1) route
2026-07-28 12:33:05 [info]: Mapped {/api/company-settings/register-sunat-api, POST} (version: 1) route
2026-07-28 12:33:05 [info]: PurchaseOrderController {/api/purchase-orders} (version: 1):
2026-07-28 12:33:05 [info]: Mapped {/api/purchase-orders, GET} (version: 1) route
2026-07-28 12:33:05 [info]: Mapped {/api/purchase-orders/:id, GET} (version: 1) route
2026-07-28 12:33:05 [info]: Mapped {/api/purchase-orders, POST} (version: 1) route
2026-07-28 12:33:05 [info]: Mapped {/api/purchase-orders/:id/receive, PATCH} (version: 1) route
2026-07-28 12:33:05 [info]: Mapped {/api/purchase-orders/:id/cancel, PATCH} (version: 1) route
2026-07-28 12:33:05 [info]: EstablishmentsController {/api/establishments} (version: 1):
2026-07-28 12:33:05 [info]: Mapped {/api/establishments, GET} (version: 1) route
2026-07-28 12:33:05 [info]: Mapped {/api/establishments, POST} (version: 1) route
2026-07-28 12:33:05 [info]: Mapped {/api/establishments/series, GET} (version: 1) route
2026-07-28 12:33:05 [info]: Mapped {/api/establishments/series, POST} (version: 1) route
2026-07-28 12:33:05 [info]: CashController {/api/caja} (version: 1):
2026-07-28 12:33:05 [info]: Mapped {/api/caja/abrir, POST} (version: 1) route
2026-07-28 12:33:05 [info]: Mapped {/api/caja/activa, GET} (version: 1) route
2026-07-28 12:33:05 [info]: Mapped {/api/caja/resumen, GET} (version: 1) route
2026-07-28 12:33:05 [info]: Mapped {/api/caja/movimiento, POST} (version: 1) route
2026-07-28 12:33:05 [info]: Mapped {/api/caja/cerrar, POST} (version: 1) route
2026-07-28 12:33:05 [info]: Mapped {/api/caja/historial, GET} (version: 1) route
2026-07-28 12:33:05 [info]: Mapped {/api/caja/sesion/:id, GET} (version: 1) route
2026-07-28 12:33:06 [info]: Facturación electrónica: Adaptador inicializado.
2026-07-28 12:33:06 [info]: Facturación electrónica: Adaptador inicializado.
2026-07-28 12:33:06 [info]: Nest application successfully started
2026-07-28 12:33:24 [info]: Starting Nest application...
2026-07-28 12:33:24 [info]: AppModule dependencies initialized
2026-07-28 12:33:24 [info]: TypeOrmModule dependencies initialized
2026-07-28 12:33:24 [info]: PassportModule dependencies initialized
2026-07-28 12:33:24 [info]: ConfigHostModule dependencies initialized
2026-07-28 12:33:24 [info]: WinstonModule dependencies initialized
2026-07-28 12:33:24 [info]: HealthModule dependencies initialized
2026-07-28 12:33:24 [info]: HttpModule dependencies initialized
2026-07-28 12:33:24 [info]: DiscoveryModule dependencies initialized
2026-07-28 12:33:24 [info]: ConfigModule dependencies initialized
2026-07-28 12:33:24 [info]: ConfigModule dependencies initialized
2026-07-28 12:33:24 [info]: EventEmitterModule dependencies initialized
2026-07-28 12:33:24 [info]: ScheduleModule dependencies initialized
2026-07-28 12:33:24 [info]: JwtModule dependencies initialized
2026-07-28 12:33:24 [info]: TypeOrmCoreModule dependencies initialized
2026-07-28 12:33:24 [info]: TypeOrmModule dependencies initialized
2026-07-28 12:33:24 [info]: TypeOrmModule dependencies initialized
2026-07-28 12:33:24 [info]: TypeOrmModule dependencies initialized
2026-07-28 12:33:24 [info]: TypeOrmModule dependencies initialized
2026-07-28 12:33:24 [info]: TypeOrmModule dependencies initialized
2026-07-28 12:33:24 [info]: TypeOrmModule dependencies initialized
2026-07-28 12:33:24 [info]: TypeOrmModule dependencies initialized
2026-07-28 12:33:24 [info]: TypeOrmModule dependencies initialized
2026-07-28 12:33:24 [info]: TypeOrmModule dependencies initialized
2026-07-28 12:33:24 [info]: TypeOrmModule dependencies initialized
2026-07-28 12:33:24 [info]: TypeOrmModule dependencies initialized
2026-07-28 12:33:24 [info]: CategoryModule dependencies initialized
2026-07-28 12:33:24 [info]: SupplierModule dependencies initialized
2026-07-28 12:33:24 [info]: CustomerModule dependencies initialized
2026-07-28 12:33:24 [info]: AuthModule dependencies initialized
2026-07-28 12:33:24 [info]: EstablishmentsModule dependencies initialized
2026-07-28 12:33:24 [info]: UserModule dependencies initialized
2026-07-28 12:33:24 [info]: ProductModule dependencies initialized
2026-07-28 12:33:24 [info]: PurchaseOrderModule dependencies initialized
2026-07-28 12:33:24 [info]: CompanySettingsModule dependencies initialized
2026-07-28 12:33:24 [info]: SaleModule dependencies initialized
2026-07-28 12:33:24 [info]: CashModule dependencies initialized
2026-07-28 12:33:24 [info]: AuthController {/api/auth} (version: 1):
2026-07-28 12:33:24 [info]: Mapped {/api/auth/login, POST} (version: 1) route
2026-07-28 12:33:24 [info]: Mapped {/api/auth/status, GET} (version: 1) route
2026-07-28 12:33:24 [info]: UserController {/api/users} (version: 1):
2026-07-28 12:33:24 [info]: Mapped {/api/users, GET} (version: 1) route
2026-07-28 12:33:24 [info]: Mapped {/api/users/:id, GET} (version: 1) route
2026-07-28 12:33:24 [info]: Mapped {/api/users, POST} (version: 1) route
2026-07-28 12:33:24 [info]: Mapped {/api/users/:id, PUT} (version: 1) route
2026-07-28 12:33:24 [info]: Mapped {/api/users/:id, DELETE} (version: 1) route
2026-07-28 12:33:24 [info]: HealthController {/api/health} (version: 1):
2026-07-28 12:33:24 [info]: Mapped {/api/health, GET} (version: 1) route
2026-07-28 12:33:24 [info]: CategoryController {/api/categories} (version: 1):
2026-07-28 12:33:24 [info]: Mapped {/api/categories, GET} (version: 1) route
2026-07-28 12:33:24 [info]: Mapped {/api/categories/:id, GET} (version: 1) route
2026-07-28 12:33:24 [info]: Mapped {/api/categories, POST} (version: 1) route
2026-07-28 12:33:24 [info]: Mapped {/api/categories/:id, PUT} (version: 1) route
2026-07-28 12:33:24 [info]: Mapped {/api/categories/:id, DELETE} (version: 1) route
2026-07-28 12:33:24 [info]: SupplierController {/api/suppliers} (version: 1):
2026-07-28 12:33:24 [info]: Mapped {/api/suppliers, GET} (version: 1) route
2026-07-28 12:33:24 [info]: Mapped {/api/suppliers/:id, GET} (version: 1) route
2026-07-28 12:33:24 [info]: Mapped {/api/suppliers, POST} (version: 1) route
2026-07-28 12:33:24 [info]: Mapped {/api/suppliers/:id, PUT} (version: 1) route
2026-07-28 12:33:24 [info]: Mapped {/api/suppliers/:id, DELETE} (version: 1) route
2026-07-28 12:33:24 [info]: ProductController {/api/products} (version: 1):
2026-07-28 12:33:24 [info]: Mapped {/api/products, GET} (version: 1) route
2026-07-28 12:33:24 [info]: Mapped {/api/products/low-stock, GET} (version: 1) route
2026-07-28 12:33:24 [info]: Mapped {/api/products/excel/template, GET} (version: 1) route
2026-07-28 12:33:24 [info]: Mapped {/api/products/excel/import, POST} (version: 1) route
2026-07-28 12:33:24 [info]: Mapped {/api/products/barcode/:barcode, GET} (version: 1) route
2026-07-28 12:33:24 [info]: Mapped {/api/products/:id, GET} (version: 1) route
2026-07-28 12:33:24 [info]: Mapped {/api/products, POST} (version: 1) route
2026-07-28 12:33:24 [info]: Mapped {/api/products/:id, PUT} (version: 1) route
2026-07-28 12:33:24 [info]: Mapped {/api/products/:id, DELETE} (version: 1) route
2026-07-28 12:33:24 [info]: Mapped {/api/products/:id/batches, GET} (version: 1) route
2026-07-28 12:33:24 [info]: Mapped {/api/products/:id/stock/add, PATCH} (version: 1) route
2026-07-28 12:33:24 [info]: Mapped {/api/products/:id/stock/subtract, PATCH} (version: 1) route
2026-07-28 12:33:24 [info]: CustomerController {/api/customers} (version: 1):
2026-07-28 12:33:24 [info]: Mapped {/api/customers, GET} (version: 1) route
2026-07-28 12:33:24 [info]: Mapped {/api/customers/lookup/:doc, GET} (version: 1) route
2026-07-28 12:33:24 [info]: Mapped {/api/customers/:id, GET} (version: 1) route
2026-07-28 12:33:24 [info]: Mapped {/api/customers, POST} (version: 1) route
2026-07-28 12:33:24 [info]: Mapped {/api/customers/:id, PUT} (version: 1) route
2026-07-28 12:33:24 [info]: Mapped {/api/customers/:id, DELETE} (version: 1) route
2026-07-28 12:33:24 [info]: SaleController {/api/sales} (version: 1):
2026-07-28 12:33:24 [info]: Mapped {/api/sales, GET} (version: 1) route
2026-07-28 12:33:24 [info]: Mapped {/api/sales/summary, GET} (version: 1) route
2026-07-28 12:33:24 [info]: Mapped {/api/sales/comprobante/pdf/:token, GET} (version: 1) route
2026-07-28 12:33:24 [info]: Mapped {/api/sales/:id/pdf-token, GET} (version: 1) route
2026-07-28 12:33:24 [info]: Mapped {/api/sales/:id/pdf, GET} (version: 1) route
2026-07-28 12:33:24 [info]: Mapped {/api/sales/:id, GET} (version: 1) route
2026-07-28 12:33:24 [info]: Mapped {/api/sales, POST} (version: 1) route
2026-07-28 12:33:24 [info]: Mapped {/api/sales/credit-note, POST} (version: 1) route
2026-07-28 12:33:24 [info]: Mapped {/api/sales/:id/void, PATCH} (version: 1) route
2026-07-28 12:33:24 [info]: Mapped {/api/sales/:id/send-whatsapp, POST} (version: 1) route
2026-07-28 12:33:24 [info]: Mapped {/api/sales/:id/resend-sunat, POST} (version: 1) route
2026-07-28 12:33:24 [info]: CompanySettingsController {/api/company-settings} (version: 1):
2026-07-28 12:33:24 [info]: Mapped {/api/company-settings, GET} (version: 1) route
2026-07-28 12:33:24 [info]: Mapped {/api/company-settings, PUT} (version: 1) route
2026-07-28 12:33:24 [info]: Mapped {/api/company-settings/logo, POST} (version: 1) route
2026-07-28 12:33:24 [info]: Mapped {/api/company-settings/register-sunat-api, POST} (version: 1) route
2026-07-28 12:33:24 [info]: CashController {/api/caja} (version: 1):
2026-07-28 12:33:24 [info]: Mapped {/api/caja/abrir, POST} (version: 1) route
2026-07-28 12:33:24 [info]: Mapped {/api/caja/activa, GET} (version: 1) route
2026-07-28 12:33:24 [info]: Mapped {/api/caja/resumen, GET} (version: 1) route
2026-07-28 12:33:24 [info]: Mapped {/api/caja/movimiento, POST} (version: 1) route
2026-07-28 12:33:24 [info]: Mapped {/api/caja/cerrar, POST} (version: 1) route
2026-07-28 12:33:24 [info]: Mapped {/api/caja/historial, GET} (version: 1) route
2026-07-28 12:33:24 [info]: Mapped {/api/caja/sesion/:id, GET} (version: 1) route
2026-07-28 12:33:24 [info]: PurchaseOrderController {/api/purchase-orders} (version: 1):
2026-07-28 12:33:24 [info]: Mapped {/api/purchase-orders, GET} (version: 1) route
2026-07-28 12:33:24 [info]: Mapped {/api/purchase-orders/:id, GET} (version: 1) route
2026-07-28 12:33:24 [info]: Mapped {/api/purchase-orders, POST} (version: 1) route
2026-07-28 12:33:24 [info]: Mapped {/api/purchase-orders/:id/receive, PATCH} (version: 1) route
2026-07-28 12:33:24 [info]: Mapped {/api/purchase-orders/:id/cancel, PATCH} (version: 1) route
2026-07-28 12:33:24 [info]: EstablishmentsController {/api/establishments} (version: 1):
2026-07-28 12:33:24 [info]: Mapped {/api/establishments, GET} (version: 1) route
2026-07-28 12:33:24 [info]: Mapped {/api/establishments, POST} (version: 1) route
2026-07-28 12:33:24 [info]: Mapped {/api/establishments/series, GET} (version: 1) route
2026-07-28 12:33:24 [info]: Mapped {/api/establishments/series, POST} (version: 1) route
2026-07-28 12:33:24 [info]: Facturación electrónica: Adaptador inicializado.
2026-07-28 12:33:24 [info]: Facturación electrónica: Adaptador inicializado.
2026-07-28 12:33:24 [info]: Nest application successfully started
2026-07-28 12:33:47 [info]: Starting Nest application...
2026-07-28 12:33:47 [info]: AppModule dependencies initialized
2026-07-28 12:33:47 [info]: TypeOrmModule dependencies initialized
2026-07-28 12:33:47 [info]: PassportModule dependencies initialized
2026-07-28 12:33:47 [info]: ConfigHostModule dependencies initialized
2026-07-28 12:33:47 [info]: WinstonModule dependencies initialized
2026-07-28 12:33:47 [info]: HealthModule dependencies initialized
2026-07-28 12:33:47 [info]: HttpModule dependencies initialized
2026-07-28 12:33:47 [info]: DiscoveryModule dependencies initialized
2026-07-28 12:33:47 [info]: ConfigModule dependencies initialized
2026-07-28 12:33:47 [info]: ConfigModule dependencies initialized
2026-07-28 12:33:47 [info]: EventEmitterModule dependencies initialized
2026-07-28 12:33:47 [info]: ScheduleModule dependencies initialized
2026-07-28 12:33:47 [info]: JwtModule dependencies initialized
2026-07-28 12:33:47 [info]: TypeOrmCoreModule dependencies initialized
2026-07-28 12:33:47 [info]: TypeOrmModule dependencies initialized
2026-07-28 12:33:47 [info]: TypeOrmModule dependencies initialized
2026-07-28 12:33:47 [info]: TypeOrmModule dependencies initialized
2026-07-28 12:33:47 [info]: TypeOrmModule dependencies initialized
2026-07-28 12:33:47 [info]: TypeOrmModule dependencies initialized
2026-07-28 12:33:47 [info]: TypeOrmModule dependencies initialized
2026-07-28 12:33:47 [info]: TypeOrmModule dependencies initialized
2026-07-28 12:33:47 [info]: TypeOrmModule dependencies initialized
2026-07-28 12:33:47 [info]: TypeOrmModule dependencies initialized
2026-07-28 12:33:47 [info]: TypeOrmModule dependencies initialized
2026-07-28 12:33:47 [info]: TypeOrmModule dependencies initialized
2026-07-28 12:33:47 [info]: CategoryModule dependencies initialized
2026-07-28 12:33:47 [info]: SupplierModule dependencies initialized
2026-07-28 12:33:47 [info]: CustomerModule dependencies initialized
2026-07-28 12:33:47 [info]: AuthModule dependencies initialized
2026-07-28 12:33:47 [info]: EstablishmentsModule dependencies initialized
2026-07-28 12:33:47 [info]: UserModule dependencies initialized
2026-07-28 12:33:47 [info]: ProductModule dependencies initialized
2026-07-28 12:33:47 [info]: PurchaseOrderModule dependencies initialized
2026-07-28 12:33:47 [info]: CompanySettingsModule dependencies initialized
2026-07-28 12:33:47 [info]: SaleModule dependencies initialized
2026-07-28 12:33:47 [info]: CashModule dependencies initialized
2026-07-28 12:33:47 [info]: AuthController {/api/auth} (version: 1):
2026-07-28 12:33:47 [info]: Mapped {/api/auth/login, POST} (version: 1) route
2026-07-28 12:33:47 [info]: Mapped {/api/auth/status, GET} (version: 1) route
2026-07-28 12:33:47 [info]: UserController {/api/users} (version: 1):
2026-07-28 12:33:47 [info]: Mapped {/api/users, GET} (version: 1) route
2026-07-28 12:33:47 [info]: Mapped {/api/users/:id, GET} (version: 1) route
2026-07-28 12:33:47 [info]: Mapped {/api/users, POST} (version: 1) route
2026-07-28 12:33:47 [info]: Mapped {/api/users/:id, PUT} (version: 1) route
2026-07-28 12:33:47 [info]: Mapped {/api/users/:id, DELETE} (version: 1) route
2026-07-28 12:33:47 [info]: HealthController {/api/health} (version: 1):
2026-07-28 12:33:47 [info]: Mapped {/api/health, GET} (version: 1) route
2026-07-28 12:33:47 [info]: CategoryController {/api/categories} (version: 1):
2026-07-28 12:33:47 [info]: Mapped {/api/categories, GET} (version: 1) route
2026-07-28 12:33:47 [info]: Mapped {/api/categories/:id, GET} (version: 1) route
2026-07-28 12:33:47 [info]: Mapped {/api/categories, POST} (version: 1) route
2026-07-28 12:33:47 [info]: Mapped {/api/categories/:id, PUT} (version: 1) route
2026-07-28 12:33:47 [info]: Mapped {/api/categories/:id, DELETE} (version: 1) route
2026-07-28 12:33:47 [info]: SupplierController {/api/suppliers} (version: 1):
2026-07-28 12:33:47 [info]: Mapped {/api/suppliers, GET} (version: 1) route
2026-07-28 12:33:47 [info]: Mapped {/api/suppliers/:id, GET} (version: 1) route
2026-07-28 12:33:47 [info]: Mapped {/api/suppliers, POST} (version: 1) route
2026-07-28 12:33:47 [info]: Mapped {/api/suppliers/:id, PUT} (version: 1) route
2026-07-28 12:33:47 [info]: Mapped {/api/suppliers/:id, DELETE} (version: 1) route
2026-07-28 12:33:47 [info]: ProductController {/api/products} (version: 1):
2026-07-28 12:33:47 [info]: Mapped {/api/products, GET} (version: 1) route
2026-07-28 12:33:47 [info]: Mapped {/api/products/low-stock, GET} (version: 1) route
2026-07-28 12:33:47 [info]: Mapped {/api/products/excel/template, GET} (version: 1) route
2026-07-28 12:33:47 [info]: Mapped {/api/products/excel/import, POST} (version: 1) route
2026-07-28 12:33:47 [info]: Mapped {/api/products/barcode/:barcode, GET} (version: 1) route
2026-07-28 12:33:47 [info]: Mapped {/api/products/:id, GET} (version: 1) route
2026-07-28 12:33:47 [info]: Mapped {/api/products, POST} (version: 1) route
2026-07-28 12:33:47 [info]: Mapped {/api/products/:id, PUT} (version: 1) route
2026-07-28 12:33:47 [info]: Mapped {/api/products/:id, DELETE} (version: 1) route
2026-07-28 12:33:47 [info]: Mapped {/api/products/:id/batches, GET} (version: 1) route
2026-07-28 12:33:47 [info]: Mapped {/api/products/:id/stock/add, PATCH} (version: 1) route
2026-07-28 12:33:47 [info]: Mapped {/api/products/:id/stock/subtract, PATCH} (version: 1) route
2026-07-28 12:33:47 [info]: CustomerController {/api/customers} (version: 1):
2026-07-28 12:33:47 [info]: Mapped {/api/customers, GET} (version: 1) route
2026-07-28 12:33:47 [info]: Mapped {/api/customers/lookup/:doc, GET} (version: 1) route
2026-07-28 12:33:47 [info]: Mapped {/api/customers/:id, GET} (version: 1) route
2026-07-28 12:33:47 [info]: Mapped {/api/customers, POST} (version: 1) route
2026-07-28 12:33:47 [info]: Mapped {/api/customers/:id, PUT} (version: 1) route
2026-07-28 12:33:47 [info]: Mapped {/api/customers/:id, DELETE} (version: 1) route
2026-07-28 12:33:47 [info]: SaleController {/api/sales} (version: 1):
2026-07-28 12:33:47 [info]: Mapped {/api/sales, GET} (version: 1) route
2026-07-28 12:33:47 [info]: Mapped {/api/sales/summary, GET} (version: 1) route
2026-07-28 12:33:47 [info]: Mapped {/api/sales/comprobante/pdf/:token, GET} (version: 1) route
2026-07-28 12:33:47 [info]: Mapped {/api/sales/:id/pdf-token, GET} (version: 1) route
2026-07-28 12:33:47 [info]: Mapped {/api/sales/:id/pdf, GET} (version: 1) route
2026-07-28 12:33:47 [info]: Mapped {/api/sales/:id, GET} (version: 1) route
2026-07-28 12:33:47 [info]: Mapped {/api/sales, POST} (version: 1) route
2026-07-28 12:33:47 [info]: Mapped {/api/sales/credit-note, POST} (version: 1) route
2026-07-28 12:33:47 [info]: Mapped {/api/sales/:id/void, PATCH} (version: 1) route
2026-07-28 12:33:47 [info]: Mapped {/api/sales/:id/send-whatsapp, POST} (version: 1) route
2026-07-28 12:33:47 [info]: Mapped {/api/sales/:id/resend-sunat, POST} (version: 1) route
2026-07-28 12:33:47 [info]: CompanySettingsController {/api/company-settings} (version: 1):
2026-07-28 12:33:47 [info]: Mapped {/api/company-settings, GET} (version: 1) route
2026-07-28 12:33:47 [info]: Mapped {/api/company-settings, PUT} (version: 1) route
2026-07-28 12:33:47 [info]: Mapped {/api/company-settings/logo, POST} (version: 1) route
2026-07-28 12:33:47 [info]: Mapped {/api/company-settings/register-sunat-api, POST} (version: 1) route
2026-07-28 12:33:47 [info]: CashController {/api/caja} (version: 1):
2026-07-28 12:33:47 [info]: Mapped {/api/caja/abrir, POST} (version: 1) route
2026-07-28 12:33:47 [info]: Mapped {/api/caja/activa, GET} (version: 1) route
2026-07-28 12:33:47 [info]: Mapped {/api/caja/resumen, GET} (version: 1) route
2026-07-28 12:33:47 [info]: Mapped {/api/caja/movimiento, POST} (version: 1) route
2026-07-28 12:33:47 [info]: Mapped {/api/caja/cerrar, POST} (version: 1) route
2026-07-28 12:33:47 [info]: Mapped {/api/caja/historial, GET} (version: 1) route
2026-07-28 12:33:47 [info]: Mapped {/api/caja/sesion/:id, GET} (version: 1) route
2026-07-28 12:33:47 [info]: PurchaseOrderController {/api/purchase-orders} (version: 1):
2026-07-28 12:33:47 [info]: Mapped {/api/purchase-orders, GET} (version: 1) route
2026-07-28 12:33:47 [info]: Mapped {/api/purchase-orders/:id, GET} (version: 1) route
2026-07-28 12:33:47 [info]: Mapped {/api/purchase-orders, POST} (version: 1) route
2026-07-28 12:33:47 [info]: Mapped {/api/purchase-orders/:id/receive, PATCH} (version: 1) route
2026-07-28 12:33:47 [info]: Mapped {/api/purchase-orders/:id/cancel, PATCH} (version: 1) route
2026-07-28 12:33:47 [info]: EstablishmentsController {/api/establishments} (version: 1):
2026-07-28 12:33:47 [info]: Mapped {/api/establishments, GET} (version: 1) route
2026-07-28 12:33:47 [info]: Mapped {/api/establishments, POST} (version: 1) route
2026-07-28 12:33:47 [info]: Mapped {/api/establishments/series, GET} (version: 1) route
2026-07-28 12:33:47 [info]: Mapped {/api/establishments/series, POST} (version: 1) route
2026-07-28 12:33:47 [info]: Facturación electrónica: Adaptador inicializado.
2026-07-28 12:33:47 [info]: Facturación electrónica: Adaptador inicializado.
2026-07-28 12:33:47 [info]: Nest application successfully started
2026-07-28 12:34:15 [info]: Starting Nest application...
2026-07-28 12:34:15 [info]: AppModule dependencies initialized
2026-07-28 12:34:15 [info]: TypeOrmModule dependencies initialized
2026-07-28 12:34:15 [info]: PassportModule dependencies initialized
2026-07-28 12:34:15 [info]: ConfigHostModule dependencies initialized
2026-07-28 12:34:15 [info]: WinstonModule dependencies initialized
2026-07-28 12:34:15 [info]: HealthModule dependencies initialized
2026-07-28 12:34:15 [info]: HttpModule dependencies initialized
2026-07-28 12:34:15 [info]: DiscoveryModule dependencies initialized
2026-07-28 12:34:15 [info]: ConfigModule dependencies initialized
2026-07-28 12:34:15 [info]: ConfigModule dependencies initialized
2026-07-28 12:34:15 [info]: EventEmitterModule dependencies initialized
2026-07-28 12:34:15 [info]: ScheduleModule dependencies initialized
2026-07-28 12:34:15 [info]: JwtModule dependencies initialized
2026-07-28 12:34:15 [info]: TypeOrmCoreModule dependencies initialized
2026-07-28 12:34:15 [info]: TypeOrmModule dependencies initialized
2026-07-28 12:34:15 [info]: TypeOrmModule dependencies initialized
2026-07-28 12:34:15 [info]: TypeOrmModule dependencies initialized
2026-07-28 12:34:15 [info]: TypeOrmModule dependencies initialized
2026-07-28 12:34:15 [info]: TypeOrmModule dependencies initialized
2026-07-28 12:34:15 [info]: TypeOrmModule dependencies initialized
2026-07-28 12:34:15 [info]: TypeOrmModule dependencies initialized
2026-07-28 12:34:15 [info]: TypeOrmModule dependencies initialized
2026-07-28 12:34:15 [info]: TypeOrmModule dependencies initialized
2026-07-28 12:34:15 [info]: TypeOrmModule dependencies initialized
2026-07-28 12:34:15 [info]: TypeOrmModule dependencies initialized
2026-07-28 12:34:15 [info]: CategoryModule dependencies initialized
2026-07-28 12:34:15 [info]: SupplierModule dependencies initialized
2026-07-28 12:34:15 [info]: CustomerModule dependencies initialized
2026-07-28 12:34:15 [info]: AuthModule dependencies initialized
2026-07-28 12:34:15 [info]: EstablishmentsModule dependencies initialized
2026-07-28 12:34:15 [info]: UserModule dependencies initialized
2026-07-28 12:34:15 [info]: ProductModule dependencies initialized
2026-07-28 12:34:15 [info]: PurchaseOrderModule dependencies initialized
2026-07-28 12:34:15 [info]: CompanySettingsModule dependencies initialized
2026-07-28 12:34:15 [info]: SaleModule dependencies initialized
2026-07-28 12:34:15 [info]: CashModule dependencies initialized
2026-07-28 12:34:15 [info]: AuthController {/api/auth} (version: 1):
2026-07-28 12:34:15 [info]: Mapped {/api/auth/login, POST} (version: 1) route
2026-07-28 12:34:15 [info]: Mapped {/api/auth/status, GET} (version: 1) route
2026-07-28 12:34:15 [info]: UserController {/api/users} (version: 1):
2026-07-28 12:34:15 [info]: Mapped {/api/users, GET} (version: 1) route
2026-07-28 12:34:15 [info]: Mapped {/api/users/:id, GET} (version: 1) route
2026-07-28 12:34:15 [info]: Mapped {/api/users, POST} (version: 1) route
2026-07-28 12:34:15 [info]: Mapped {/api/users/:id, PUT} (version: 1) route
2026-07-28 12:34:15 [info]: Mapped {/api/users/:id, DELETE} (version: 1) route
2026-07-28 12:34:15 [info]: HealthController {/api/health} (version: 1):
2026-07-28 12:34:15 [info]: Mapped {/api/health, GET} (version: 1) route
2026-07-28 12:34:15 [info]: CategoryController {/api/categories} (version: 1):
2026-07-28 12:34:15 [info]: Mapped {/api/categories, GET} (version: 1) route
2026-07-28 12:34:15 [info]: Mapped {/api/categories/:id, GET} (version: 1) route
2026-07-28 12:34:15 [info]: Mapped {/api/categories, POST} (version: 1) route
2026-07-28 12:34:15 [info]: Mapped {/api/categories/:id, PUT} (version: 1) route
2026-07-28 12:34:15 [info]: Mapped {/api/categories/:id, DELETE} (version: 1) route
2026-07-28 12:34:15 [info]: SupplierController {/api/suppliers} (version: 1):
2026-07-28 12:34:15 [info]: Mapped {/api/suppliers, GET} (version: 1) route
2026-07-28 12:34:15 [info]: Mapped {/api/suppliers/:id, GET} (version: 1) route
2026-07-28 12:34:15 [info]: Mapped {/api/suppliers, POST} (version: 1) route
2026-07-28 12:34:15 [info]: Mapped {/api/suppliers/:id, PUT} (version: 1) route
2026-07-28 12:34:15 [info]: Mapped {/api/suppliers/:id, DELETE} (version: 1) route
2026-07-28 12:34:15 [info]: ProductController {/api/products} (version: 1):
2026-07-28 12:34:15 [info]: Mapped {/api/products, GET} (version: 1) route
2026-07-28 12:34:15 [info]: Mapped {/api/products/low-stock, GET} (version: 1) route
2026-07-28 12:34:15 [info]: Mapped {/api/products/excel/template, GET} (version: 1) route
2026-07-28 12:34:15 [info]: Mapped {/api/products/excel/import, POST} (version: 1) route
2026-07-28 12:34:15 [info]: Mapped {/api/products/barcode/:barcode, GET} (version: 1) route
2026-07-28 12:34:15 [info]: Mapped {/api/products/:id, GET} (version: 1) route
2026-07-28 12:34:15 [info]: Mapped {/api/products, POST} (version: 1) route
2026-07-28 12:34:15 [info]: Mapped {/api/products/:id, PUT} (version: 1) route
2026-07-28 12:34:15 [info]: Mapped {/api/products/:id, DELETE} (version: 1) route
2026-07-28 12:34:15 [info]: Mapped {/api/products/:id/batches, GET} (version: 1) route
2026-07-28 12:34:15 [info]: Mapped {/api/products/:id/stock/add, PATCH} (version: 1) route
2026-07-28 12:34:15 [info]: Mapped {/api/products/:id/stock/subtract, PATCH} (version: 1) route
2026-07-28 12:34:15 [info]: CustomerController {/api/customers} (version: 1):
2026-07-28 12:34:15 [info]: Mapped {/api/customers, GET} (version: 1) route
2026-07-28 12:34:15 [info]: Mapped {/api/customers/lookup/:doc, GET} (version: 1) route
2026-07-28 12:34:15 [info]: Mapped {/api/customers/:id, GET} (version: 1) route
2026-07-28 12:34:15 [info]: Mapped {/api/customers, POST} (version: 1) route
2026-07-28 12:34:15 [info]: Mapped {/api/customers/:id, PUT} (version: 1) route
2026-07-28 12:34:15 [info]: Mapped {/api/customers/:id, DELETE} (version: 1) route
2026-07-28 12:34:15 [info]: SaleController {/api/sales} (version: 1):
2026-07-28 12:34:15 [info]: Mapped {/api/sales, GET} (version: 1) route
2026-07-28 12:34:15 [info]: Mapped {/api/sales/summary, GET} (version: 1) route
2026-07-28 12:34:15 [info]: Mapped {/api/sales/comprobante/pdf/:token, GET} (version: 1) route
2026-07-28 12:34:15 [info]: Mapped {/api/sales/:id/pdf-token, GET} (version: 1) route
2026-07-28 12:34:15 [info]: Mapped {/api/sales/:id/pdf, GET} (version: 1) route
2026-07-28 12:34:15 [info]: Mapped {/api/sales/:id, GET} (version: 1) route
2026-07-28 12:34:15 [info]: Mapped {/api/sales, POST} (version: 1) route
2026-07-28 12:34:15 [info]: Mapped {/api/sales/credit-note, POST} (version: 1) route
2026-07-28 12:34:15 [info]: Mapped {/api/sales/:id/void, PATCH} (version: 1) route
2026-07-28 12:34:15 [info]: Mapped {/api/sales/:id/send-whatsapp, POST} (version: 1) route
2026-07-28 12:34:15 [info]: Mapped {/api/sales/:id/resend-sunat, POST} (version: 1) route
2026-07-28 12:34:15 [info]: CompanySettingsController {/api/company-settings} (version: 1):
2026-07-28 12:34:15 [info]: Mapped {/api/company-settings, GET} (version: 1) route
2026-07-28 12:34:15 [info]: Mapped {/api/company-settings, PUT} (version: 1) route
2026-07-28 12:34:15 [info]: Mapped {/api/company-settings/logo, POST} (version: 1) route
2026-07-28 12:34:15 [info]: Mapped {/api/company-settings/register-sunat-api, POST} (version: 1) route
2026-07-28 12:34:15 [info]: CashController {/api/caja} (version: 1):
2026-07-28 12:34:15 [info]: Mapped {/api/caja/abrir, POST} (version: 1) route
2026-07-28 12:34:15 [info]: Mapped {/api/caja/activa, GET} (version: 1) route
2026-07-28 12:34:15 [info]: Mapped {/api/caja/resumen, GET} (version: 1) route
2026-07-28 12:34:15 [info]: Mapped {/api/caja/movimiento, POST} (version: 1) route
2026-07-28 12:34:15 [info]: Mapped {/api/caja/cerrar, POST} (version: 1) route
2026-07-28 12:34:15 [info]: Mapped {/api/caja/historial, GET} (version: 1) route
2026-07-28 12:34:15 [info]: Mapped {/api/caja/sesion/:id, GET} (version: 1) route
2026-07-28 12:34:15 [info]: PurchaseOrderController {/api/purchase-orders} (version: 1):
2026-07-28 12:34:15 [info]: Mapped {/api/purchase-orders, GET} (version: 1) route
2026-07-28 12:34:15 [info]: Mapped {/api/purchase-orders/:id, GET} (version: 1) route
2026-07-28 12:34:15 [info]: Mapped {/api/purchase-orders, POST} (version: 1) route
2026-07-28 12:34:15 [info]: Mapped {/api/purchase-orders/:id/receive, PATCH} (version: 1) route
2026-07-28 12:34:15 [info]: Mapped {/api/purchase-orders/:id/cancel, PATCH} (version: 1) route
2026-07-28 12:34:15 [info]: EstablishmentsController {/api/establishments} (version: 1):
2026-07-28 12:34:15 [info]: Mapped {/api/establishments, GET} (version: 1) route
2026-07-28 12:34:15 [info]: Mapped {/api/establishments, POST} (version: 1) route
2026-07-28 12:34:15 [info]: Mapped {/api/establishments/series, GET} (version: 1) route
2026-07-28 12:34:15 [info]: Mapped {/api/establishments/series, POST} (version: 1) route
2026-07-28 12:34:15 [info]: Facturación electrónica: Adaptador inicializado.
2026-07-28 12:34:15 [info]: Facturación electrónica: Adaptador inicializado.
2026-07-28 12:34:15 [info]: Nest application successfully started
2026-07-28 12:47:03 [info]: Starting Nest application...
2026-07-28 12:47:03 [info]: AppModule dependencies initialized
2026-07-28 12:47:03 [info]: TypeOrmModule dependencies initialized
2026-07-28 12:47:03 [info]: PassportModule dependencies initialized
2026-07-28 12:47:03 [info]: ConfigHostModule dependencies initialized
2026-07-28 12:47:03 [info]: WinstonModule dependencies initialized
2026-07-28 12:47:03 [info]: HealthModule dependencies initialized
2026-07-28 12:47:03 [info]: HttpModule dependencies initialized
2026-07-28 12:47:03 [info]: DiscoveryModule dependencies initialized
2026-07-28 12:47:03 [info]: ConfigModule dependencies initialized
2026-07-28 12:47:03 [info]: ConfigModule dependencies initialized
2026-07-28 12:47:03 [info]: EventEmitterModule dependencies initialized
2026-07-28 12:47:03 [info]: ScheduleModule dependencies initialized
2026-07-28 12:47:03 [info]: JwtModule dependencies initialized
2026-07-28 12:47:03 [info]: TypeOrmCoreModule dependencies initialized
2026-07-28 12:47:03 [info]: TypeOrmModule dependencies initialized
2026-07-28 12:47:03 [info]: TypeOrmModule dependencies initialized
2026-07-28 12:47:03 [info]: TypeOrmModule dependencies initialized
2026-07-28 12:47:03 [info]: TypeOrmModule dependencies initialized
2026-07-28 12:47:03 [info]: TypeOrmModule dependencies initialized
2026-07-28 12:47:03 [info]: TypeOrmModule dependencies initialized
2026-07-28 12:47:03 [info]: TypeOrmModule dependencies initialized
2026-07-28 12:47:03 [info]: TypeOrmModule dependencies initialized
2026-07-28 12:47:03 [info]: TypeOrmModule dependencies initialized
2026-07-28 12:47:03 [info]: TypeOrmModule dependencies initialized
2026-07-28 12:47:03 [info]: TypeOrmModule dependencies initialized
2026-07-28 12:47:03 [info]: CategoryModule dependencies initialized
2026-07-28 12:47:03 [info]: SupplierModule dependencies initialized
2026-07-28 12:47:03 [info]: CustomerModule dependencies initialized
2026-07-28 12:47:03 [info]: AuthModule dependencies initialized
2026-07-28 12:47:03 [info]: EstablishmentsModule dependencies initialized
2026-07-28 12:47:03 [info]: UserModule dependencies initialized
2026-07-28 12:47:03 [info]: ProductModule dependencies initialized
2026-07-28 12:47:03 [info]: PurchaseOrderModule dependencies initialized
2026-07-28 12:47:03 [info]: CompanySettingsModule dependencies initialized
2026-07-28 12:47:03 [info]: SaleModule dependencies initialized
2026-07-28 12:47:03 [info]: CashModule dependencies initialized
2026-07-28 12:47:03 [info]: AuthController {/api/auth} (version: 1):
2026-07-28 12:47:03 [info]: Mapped {/api/auth/login, POST} (version: 1) route
2026-07-28 12:47:03 [info]: Mapped {/api/auth/status, GET} (version: 1) route
2026-07-28 12:47:03 [info]: UserController {/api/users} (version: 1):
2026-07-28 12:47:03 [info]: Mapped {/api/users, GET} (version: 1) route
2026-07-28 12:47:03 [info]: Mapped {/api/users/:id, GET} (version: 1) route
2026-07-28 12:47:03 [info]: Mapped {/api/users, POST} (version: 1) route
2026-07-28 12:47:03 [info]: Mapped {/api/users/:id, PUT} (version: 1) route
2026-07-28 12:47:03 [info]: Mapped {/api/users/:id, DELETE} (version: 1) route
2026-07-28 12:47:03 [info]: HealthController {/api/health} (version: 1):
2026-07-28 12:47:03 [info]: Mapped {/api/health, GET} (version: 1) route
2026-07-28 12:47:03 [info]: CategoryController {/api/categories} (version: 1):
2026-07-28 12:47:03 [info]: Mapped {/api/categories, GET} (version: 1) route
2026-07-28 12:47:03 [info]: Mapped {/api/categories/:id, GET} (version: 1) route
2026-07-28 12:47:03 [info]: Mapped {/api/categories, POST} (version: 1) route
2026-07-28 12:47:03 [info]: Mapped {/api/categories/:id, PUT} (version: 1) route
2026-07-28 12:47:03 [info]: Mapped {/api/categories/:id, DELETE} (version: 1) route
2026-07-28 12:47:03 [info]: SupplierController {/api/suppliers} (version: 1):
2026-07-28 12:47:03 [info]: Mapped {/api/suppliers, GET} (version: 1) route
2026-07-28 12:47:03 [info]: Mapped {/api/suppliers/:id, GET} (version: 1) route
2026-07-28 12:47:03 [info]: Mapped {/api/suppliers, POST} (version: 1) route
2026-07-28 12:47:03 [info]: Mapped {/api/suppliers/:id, PUT} (version: 1) route
2026-07-28 12:47:03 [info]: Mapped {/api/suppliers/:id, DELETE} (version: 1) route
2026-07-28 12:47:03 [info]: ProductController {/api/products} (version: 1):
2026-07-28 12:47:03 [info]: Mapped {/api/products, GET} (version: 1) route
2026-07-28 12:47:03 [info]: Mapped {/api/products/low-stock, GET} (version: 1) route
2026-07-28 12:47:03 [info]: Mapped {/api/products/excel/template, GET} (version: 1) route
2026-07-28 12:47:03 [info]: Mapped {/api/products/excel/import, POST} (version: 1) route
2026-07-28 12:47:03 [info]: Mapped {/api/products/barcode/:barcode, GET} (version: 1) route
2026-07-28 12:47:03 [info]: Mapped {/api/products/:id, GET} (version: 1) route
2026-07-28 12:47:03 [info]: Mapped {/api/products, POST} (version: 1) route
2026-07-28 12:47:03 [info]: Mapped {/api/products/:id, PUT} (version: 1) route
2026-07-28 12:47:03 [info]: Mapped {/api/products/:id, DELETE} (version: 1) route
2026-07-28 12:47:03 [info]: Mapped {/api/products/:id/batches, GET} (version: 1) route
2026-07-28 12:47:03 [info]: Mapped {/api/products/:id/stock/add, PATCH} (version: 1) route
2026-07-28 12:47:03 [info]: Mapped {/api/products/:id/stock/subtract, PATCH} (version: 1) route
2026-07-28 12:47:03 [info]: CustomerController {/api/customers} (version: 1):
2026-07-28 12:47:03 [info]: Mapped {/api/customers, GET} (version: 1) route
2026-07-28 12:47:03 [info]: Mapped {/api/customers/lookup/:doc, GET} (version: 1) route
2026-07-28 12:47:03 [info]: Mapped {/api/customers/:id, GET} (version: 1) route
2026-07-28 12:47:03 [info]: Mapped {/api/customers, POST} (version: 1) route
2026-07-28 12:47:03 [info]: Mapped {/api/customers/:id, PUT} (version: 1) route
2026-07-28 12:47:03 [info]: Mapped {/api/customers/:id, DELETE} (version: 1) route
2026-07-28 12:47:03 [info]: SaleController {/api/sales} (version: 1):
2026-07-28 12:47:03 [info]: Mapped {/api/sales, GET} (version: 1) route
2026-07-28 12:47:03 [info]: Mapped {/api/sales/summary, GET} (version: 1) route
2026-07-28 12:47:03 [info]: Mapped {/api/sales/comprobante/pdf/:token, GET} (version: 1) route
2026-07-28 12:47:03 [info]: Mapped {/api/sales/:id/pdf-token, GET} (version: 1) route
2026-07-28 12:47:03 [info]: Mapped {/api/sales/:id/pdf, GET} (version: 1) route
2026-07-28 12:47:03 [info]: Mapped {/api/sales/:id, GET} (version: 1) route
2026-07-28 12:47:03 [info]: Mapped {/api/sales, POST} (version: 1) route
2026-07-28 12:47:03 [info]: Mapped {/api/sales/credit-note, POST} (version: 1) route
2026-07-28 12:47:03 [info]: Mapped {/api/sales/:id/void, PATCH} (version: 1) route
2026-07-28 12:47:03 [info]: Mapped {/api/sales/:id/send-whatsapp, POST} (version: 1) route
2026-07-28 12:47:03 [info]: Mapped {/api/sales/:id/resend-sunat, POST} (version: 1) route
2026-07-28 12:47:03 [info]: CompanySettingsController {/api/company-settings} (version: 1):
2026-07-28 12:47:03 [info]: Mapped {/api/company-settings, GET} (version: 1) route
2026-07-28 12:47:03 [info]: Mapped {/api/company-settings, PUT} (version: 1) route
2026-07-28 12:47:03 [info]: Mapped {/api/company-settings/logo, POST} (version: 1) route
2026-07-28 12:47:03 [info]: Mapped {/api/company-settings/register-sunat-api, POST} (version: 1) route
2026-07-28 12:47:03 [info]: CashController {/api/caja} (version: 1):
2026-07-28 12:47:03 [info]: Mapped {/api/caja/abrir, POST} (version: 1) route
2026-07-28 12:47:03 [info]: Mapped {/api/caja/activa, GET} (version: 1) route
2026-07-28 12:47:03 [info]: Mapped {/api/caja/resumen, GET} (version: 1) route
2026-07-28 12:47:03 [info]: Mapped {/api/caja/movimiento, POST} (version: 1) route
2026-07-28 12:47:03 [info]: Mapped {/api/caja/cerrar, POST} (version: 1) route
2026-07-28 12:47:03 [info]: Mapped {/api/caja/historial, GET} (version: 1) route
2026-07-28 12:47:03 [info]: Mapped {/api/caja/sesion/:id, GET} (version: 1) route
2026-07-28 12:47:03 [info]: PurchaseOrderController {/api/purchase-orders} (version: 1):
2026-07-28 12:47:03 [info]: Mapped {/api/purchase-orders, GET} (version: 1) route
2026-07-28 12:47:03 [info]: Mapped {/api/purchase-orders/:id, GET} (version: 1) route
2026-07-28 12:47:03 [info]: Mapped {/api/purchase-orders, POST} (version: 1) route
2026-07-28 12:47:03 [info]: Mapped {/api/purchase-orders/:id/receive, PATCH} (version: 1) route
2026-07-28 12:47:03 [info]: Mapped {/api/purchase-orders/:id/cancel, PATCH} (version: 1) route
2026-07-28 12:47:03 [info]: EstablishmentsController {/api/establishments} (version: 1):
2026-07-28 12:47:03 [info]: Mapped {/api/establishments, GET} (version: 1) route
2026-07-28 12:47:03 [info]: Mapped {/api/establishments, POST} (version: 1) route
2026-07-28 12:47:03 [info]: Mapped {/api/establishments/series, GET} (version: 1) route
2026-07-28 12:47:03 [info]: Mapped {/api/establishments/series, POST} (version: 1) route
2026-07-28 12:47:03 [info]: Facturación electrónica: Adaptador inicializado.
2026-07-28 12:47:03 [info]: Facturación electrónica: Adaptador inicializado.
2026-07-28 12:47:03 [info]: Nest application successfully started
2026-07-28 12:50:06 [info]: Enviando archivo PDF de comprobante via Evolution API a 51901180772...
2026-07-28 12:50:06 [warn]: Error al enviar archivo PDF por WhatsApp: connect ECONNREFUSED
2026-07-28 12:52:45 [info]: Starting Nest application...
2026-07-28 12:52:45 [info]: AppModule dependencies initialized
2026-07-28 12:52:45 [info]: TypeOrmModule dependencies initialized
2026-07-28 12:52:45 [info]: PassportModule dependencies initialized
2026-07-28 12:52:45 [info]: ConfigHostModule dependencies initialized
2026-07-28 12:52:45 [info]: WinstonModule dependencies initialized
2026-07-28 12:52:45 [info]: HealthModule dependencies initialized
2026-07-28 12:52:45 [info]: HttpModule dependencies initialized
2026-07-28 12:52:45 [info]: DiscoveryModule dependencies initialized
2026-07-28 12:52:45 [info]: ConfigModule dependencies initialized
2026-07-28 12:52:45 [info]: ConfigModule dependencies initialized
2026-07-28 12:52:45 [info]: EventEmitterModule dependencies initialized
2026-07-28 12:52:45 [info]: ScheduleModule dependencies initialized
2026-07-28 12:52:45 [info]: JwtModule dependencies initialized
2026-07-28 12:52:45 [info]: TypeOrmCoreModule dependencies initialized
2026-07-28 12:52:45 [info]: TypeOrmModule dependencies initialized
2026-07-28 12:52:45 [info]: TypeOrmModule dependencies initialized
2026-07-28 12:52:45 [info]: TypeOrmModule dependencies initialized
2026-07-28 12:52:45 [info]: TypeOrmModule dependencies initialized
2026-07-28 12:52:45 [info]: TypeOrmModule dependencies initialized
2026-07-28 12:52:45 [info]: TypeOrmModule dependencies initialized
2026-07-28 12:52:45 [info]: TypeOrmModule dependencies initialized
2026-07-28 12:52:45 [info]: TypeOrmModule dependencies initialized
2026-07-28 12:52:45 [info]: TypeOrmModule dependencies initialized
2026-07-28 12:52:45 [info]: TypeOrmModule dependencies initialized
2026-07-28 12:52:45 [info]: TypeOrmModule dependencies initialized
2026-07-28 12:52:45 [info]: CategoryModule dependencies initialized
2026-07-28 12:52:45 [info]: SupplierModule dependencies initialized
2026-07-28 12:52:45 [info]: CustomerModule dependencies initialized
2026-07-28 12:52:45 [info]: AuthModule dependencies initialized
2026-07-28 12:52:45 [info]: EstablishmentsModule dependencies initialized
2026-07-28 12:52:45 [info]: UserModule dependencies initialized
2026-07-28 12:52:45 [info]: ProductModule dependencies initialized
2026-07-28 12:52:45 [info]: PurchaseOrderModule dependencies initialized
2026-07-28 12:52:45 [info]: CompanySettingsModule dependencies initialized
2026-07-28 12:52:45 [info]: SaleModule dependencies initialized
2026-07-28 12:52:45 [info]: CashModule dependencies initialized
2026-07-28 12:52:45 [info]: AuthController {/api/auth} (version: 1):
2026-07-28 12:52:45 [info]: Mapped {/api/auth/login, POST} (version: 1) route
2026-07-28 12:52:45 [info]: Mapped {/api/auth/status, GET} (version: 1) route
2026-07-28 12:52:45 [info]: UserController {/api/users} (version: 1):
2026-07-28 12:52:45 [info]: Mapped {/api/users, GET} (version: 1) route
2026-07-28 12:52:45 [info]: Mapped {/api/users/:id, GET} (version: 1) route
2026-07-28 12:52:45 [info]: Mapped {/api/users, POST} (version: 1) route
2026-07-28 12:52:45 [info]: Mapped {/api/users/:id, PUT} (version: 1) route
2026-07-28 12:52:45 [info]: Mapped {/api/users/:id, DELETE} (version: 1) route
2026-07-28 12:52:45 [info]: HealthController {/api/health} (version: 1):
2026-07-28 12:52:45 [info]: Mapped {/api/health, GET} (version: 1) route
2026-07-28 12:52:45 [info]: CategoryController {/api/categories} (version: 1):
2026-07-28 12:52:45 [info]: Mapped {/api/categories, GET} (version: 1) route
2026-07-28 12:52:45 [info]: Mapped {/api/categories/:id, GET} (version: 1) route
2026-07-28 12:52:45 [info]: Mapped {/api/categories, POST} (version: 1) route
2026-07-28 12:52:45 [info]: Mapped {/api/categories/:id, PUT} (version: 1) route
2026-07-28 12:52:45 [info]: Mapped {/api/categories/:id, DELETE} (version: 1) route
2026-07-28 12:52:45 [info]: SupplierController {/api/suppliers} (version: 1):
2026-07-28 12:52:45 [info]: Mapped {/api/suppliers, GET} (version: 1) route
2026-07-28 12:52:45 [info]: Mapped {/api/suppliers/:id, GET} (version: 1) route
2026-07-28 12:52:45 [info]: Mapped {/api/suppliers, POST} (version: 1) route
2026-07-28 12:52:45 [info]: Mapped {/api/suppliers/:id, PUT} (version: 1) route
2026-07-28 12:52:45 [info]: Mapped {/api/suppliers/:id, DELETE} (version: 1) route
2026-07-28 12:52:45 [info]: ProductController {/api/products} (version: 1):
2026-07-28 12:52:45 [info]: Mapped {/api/products, GET} (version: 1) route
2026-07-28 12:52:45 [info]: Mapped {/api/products/low-stock, GET} (version: 1) route
2026-07-28 12:52:45 [info]: Mapped {/api/products/excel/template, GET} (version: 1) route
2026-07-28 12:52:45 [info]: Mapped {/api/products/excel/import, POST} (version: 1) route
2026-07-28 12:52:45 [info]: Mapped {/api/products/barcode/:barcode, GET} (version: 1) route
2026-07-28 12:52:45 [info]: Mapped {/api/products/:id, GET} (version: 1) route
2026-07-28 12:52:45 [info]: Mapped {/api/products, POST} (version: 1) route
2026-07-28 12:52:45 [info]: Mapped {/api/products/:id, PUT} (version: 1) route
2026-07-28 12:52:45 [info]: Mapped {/api/products/:id, DELETE} (version: 1) route
2026-07-28 12:52:45 [info]: Mapped {/api/products/:id/batches, GET} (version: 1) route
2026-07-28 12:52:45 [info]: Mapped {/api/products/:id/stock/add, PATCH} (version: 1) route
2026-07-28 12:52:45 [info]: Mapped {/api/products/:id/stock/subtract, PATCH} (version: 1) route
2026-07-28 12:52:45 [info]: CustomerController {/api/customers} (version: 1):
2026-07-28 12:52:45 [info]: Mapped {/api/customers, GET} (version: 1) route
2026-07-28 12:52:45 [info]: Mapped {/api/customers/lookup/:doc, GET} (version: 1) route
2026-07-28 12:52:45 [info]: Mapped {/api/customers/:id, GET} (version: 1) route
2026-07-28 12:52:45 [info]: Mapped {/api/customers, POST} (version: 1) route
2026-07-28 12:52:45 [info]: Mapped {/api/customers/:id, PUT} (version: 1) route
2026-07-28 12:52:45 [info]: Mapped {/api/customers/:id, DELETE} (version: 1) route
2026-07-28 12:52:45 [info]: SaleController {/api/sales} (version: 1):
2026-07-28 12:52:45 [info]: Mapped {/api/sales, GET} (version: 1) route
2026-07-28 12:52:45 [info]: Mapped {/api/sales/summary, GET} (version: 1) route
2026-07-28 12:52:45 [info]: Mapped {/api/sales/comprobante/pdf/:token, GET} (version: 1) route
2026-07-28 12:52:45 [info]: Mapped {/api/sales/:id/pdf-token, GET} (version: 1) route
2026-07-28 12:52:45 [info]: Mapped {/api/sales/:id/pdf, GET} (version: 1) route
2026-07-28 12:52:45 [info]: Mapped {/api/sales/:id, GET} (version: 1) route
2026-07-28 12:52:45 [info]: Mapped {/api/sales, POST} (version: 1) route
2026-07-28 12:52:45 [info]: Mapped {/api/sales/credit-note, POST} (version: 1) route
2026-07-28 12:52:45 [info]: Mapped {/api/sales/:id/void, PATCH} (version: 1) route
2026-07-28 12:52:45 [info]: Mapped {/api/sales/:id/send-whatsapp, POST} (version: 1) route
2026-07-28 12:52:45 [info]: Mapped {/api/sales/:id/resend-sunat, POST} (version: 1) route
2026-07-28 12:52:45 [info]: CompanySettingsController {/api/company-settings} (version: 1):
2026-07-28 12:52:45 [info]: Mapped {/api/company-settings, GET} (version: 1) route
2026-07-28 12:52:45 [info]: Mapped {/api/company-settings, PUT} (version: 1) route
2026-07-28 12:52:45 [info]: Mapped {/api/company-settings/logo, POST} (version: 1) route
2026-07-28 12:52:45 [info]: Mapped {/api/company-settings/register-sunat-api, POST} (version: 1) route
2026-07-28 12:52:45 [info]: CashController {/api/caja} (version: 1):
2026-07-28 12:52:45 [info]: Mapped {/api/caja/abrir, POST} (version: 1) route
2026-07-28 12:52:45 [info]: Mapped {/api/caja/activa, GET} (version: 1) route
2026-07-28 12:52:45 [info]: Mapped {/api/caja/resumen, GET} (version: 1) route
2026-07-28 12:52:45 [info]: Mapped {/api/caja/movimiento, POST} (version: 1) route
2026-07-28 12:52:45 [info]: Mapped {/api/caja/cerrar, POST} (version: 1) route
2026-07-28 12:52:45 [info]: Mapped {/api/caja/historial, GET} (version: 1) route
2026-07-28 12:52:45 [info]: Mapped {/api/caja/sesion/:id, GET} (version: 1) route
2026-07-28 12:52:45 [info]: PurchaseOrderController {/api/purchase-orders} (version: 1):
2026-07-28 12:52:45 [info]: Mapped {/api/purchase-orders, GET} (version: 1) route
2026-07-28 12:52:45 [info]: Mapped {/api/purchase-orders/:id, GET} (version: 1) route
2026-07-28 12:52:45 [info]: Mapped {/api/purchase-orders, POST} (version: 1) route
2026-07-28 12:52:45 [info]: Mapped {/api/purchase-orders/:id/receive, PATCH} (version: 1) route
2026-07-28 12:52:45 [info]: Mapped {/api/purchase-orders/:id/cancel, PATCH} (version: 1) route
2026-07-28 12:52:45 [info]: EstablishmentsController {/api/establishments} (version: 1):
2026-07-28 12:52:45 [info]: Mapped {/api/establishments, GET} (version: 1) route
2026-07-28 12:52:45 [info]: Mapped {/api/establishments, POST} (version: 1) route
2026-07-28 12:52:45 [info]: Mapped {/api/establishments/series, GET} (version: 1) route
2026-07-28 12:52:45 [info]: Mapped {/api/establishments/series, POST} (version: 1) route
2026-07-28 12:52:45 [info]: Facturación electrónica: Adaptador inicializado.
2026-07-28 12:52:45 [info]: Facturación electrónica: Adaptador inicializado.
2026-07-28 12:52:45 [info]: Nest application successfully started
2026-07-28 13:12:26 [error]: QueryFailedError: Duplicate entry 'B001-00000021' for key 'IDX_sales_invoice_number'
    at MysqlQueryRunner.query (/Users/macintosh/Documents/DEVPRO/Back/src/driver/mysql/MysqlQueryRunner.ts:291:19)
    at process.processTicksAndRejections (node:internal/process/task_queues:103:5)
    at async InsertQueryBuilder.execute (/Users/macintosh/Documents/DEVPRO/Back/src/query-builder/InsertQueryBuilder.ts:166:33)
    at async SubjectExecutor.executeInsertOperations (/Users/macintosh/Documents/DEVPRO/Back/src/persistence/SubjectExecutor.ts:435:42)
    at async SubjectExecutor.execute (/Users/macintosh/Documents/DEVPRO/Back/src/persistence/SubjectExecutor.ts:137:9)
    at async EntityPersistExecutor.execute (/Users/macintosh/Documents/DEVPRO/Back/src/persistence/EntityPersistExecutor.ts:190:21)
    at async <anonymous> (/Users/macintosh/Documents/DEVPRO/Back/src/domain/services/sale.service.ts:199:25)
    at async EntityManager.transaction (/Users/macintosh/Documents/DEVPRO/Back/src/entity-manager/EntityManager.ts:159:28)
    at async SaleService.create (/Users/macintosh/Documents/DEVPRO/Back/src/domain/services/sale.service.ts:79:20)
    at async /Users/macintosh/Documents/DEVPRO/Back/node_modules/@nestjs/core/router/router-execution-context.js:47:62
    at async /Users/macintosh/Documents/DEVPRO/Back/node_modules/@nestjs/core/router/router-proxy.js:9:17
2026-07-28 13:12:31 [error]: QueryFailedError: Duplicate entry 'B001-00000021' for key 'IDX_sales_invoice_number'
    at MysqlQueryRunner.query (/Users/macintosh/Documents/DEVPRO/Back/src/driver/mysql/MysqlQueryRunner.ts:291:19)
    at process.processTicksAndRejections (node:internal/process/task_queues:103:5)
    at async InsertQueryBuilder.execute (/Users/macintosh/Documents/DEVPRO/Back/src/query-builder/InsertQueryBuilder.ts:166:33)
    at async SubjectExecutor.executeInsertOperations (/Users/macintosh/Documents/DEVPRO/Back/src/persistence/SubjectExecutor.ts:435:42)
    at async SubjectExecutor.execute (/Users/macintosh/Documents/DEVPRO/Back/src/persistence/SubjectExecutor.ts:137:9)
    at async EntityPersistExecutor.execute (/Users/macintosh/Documents/DEVPRO/Back/src/persistence/EntityPersistExecutor.ts:190:21)
    at async <anonymous> (/Users/macintosh/Documents/DEVPRO/Back/src/domain/services/sale.service.ts:199:25)
    at async EntityManager.transaction (/Users/macintosh/Documents/DEVPRO/Back/src/entity-manager/EntityManager.ts:159:28)
    at async SaleService.create (/Users/macintosh/Documents/DEVPRO/Back/src/domain/services/sale.service.ts:79:20)
    at async /Users/macintosh/Documents/DEVPRO/Back/node_modules/@nestjs/core/router/router-execution-context.js:47:62
    at async /Users/macintosh/Documents/DEVPRO/Back/node_modules/@nestjs/core/router/router-proxy.js:9:17
2026-07-28 13:12:32 [error]: QueryFailedError: Duplicate entry 'B001-00000021' for key 'IDX_sales_invoice_number'
    at MysqlQueryRunner.query (/Users/macintosh/Documents/DEVPRO/Back/src/driver/mysql/MysqlQueryRunner.ts:291:19)
    at process.processTicksAndRejections (node:internal/process/task_queues:103:5)
    at async InsertQueryBuilder.execute (/Users/macintosh/Documents/DEVPRO/Back/src/query-builder/InsertQueryBuilder.ts:166:33)
    at async SubjectExecutor.executeInsertOperations (/Users/macintosh/Documents/DEVPRO/Back/src/persistence/SubjectExecutor.ts:435:42)
    at async SubjectExecutor.execute (/Users/macintosh/Documents/DEVPRO/Back/src/persistence/SubjectExecutor.ts:137:9)
    at async EntityPersistExecutor.execute (/Users/macintosh/Documents/DEVPRO/Back/src/persistence/EntityPersistExecutor.ts:190:21)
    at async <anonymous> (/Users/macintosh/Documents/DEVPRO/Back/src/domain/services/sale.service.ts:199:25)
    at async EntityManager.transaction (/Users/macintosh/Documents/DEVPRO/Back/src/entity-manager/EntityManager.ts:159:28)
    at async SaleService.create (/Users/macintosh/Documents/DEVPRO/Back/src/domain/services/sale.service.ts:79:20)
    at async /Users/macintosh/Documents/DEVPRO/Back/node_modules/@nestjs/core/router/router-execution-context.js:47:62
    at async /Users/macintosh/Documents/DEVPRO/Back/node_modules/@nestjs/core/router/router-proxy.js:9:17
2026-07-28 13:12:33 [error]: QueryFailedError: Duplicate entry 'B001-00000021' for key 'IDX_sales_invoice_number'
    at MysqlQueryRunner.query (/Users/macintosh/Documents/DEVPRO/Back/src/driver/mysql/MysqlQueryRunner.ts:291:19)
    at process.processTicksAndRejections (node:internal/process/task_queues:103:5)
    at async InsertQueryBuilder.execute (/Users/macintosh/Documents/DEVPRO/Back/src/query-builder/InsertQueryBuilder.ts:166:33)
    at async SubjectExecutor.executeInsertOperations (/Users/macintosh/Documents/DEVPRO/Back/src/persistence/SubjectExecutor.ts:435:42)
    at async SubjectExecutor.execute (/Users/macintosh/Documents/DEVPRO/Back/src/persistence/SubjectExecutor.ts:137:9)
    at async EntityPersistExecutor.execute (/Users/macintosh/Documents/DEVPRO/Back/src/persistence/EntityPersistExecutor.ts:190:21)
    at async <anonymous> (/Users/macintosh/Documents/DEVPRO/Back/src/domain/services/sale.service.ts:199:25)
    at async EntityManager.transaction (/Users/macintosh/Documents/DEVPRO/Back/src/entity-manager/EntityManager.ts:159:28)
    at async SaleService.create (/Users/macintosh/Documents/DEVPRO/Back/src/domain/services/sale.service.ts:79:20)
    at async /Users/macintosh/Documents/DEVPRO/Back/node_modules/@nestjs/core/router/router-execution-context.js:47:62
    at async /Users/macintosh/Documents/DEVPRO/Back/node_modules/@nestjs/core/router/router-proxy.js:9:17
2026-07-28 13:12:44 [error]: QueryFailedError: Duplicate entry 'B001-00000021' for key 'IDX_sales_invoice_number'
    at MysqlQueryRunner.query (/Users/macintosh/Documents/DEVPRO/Back/src/driver/mysql/MysqlQueryRunner.ts:291:19)
    at process.processTicksAndRejections (node:internal/process/task_queues:103:5)
    at async InsertQueryBuilder.execute (/Users/macintosh/Documents/DEVPRO/Back/src/query-builder/InsertQueryBuilder.ts:166:33)
    at async SubjectExecutor.executeInsertOperations (/Users/macintosh/Documents/DEVPRO/Back/src/persistence/SubjectExecutor.ts:435:42)
    at async SubjectExecutor.execute (/Users/macintosh/Documents/DEVPRO/Back/src/persistence/SubjectExecutor.ts:137:9)
    at async EntityPersistExecutor.execute (/Users/macintosh/Documents/DEVPRO/Back/src/persistence/EntityPersistExecutor.ts:190:21)
    at async <anonymous> (/Users/macintosh/Documents/DEVPRO/Back/src/domain/services/sale.service.ts:199:25)
    at async EntityManager.transaction (/Users/macintosh/Documents/DEVPRO/Back/src/entity-manager/EntityManager.ts:159:28)
    at async SaleService.create (/Users/macintosh/Documents/DEVPRO/Back/src/domain/services/sale.service.ts:79:20)
    at async /Users/macintosh/Documents/DEVPRO/Back/node_modules/@nestjs/core/router/router-execution-context.js:47:62
    at async /Users/macintosh/Documents/DEVPRO/Back/node_modules/@nestjs/core/router/router-proxy.js:9:17
2026-07-28 13:12:46 [error]: QueryFailedError: Duplicate entry 'B001-00000021' for key 'IDX_sales_invoice_number'
    at MysqlQueryRunner.query (/Users/macintosh/Documents/DEVPRO/Back/src/driver/mysql/MysqlQueryRunner.ts:291:19)
    at process.processTicksAndRejections (node:internal/process/task_queues:103:5)
    at async InsertQueryBuilder.execute (/Users/macintosh/Documents/DEVPRO/Back/src/query-builder/InsertQueryBuilder.ts:166:33)
    at async SubjectExecutor.executeInsertOperations (/Users/macintosh/Documents/DEVPRO/Back/src/persistence/SubjectExecutor.ts:435:42)
    at async SubjectExecutor.execute (/Users/macintosh/Documents/DEVPRO/Back/src/persistence/SubjectExecutor.ts:137:9)
    at async EntityPersistExecutor.execute (/Users/macintosh/Documents/DEVPRO/Back/src/persistence/EntityPersistExecutor.ts:190:21)
    at async <anonymous> (/Users/macintosh/Documents/DEVPRO/Back/src/domain/services/sale.service.ts:199:25)
    at async EntityManager.transaction (/Users/macintosh/Documents/DEVPRO/Back/src/entity-manager/EntityManager.ts:159:28)
    at async SaleService.create (/Users/macintosh/Documents/DEVPRO/Back/src/domain/services/sale.service.ts:79:20)
    at async /Users/macintosh/Documents/DEVPRO/Back/node_modules/@nestjs/core/router/router-execution-context.js:47:62
    at async /Users/macintosh/Documents/DEVPRO/Back/node_modules/@nestjs/core/router/router-proxy.js:9:17
2026-07-28 13:15:08 [error]: QueryFailedError: Duplicate entry 'F001-00000014' for key 'IDX_sales_invoice_number'
    at MysqlQueryRunner.query (/Users/macintosh/Documents/DEVPRO/Back/src/driver/mysql/MysqlQueryRunner.ts:291:19)
    at process.processTicksAndRejections (node:internal/process/task_queues:103:5)
    at async InsertQueryBuilder.execute (/Users/macintosh/Documents/DEVPRO/Back/src/query-builder/InsertQueryBuilder.ts:166:33)
    at async SubjectExecutor.executeInsertOperations (/Users/macintosh/Documents/DEVPRO/Back/src/persistence/SubjectExecutor.ts:435:42)
    at async SubjectExecutor.execute (/Users/macintosh/Documents/DEVPRO/Back/src/persistence/SubjectExecutor.ts:137:9)
    at async EntityPersistExecutor.execute (/Users/macintosh/Documents/DEVPRO/Back/src/persistence/EntityPersistExecutor.ts:190:21)
    at async <anonymous> (/Users/macintosh/Documents/DEVPRO/Back/src/domain/services/sale.service.ts:199:25)
    at async EntityManager.transaction (/Users/macintosh/Documents/DEVPRO/Back/src/entity-manager/EntityManager.ts:159:28)
    at async SaleService.create (/Users/macintosh/Documents/DEVPRO/Back/src/domain/services/sale.service.ts:79:20)
    at async /Users/macintosh/Documents/DEVPRO/Back/node_modules/@nestjs/core/router/router-execution-context.js:47:62
    at async /Users/macintosh/Documents/DEVPRO/Back/node_modules/@nestjs/core/router/router-proxy.js:9:17
2026-07-28 13:15:10 [error]: QueryFailedError: Duplicate entry 'F001-00000014' for key 'IDX_sales_invoice_number'
    at MysqlQueryRunner.query (/Users/macintosh/Documents/DEVPRO/Back/src/driver/mysql/MysqlQueryRunner.ts:291:19)
    at process.processTicksAndRejections (node:internal/process/task_queues:103:5)
    at async InsertQueryBuilder.execute (/Users/macintosh/Documents/DEVPRO/Back/src/query-builder/InsertQueryBuilder.ts:166:33)
    at async SubjectExecutor.executeInsertOperations (/Users/macintosh/Documents/DEVPRO/Back/src/persistence/SubjectExecutor.ts:435:42)
    at async SubjectExecutor.execute (/Users/macintosh/Documents/DEVPRO/Back/src/persistence/SubjectExecutor.ts:137:9)
    at async EntityPersistExecutor.execute (/Users/macintosh/Documents/DEVPRO/Back/src/persistence/EntityPersistExecutor.ts:190:21)
    at async <anonymous> (/Users/macintosh/Documents/DEVPRO/Back/src/domain/services/sale.service.ts:199:25)
    at async EntityManager.transaction (/Users/macintosh/Documents/DEVPRO/Back/src/entity-manager/EntityManager.ts:159:28)
    at async SaleService.create (/Users/macintosh/Documents/DEVPRO/Back/src/domain/services/sale.service.ts:79:20)
    at async /Users/macintosh/Documents/DEVPRO/Back/node_modules/@nestjs/core/router/router-execution-context.js:47:62
    at async /Users/macintosh/Documents/DEVPRO/Back/node_modules/@nestjs/core/router/router-proxy.js:9:17
2026-07-28 13:15:19 [error]: QueryFailedError: Duplicate entry 'F001-00000014' for key 'IDX_sales_invoice_number'
    at MysqlQueryRunner.query (/Users/macintosh/Documents/DEVPRO/Back/src/driver/mysql/MysqlQueryRunner.ts:291:19)
    at process.processTicksAndRejections (node:internal/process/task_queues:103:5)
    at async InsertQueryBuilder.execute (/Users/macintosh/Documents/DEVPRO/Back/src/query-builder/InsertQueryBuilder.ts:166:33)
    at async SubjectExecutor.executeInsertOperations (/Users/macintosh/Documents/DEVPRO/Back/src/persistence/SubjectExecutor.ts:435:42)
    at async SubjectExecutor.execute (/Users/macintosh/Documents/DEVPRO/Back/src/persistence/SubjectExecutor.ts:137:9)
    at async EntityPersistExecutor.execute (/Users/macintosh/Documents/DEVPRO/Back/src/persistence/EntityPersistExecutor.ts:190:21)
    at async <anonymous> (/Users/macintosh/Documents/DEVPRO/Back/src/domain/services/sale.service.ts:199:25)
    at async EntityManager.transaction (/Users/macintosh/Documents/DEVPRO/Back/src/entity-manager/EntityManager.ts:159:28)
    at async SaleService.create (/Users/macintosh/Documents/DEVPRO/Back/src/domain/services/sale.service.ts:79:20)
    at async /Users/macintosh/Documents/DEVPRO/Back/node_modules/@nestjs/core/router/router-execution-context.js:47:62
    at async /Users/macintosh/Documents/DEVPRO/Back/node_modules/@nestjs/core/router/router-proxy.js:9:17
2026-07-28 13:15:20 [error]: QueryFailedError: Duplicate entry 'F001-00000014' for key 'IDX_sales_invoice_number'
    at MysqlQueryRunner.query (/Users/macintosh/Documents/DEVPRO/Back/src/driver/mysql/MysqlQueryRunner.ts:291:19)
    at process.processTicksAndRejections (node:internal/process/task_queues:103:5)
    at async InsertQueryBuilder.execute (/Users/macintosh/Documents/DEVPRO/Back/src/query-builder/InsertQueryBuilder.ts:166:33)
    at async SubjectExecutor.executeInsertOperations (/Users/macintosh/Documents/DEVPRO/Back/src/persistence/SubjectExecutor.ts:435:42)
    at async SubjectExecutor.execute (/Users/macintosh/Documents/DEVPRO/Back/src/persistence/SubjectExecutor.ts:137:9)
    at async EntityPersistExecutor.execute (/Users/macintosh/Documents/DEVPRO/Back/src/persistence/EntityPersistExecutor.ts:190:21)
    at async <anonymous> (/Users/macintosh/Documents/DEVPRO/Back/src/domain/services/sale.service.ts:199:25)
    at async EntityManager.transaction (/Users/macintosh/Documents/DEVPRO/Back/src/entity-manager/EntityManager.ts:159:28)
    at async SaleService.create (/Users/macintosh/Documents/DEVPRO/Back/src/domain/services/sale.service.ts:79:20)
    at async /Users/macintosh/Documents/DEVPRO/Back/node_modules/@nestjs/core/router/router-execution-context.js:47:62
    at async /Users/macintosh/Documents/DEVPRO/Back/node_modules/@nestjs/core/router/router-proxy.js:9:17
2026-07-28 13:15:21 [error]: QueryFailedError: Duplicate entry 'F001-00000014' for key 'IDX_sales_invoice_number'
    at MysqlQueryRunner.query (/Users/macintosh/Documents/DEVPRO/Back/src/driver/mysql/MysqlQueryRunner.ts:291:19)
    at process.processTicksAndRejections (node:internal/process/task_queues:103:5)
    at async InsertQueryBuilder.execute (/Users/macintosh/Documents/DEVPRO/Back/src/query-builder/InsertQueryBuilder.ts:166:33)
    at async SubjectExecutor.executeInsertOperations (/Users/macintosh/Documents/DEVPRO/Back/src/persistence/SubjectExecutor.ts:435:42)
    at async SubjectExecutor.execute (/Users/macintosh/Documents/DEVPRO/Back/src/persistence/SubjectExecutor.ts:137:9)
    at async EntityPersistExecutor.execute (/Users/macintosh/Documents/DEVPRO/Back/src/persistence/EntityPersistExecutor.ts:190:21)
    at async <anonymous> (/Users/macintosh/Documents/DEVPRO/Back/src/domain/services/sale.service.ts:199:25)
    at async EntityManager.transaction (/Users/macintosh/Documents/DEVPRO/Back/src/entity-manager/EntityManager.ts:159:28)
    at async SaleService.create (/Users/macintosh/Documents/DEVPRO/Back/src/domain/services/sale.service.ts:79:20)
    at async /Users/macintosh/Documents/DEVPRO/Back/node_modules/@nestjs/core/router/router-execution-context.js:47:62
    at async /Users/macintosh/Documents/DEVPRO/Back/node_modules/@nestjs/core/router/router-proxy.js:9:17
2026-07-28 13:16:00 [error]: QueryFailedError: Duplicate entry 'F001-00000014' for key 'IDX_sales_invoice_number'
    at MysqlQueryRunner.query (/Users/macintosh/Documents/DEVPRO/Back/src/driver/mysql/MysqlQueryRunner.ts:291:19)
    at process.processTicksAndRejections (node:internal/process/task_queues:103:5)
    at async InsertQueryBuilder.execute (/Users/macintosh/Documents/DEVPRO/Back/src/query-builder/InsertQueryBuilder.ts:166:33)
    at async SubjectExecutor.executeInsertOperations (/Users/macintosh/Documents/DEVPRO/Back/src/persistence/SubjectExecutor.ts:435:42)
    at async SubjectExecutor.execute (/Users/macintosh/Documents/DEVPRO/Back/src/persistence/SubjectExecutor.ts:137:9)
    at async EntityPersistExecutor.execute (/Users/macintosh/Documents/DEVPRO/Back/src/persistence/EntityPersistExecutor.ts:190:21)
    at async <anonymous> (/Users/macintosh/Documents/DEVPRO/Back/src/domain/services/sale.service.ts:199:25)
    at async EntityManager.transaction (/Users/macintosh/Documents/DEVPRO/Back/src/entity-manager/EntityManager.ts:159:28)
    at async SaleService.create (/Users/macintosh/Documents/DEVPRO/Back/src/domain/services/sale.service.ts:79:20)
    at async /Users/macintosh/Documents/DEVPRO/Back/node_modules/@nestjs/core/router/router-execution-context.js:47:62
    at async /Users/macintosh/Documents/DEVPRO/Back/node_modules/@nestjs/core/router/router-proxy.js:9:17
2026-07-28 13:16:06 [error]: QueryFailedError: Duplicate entry 'F001-00000014' for key 'IDX_sales_invoice_number'
    at MysqlQueryRunner.query (/Users/macintosh/Documents/DEVPRO/Back/src/driver/mysql/MysqlQueryRunner.ts:291:19)
    at process.processTicksAndRejections (node:internal/process/task_queues:103:5)
    at async InsertQueryBuilder.execute (/Users/macintosh/Documents/DEVPRO/Back/src/query-builder/InsertQueryBuilder.ts:166:33)
    at async SubjectExecutor.executeInsertOperations (/Users/macintosh/Documents/DEVPRO/Back/src/persistence/SubjectExecutor.ts:435:42)
    at async SubjectExecutor.execute (/Users/macintosh/Documents/DEVPRO/Back/src/persistence/SubjectExecutor.ts:137:9)
    at async EntityPersistExecutor.execute (/Users/macintosh/Documents/DEVPRO/Back/src/persistence/EntityPersistExecutor.ts:190:21)
    at async <anonymous> (/Users/macintosh/Documents/DEVPRO/Back/src/domain/services/sale.service.ts:199:25)
    at async EntityManager.transaction (/Users/macintosh/Documents/DEVPRO/Back/src/entity-manager/EntityManager.ts:159:28)
    at async SaleService.create (/Users/macintosh/Documents/DEVPRO/Back/src/domain/services/sale.service.ts:79:20)
    at async /Users/macintosh/Documents/DEVPRO/Back/node_modules/@nestjs/core/router/router-execution-context.js:47:62
    at async /Users/macintosh/Documents/DEVPRO/Back/node_modules/@nestjs/core/router/router-proxy.js:9:17
2026-07-28 14:23:30 [info]: Starting Nest application...
2026-07-28 14:23:30 [info]: AppModule dependencies initialized
2026-07-28 14:23:30 [info]: TypeOrmModule dependencies initialized
2026-07-28 14:23:30 [info]: PassportModule dependencies initialized
2026-07-28 14:23:30 [info]: ConfigHostModule dependencies initialized
2026-07-28 14:23:30 [info]: WinstonModule dependencies initialized
2026-07-28 14:23:30 [info]: HealthModule dependencies initialized
2026-07-28 14:23:30 [info]: HttpModule dependencies initialized
2026-07-28 14:23:30 [info]: DiscoveryModule dependencies initialized
2026-07-28 14:23:30 [info]: ConfigModule dependencies initialized
2026-07-28 14:23:30 [info]: ConfigModule dependencies initialized
2026-07-28 14:23:30 [info]: EventEmitterModule dependencies initialized
2026-07-28 14:23:30 [info]: ScheduleModule dependencies initialized
2026-07-28 14:23:30 [info]: JwtModule dependencies initialized
2026-07-28 14:23:30 [info]: TypeOrmCoreModule dependencies initialized
2026-07-28 14:23:30 [info]: TypeOrmModule dependencies initialized
2026-07-28 14:23:30 [info]: TypeOrmModule dependencies initialized
2026-07-28 14:23:30 [info]: TypeOrmModule dependencies initialized
2026-07-28 14:23:30 [info]: TypeOrmModule dependencies initialized
2026-07-28 14:23:30 [info]: TypeOrmModule dependencies initialized
2026-07-28 14:23:30 [info]: TypeOrmModule dependencies initialized
2026-07-28 14:23:30 [info]: TypeOrmModule dependencies initialized
2026-07-28 14:23:30 [info]: TypeOrmModule dependencies initialized
2026-07-28 14:23:30 [info]: TypeOrmModule dependencies initialized
2026-07-28 14:23:30 [info]: TypeOrmModule dependencies initialized
2026-07-28 14:23:30 [info]: TypeOrmModule dependencies initialized
2026-07-28 14:23:30 [info]: CategoryModule dependencies initialized
2026-07-28 14:23:30 [info]: SupplierModule dependencies initialized
2026-07-28 14:23:30 [info]: CustomerModule dependencies initialized
2026-07-28 14:23:30 [info]: AuthModule dependencies initialized
2026-07-28 14:23:30 [info]: EstablishmentsModule dependencies initialized
2026-07-28 14:23:30 [info]: UserModule dependencies initialized
2026-07-28 14:23:30 [info]: ProductModule dependencies initialized
2026-07-28 14:23:30 [info]: PurchaseOrderModule dependencies initialized
2026-07-28 14:23:30 [info]: CompanySettingsModule dependencies initialized
2026-07-28 14:23:30 [info]: SaleModule dependencies initialized
2026-07-28 14:23:30 [info]: CashModule dependencies initialized
2026-07-28 14:23:30 [info]: AuthController {/api/auth} (version: 1):
2026-07-28 14:23:30 [info]: Mapped {/api/auth/login, POST} (version: 1) route
2026-07-28 14:23:30 [info]: Mapped {/api/auth/status, GET} (version: 1) route
2026-07-28 14:23:30 [info]: UserController {/api/users} (version: 1):
2026-07-28 14:23:30 [info]: Mapped {/api/users, GET} (version: 1) route
2026-07-28 14:23:30 [info]: Mapped {/api/users/:id, GET} (version: 1) route
2026-07-28 14:23:30 [info]: Mapped {/api/users, POST} (version: 1) route
2026-07-28 14:23:30 [info]: Mapped {/api/users/:id, PUT} (version: 1) route
2026-07-28 14:23:30 [info]: Mapped {/api/users/:id, DELETE} (version: 1) route
2026-07-28 14:23:30 [info]: HealthController {/api/health} (version: 1):
2026-07-28 14:23:30 [info]: Mapped {/api/health, GET} (version: 1) route
2026-07-28 14:23:30 [info]: CategoryController {/api/categories} (version: 1):
2026-07-28 14:23:30 [info]: Mapped {/api/categories, GET} (version: 1) route
2026-07-28 14:23:30 [info]: Mapped {/api/categories/:id, GET} (version: 1) route
2026-07-28 14:23:30 [info]: Mapped {/api/categories, POST} (version: 1) route
2026-07-28 14:23:30 [info]: Mapped {/api/categories/:id, PUT} (version: 1) route
2026-07-28 14:23:30 [info]: Mapped {/api/categories/:id, DELETE} (version: 1) route
2026-07-28 14:23:30 [info]: SupplierController {/api/suppliers} (version: 1):
2026-07-28 14:23:30 [info]: Mapped {/api/suppliers, GET} (version: 1) route
2026-07-28 14:23:30 [info]: Mapped {/api/suppliers/:id, GET} (version: 1) route
2026-07-28 14:23:30 [info]: Mapped {/api/suppliers, POST} (version: 1) route
2026-07-28 14:23:30 [info]: Mapped {/api/suppliers/:id, PUT} (version: 1) route
2026-07-28 14:23:30 [info]: Mapped {/api/suppliers/:id, DELETE} (version: 1) route
2026-07-28 14:23:30 [info]: ProductController {/api/products} (version: 1):
2026-07-28 14:23:30 [info]: Mapped {/api/products, GET} (version: 1) route
2026-07-28 14:23:30 [info]: Mapped {/api/products/low-stock, GET} (version: 1) route
2026-07-28 14:23:30 [info]: Mapped {/api/products/excel/template, GET} (version: 1) route
2026-07-28 14:23:30 [info]: Mapped {/api/products/excel/import, POST} (version: 1) route
2026-07-28 14:23:30 [info]: Mapped {/api/products/barcode/:barcode, GET} (version: 1) route
2026-07-28 14:23:30 [info]: Mapped {/api/products/:id, GET} (version: 1) route
2026-07-28 14:23:30 [info]: Mapped {/api/products, POST} (version: 1) route
2026-07-28 14:23:30 [info]: Mapped {/api/products/:id, PUT} (version: 1) route
2026-07-28 14:23:30 [info]: Mapped {/api/products/:id, DELETE} (version: 1) route
2026-07-28 14:23:30 [info]: Mapped {/api/products/:id/batches, GET} (version: 1) route
2026-07-28 14:23:30 [info]: Mapped {/api/products/:id/stock/add, PATCH} (version: 1) route
2026-07-28 14:23:30 [info]: Mapped {/api/products/:id/stock/subtract, PATCH} (version: 1) route
2026-07-28 14:23:30 [info]: CustomerController {/api/customers} (version: 1):
2026-07-28 14:23:30 [info]: Mapped {/api/customers, GET} (version: 1) route
2026-07-28 14:23:30 [info]: Mapped {/api/customers/lookup/:doc, GET} (version: 1) route
2026-07-28 14:23:30 [info]: Mapped {/api/customers/:id, GET} (version: 1) route
2026-07-28 14:23:30 [info]: Mapped {/api/customers, POST} (version: 1) route
2026-07-28 14:23:30 [info]: Mapped {/api/customers/:id, PUT} (version: 1) route
2026-07-28 14:23:30 [info]: Mapped {/api/customers/:id, DELETE} (version: 1) route
2026-07-28 14:23:30 [info]: SaleController {/api/sales} (version: 1):
2026-07-28 14:23:30 [info]: Mapped {/api/sales, GET} (version: 1) route
2026-07-28 14:23:30 [info]: Mapped {/api/sales/summary, GET} (version: 1) route
2026-07-28 14:23:30 [info]: Mapped {/api/sales/comprobante/pdf/:token, GET} (version: 1) route
2026-07-28 14:23:30 [info]: Mapped {/api/sales/:id/pdf-token, GET} (version: 1) route
2026-07-28 14:23:30 [info]: Mapped {/api/sales/:id/pdf, GET} (version: 1) route
2026-07-28 14:23:30 [info]: Mapped {/api/sales/:id, GET} (version: 1) route
2026-07-28 14:23:30 [info]: Mapped {/api/sales, POST} (version: 1) route
2026-07-28 14:23:30 [info]: Mapped {/api/sales/credit-note, POST} (version: 1) route
2026-07-28 14:23:30 [info]: Mapped {/api/sales/:id/void, PATCH} (version: 1) route
2026-07-28 14:23:30 [info]: Mapped {/api/sales/:id/send-whatsapp, POST} (version: 1) route
2026-07-28 14:23:30 [info]: Mapped {/api/sales/:id/resend-sunat, POST} (version: 1) route
2026-07-28 14:23:30 [info]: CompanySettingsController {/api/company-settings} (version: 1):
2026-07-28 14:23:30 [info]: Mapped {/api/company-settings, GET} (version: 1) route
2026-07-28 14:23:30 [info]: Mapped {/api/company-settings, PUT} (version: 1) route
2026-07-28 14:23:30 [info]: Mapped {/api/company-settings/logo, POST} (version: 1) route
2026-07-28 14:23:30 [info]: Mapped {/api/company-settings/register-sunat-api, POST} (version: 1) route
2026-07-28 14:23:30 [info]: CashController {/api/caja} (version: 1):
2026-07-28 14:23:30 [info]: Mapped {/api/caja/abrir, POST} (version: 1) route
2026-07-28 14:23:30 [info]: Mapped {/api/caja/activa, GET} (version: 1) route
2026-07-28 14:23:30 [info]: Mapped {/api/caja/resumen, GET} (version: 1) route
2026-07-28 14:23:30 [info]: Mapped {/api/caja/movimiento, POST} (version: 1) route
2026-07-28 14:23:30 [info]: Mapped {/api/caja/cerrar, POST} (version: 1) route
2026-07-28 14:23:30 [info]: Mapped {/api/caja/historial, GET} (version: 1) route
2026-07-28 14:23:30 [info]: Mapped {/api/caja/sesion/:id, GET} (version: 1) route
2026-07-28 14:23:30 [info]: PurchaseOrderController {/api/purchase-orders} (version: 1):
2026-07-28 14:23:30 [info]: Mapped {/api/purchase-orders, GET} (version: 1) route
2026-07-28 14:23:30 [info]: Mapped {/api/purchase-orders/:id, GET} (version: 1) route
2026-07-28 14:23:30 [info]: Mapped {/api/purchase-orders, POST} (version: 1) route
2026-07-28 14:23:30 [info]: Mapped {/api/purchase-orders/:id/receive, PATCH} (version: 1) route
2026-07-28 14:23:30 [info]: Mapped {/api/purchase-orders/:id/cancel, PATCH} (version: 1) route
2026-07-28 14:23:30 [info]: EstablishmentsController {/api/establishments} (version: 1):
2026-07-28 14:23:30 [info]: Mapped {/api/establishments, GET} (version: 1) route
2026-07-28 14:23:30 [info]: Mapped {/api/establishments, POST} (version: 1) route
2026-07-28 14:23:30 [info]: Mapped {/api/establishments/series, GET} (version: 1) route
2026-07-28 14:23:30 [info]: Mapped {/api/establishments/series, POST} (version: 1) route
2026-07-28 14:23:30 [info]: Facturación electrónica: Adaptador inicializado.
2026-07-28 14:23:30 [info]: Facturación electrónica: Adaptador inicializado.
2026-07-28 14:23:30 [info]: Nest application successfully started
2026-07-28 14:24:20 [info]: Starting Nest application...
2026-07-28 14:24:20 [info]: AppModule dependencies initialized
2026-07-28 14:24:20 [info]: TypeOrmModule dependencies initialized
2026-07-28 14:24:20 [info]: PassportModule dependencies initialized
2026-07-28 14:24:20 [info]: ConfigHostModule dependencies initialized
2026-07-28 14:24:20 [info]: WinstonModule dependencies initialized
2026-07-28 14:24:20 [info]: HealthModule dependencies initialized
2026-07-28 14:24:20 [info]: HttpModule dependencies initialized
2026-07-28 14:24:20 [info]: DiscoveryModule dependencies initialized
2026-07-28 14:24:20 [info]: ConfigModule dependencies initialized
2026-07-28 14:24:20 [info]: ConfigModule dependencies initialized
2026-07-28 14:24:20 [info]: EventEmitterModule dependencies initialized
2026-07-28 14:24:20 [info]: ScheduleModule dependencies initialized
2026-07-28 14:24:20 [info]: JwtModule dependencies initialized
2026-07-28 14:24:20 [info]: TypeOrmCoreModule dependencies initialized
2026-07-28 14:24:20 [info]: TypeOrmModule dependencies initialized
2026-07-28 14:24:20 [info]: TypeOrmModule dependencies initialized
2026-07-28 14:24:20 [info]: TypeOrmModule dependencies initialized
2026-07-28 14:24:20 [info]: TypeOrmModule dependencies initialized
2026-07-28 14:24:20 [info]: TypeOrmModule dependencies initialized
2026-07-28 14:24:20 [info]: TypeOrmModule dependencies initialized
2026-07-28 14:24:20 [info]: TypeOrmModule dependencies initialized
2026-07-28 14:24:20 [info]: TypeOrmModule dependencies initialized
2026-07-28 14:24:20 [info]: TypeOrmModule dependencies initialized
2026-07-28 14:24:20 [info]: TypeOrmModule dependencies initialized
2026-07-28 14:24:20 [info]: TypeOrmModule dependencies initialized
2026-07-28 14:24:20 [info]: CategoryModule dependencies initialized
2026-07-28 14:24:20 [info]: SupplierModule dependencies initialized
2026-07-28 14:24:20 [info]: CustomerModule dependencies initialized
2026-07-28 14:24:20 [info]: AuthModule dependencies initialized
2026-07-28 14:24:20 [info]: EstablishmentsModule dependencies initialized
2026-07-28 14:24:20 [info]: UserModule dependencies initialized
2026-07-28 14:24:20 [info]: ProductModule dependencies initialized
2026-07-28 14:24:20 [info]: PurchaseOrderModule dependencies initialized
2026-07-28 14:24:20 [info]: CompanySettingsModule dependencies initialized
2026-07-28 14:24:20 [info]: SaleModule dependencies initialized
2026-07-28 14:24:20 [info]: CashModule dependencies initialized
2026-07-28 14:24:20 [info]: AuthController {/api/auth} (version: 1):
2026-07-28 14:24:20 [info]: Mapped {/api/auth/login, POST} (version: 1) route
2026-07-28 14:24:20 [info]: Mapped {/api/auth/status, GET} (version: 1) route
2026-07-28 14:24:20 [info]: UserController {/api/users} (version: 1):
2026-07-28 14:24:20 [info]: Mapped {/api/users, GET} (version: 1) route
2026-07-28 14:24:20 [info]: Mapped {/api/users/:id, GET} (version: 1) route
2026-07-28 14:24:20 [info]: Mapped {/api/users, POST} (version: 1) route
2026-07-28 14:24:20 [info]: Mapped {/api/users/:id, PUT} (version: 1) route
2026-07-28 14:24:20 [info]: Mapped {/api/users/:id, DELETE} (version: 1) route
2026-07-28 14:24:20 [info]: HealthController {/api/health} (version: 1):
2026-07-28 14:24:20 [info]: Mapped {/api/health, GET} (version: 1) route
2026-07-28 14:24:20 [info]: CategoryController {/api/categories} (version: 1):
2026-07-28 14:24:20 [info]: Mapped {/api/categories, GET} (version: 1) route
2026-07-28 14:24:20 [info]: Mapped {/api/categories/:id, GET} (version: 1) route
2026-07-28 14:24:20 [info]: Mapped {/api/categories, POST} (version: 1) route
2026-07-28 14:24:20 [info]: Mapped {/api/categories/:id, PUT} (version: 1) route
2026-07-28 14:24:20 [info]: Mapped {/api/categories/:id, DELETE} (version: 1) route
2026-07-28 14:24:20 [info]: SupplierController {/api/suppliers} (version: 1):
2026-07-28 14:24:20 [info]: Mapped {/api/suppliers, GET} (version: 1) route
2026-07-28 14:24:20 [info]: Mapped {/api/suppliers/:id, GET} (version: 1) route
2026-07-28 14:24:20 [info]: Mapped {/api/suppliers, POST} (version: 1) route
2026-07-28 14:24:20 [info]: Mapped {/api/suppliers/:id, PUT} (version: 1) route
2026-07-28 14:24:20 [info]: Mapped {/api/suppliers/:id, DELETE} (version: 1) route
2026-07-28 14:24:20 [info]: ProductController {/api/products} (version: 1):
2026-07-28 14:24:20 [info]: Mapped {/api/products, GET} (version: 1) route
2026-07-28 14:24:20 [info]: Mapped {/api/products/low-stock, GET} (version: 1) route
2026-07-28 14:24:20 [info]: Mapped {/api/products/excel/template, GET} (version: 1) route
2026-07-28 14:24:20 [info]: Mapped {/api/products/excel/import, POST} (version: 1) route
2026-07-28 14:24:20 [info]: Mapped {/api/products/barcode/:barcode, GET} (version: 1) route
2026-07-28 14:24:20 [info]: Mapped {/api/products/:id, GET} (version: 1) route
2026-07-28 14:24:20 [info]: Mapped {/api/products, POST} (version: 1) route
2026-07-28 14:24:20 [info]: Mapped {/api/products/:id, PUT} (version: 1) route
2026-07-28 14:24:20 [info]: Mapped {/api/products/:id, DELETE} (version: 1) route
2026-07-28 14:24:20 [info]: Mapped {/api/products/:id/batches, GET} (version: 1) route
2026-07-28 14:24:20 [info]: Mapped {/api/products/:id/stock/add, PATCH} (version: 1) route
2026-07-28 14:24:20 [info]: Mapped {/api/products/:id/stock/subtract, PATCH} (version: 1) route
2026-07-28 14:24:20 [info]: CustomerController {/api/customers} (version: 1):
2026-07-28 14:24:20 [info]: Mapped {/api/customers, GET} (version: 1) route
2026-07-28 14:24:20 [info]: Mapped {/api/customers/lookup/:doc, GET} (version: 1) route
2026-07-28 14:24:20 [info]: Mapped {/api/customers/:id, GET} (version: 1) route
2026-07-28 14:24:20 [info]: Mapped {/api/customers, POST} (version: 1) route
2026-07-28 14:24:20 [info]: Mapped {/api/customers/:id, PUT} (version: 1) route
2026-07-28 14:24:20 [info]: Mapped {/api/customers/:id, DELETE} (version: 1) route
2026-07-28 14:24:20 [info]: SaleController {/api/sales} (version: 1):
2026-07-28 14:24:20 [info]: Mapped {/api/sales, GET} (version: 1) route
2026-07-28 14:24:20 [info]: Mapped {/api/sales/summary, GET} (version: 1) route
2026-07-28 14:24:20 [info]: Mapped {/api/sales/comprobante/pdf/:token, GET} (version: 1) route
2026-07-28 14:24:20 [info]: Mapped {/api/sales/:id/pdf-token, GET} (version: 1) route
2026-07-28 14:24:20 [info]: Mapped {/api/sales/:id/pdf, GET} (version: 1) route
2026-07-28 14:24:20 [info]: Mapped {/api/sales/:id, GET} (version: 1) route
2026-07-28 14:24:20 [info]: Mapped {/api/sales, POST} (version: 1) route
2026-07-28 14:24:20 [info]: Mapped {/api/sales/credit-note, POST} (version: 1) route
2026-07-28 14:24:20 [info]: Mapped {/api/sales/:id/void, PATCH} (version: 1) route
2026-07-28 14:24:20 [info]: Mapped {/api/sales/:id/send-whatsapp, POST} (version: 1) route
2026-07-28 14:24:20 [info]: Mapped {/api/sales/:id/resend-sunat, POST} (version: 1) route
2026-07-28 14:24:20 [info]: CompanySettingsController {/api/company-settings} (version: 1):
2026-07-28 14:24:20 [info]: Mapped {/api/company-settings, GET} (version: 1) route
2026-07-28 14:24:20 [info]: Mapped {/api/company-settings, PUT} (version: 1) route
2026-07-28 14:24:20 [info]: Mapped {/api/company-settings/logo, POST} (version: 1) route
2026-07-28 14:24:20 [info]: Mapped {/api/company-settings/register-sunat-api, POST} (version: 1) route
2026-07-28 14:24:20 [info]: CashController {/api/caja} (version: 1):
2026-07-28 14:24:20 [info]: Mapped {/api/caja/abrir, POST} (version: 1) route
2026-07-28 14:24:20 [info]: Mapped {/api/caja/activa, GET} (version: 1) route
2026-07-28 14:24:20 [info]: Mapped {/api/caja/resumen, GET} (version: 1) route
2026-07-28 14:24:20 [info]: Mapped {/api/caja/movimiento, POST} (version: 1) route
2026-07-28 14:24:20 [info]: Mapped {/api/caja/cerrar, POST} (version: 1) route
2026-07-28 14:24:20 [info]: Mapped {/api/caja/historial, GET} (version: 1) route
2026-07-28 14:24:20 [info]: Mapped {/api/caja/sesion/:id, GET} (version: 1) route
2026-07-28 14:24:20 [info]: PurchaseOrderController {/api/purchase-orders} (version: 1):
2026-07-28 14:24:20 [info]: Mapped {/api/purchase-orders, GET} (version: 1) route
2026-07-28 14:24:20 [info]: Mapped {/api/purchase-orders/:id, GET} (version: 1) route
2026-07-28 14:24:20 [info]: Mapped {/api/purchase-orders, POST} (version: 1) route
2026-07-28 14:24:20 [info]: Mapped {/api/purchase-orders/:id/receive, PATCH} (version: 1) route
2026-07-28 14:24:20 [info]: Mapped {/api/purchase-orders/:id/cancel, PATCH} (version: 1) route
2026-07-28 14:24:20 [info]: EstablishmentsController {/api/establishments} (version: 1):
2026-07-28 14:24:20 [info]: Mapped {/api/establishments, GET} (version: 1) route
2026-07-28 14:24:20 [info]: Mapped {/api/establishments, POST} (version: 1) route
2026-07-28 14:24:20 [info]: Mapped {/api/establishments/series, GET} (version: 1) route
2026-07-28 14:24:20 [info]: Mapped {/api/establishments/series, POST} (version: 1) route
2026-07-28 14:24:20 [info]: Facturación electrónica: Adaptador inicializado.
2026-07-28 14:24:20 [info]: Facturación electrónica: Adaptador inicializado.
2026-07-28 14:24:20 [info]: Nest application successfully started
2026-07-28 14:49:06 [error]: QueryFailedError: Duplicate entry 'F001-00000014' for key 'IDX_sales_invoice_number'
    at MysqlQueryRunner.query (/Users/macintosh/Documents/DEVPRO/Back/src/driver/mysql/MysqlQueryRunner.ts:291:19)
    at process.processTicksAndRejections (node:internal/process/task_queues:103:5)
    at async InsertQueryBuilder.execute (/Users/macintosh/Documents/DEVPRO/Back/src/query-builder/InsertQueryBuilder.ts:166:33)
    at async SubjectExecutor.executeInsertOperations (/Users/macintosh/Documents/DEVPRO/Back/src/persistence/SubjectExecutor.ts:435:42)
    at async SubjectExecutor.execute (/Users/macintosh/Documents/DEVPRO/Back/src/persistence/SubjectExecutor.ts:137:9)
    at async EntityPersistExecutor.execute (/Users/macintosh/Documents/DEVPRO/Back/src/persistence/EntityPersistExecutor.ts:190:21)
    at async <anonymous> (/Users/macintosh/Documents/DEVPRO/Back/src/domain/services/sale.service.ts:305:25)
    at async EntityManager.transaction (/Users/macintosh/Documents/DEVPRO/Back/src/entity-manager/EntityManager.ts:159:28)
    at async SaleService.create (/Users/macintosh/Documents/DEVPRO/Back/src/domain/services/sale.service.ts:79:20)
    at async /Users/macintosh/Documents/DEVPRO/Back/node_modules/@nestjs/core/router/router-execution-context.js:47:62
    at async /Users/macintosh/Documents/DEVPRO/Back/node_modules/@nestjs/core/router/router-proxy.js:9:17
2026-07-28 14:49:13 [error]: QueryFailedError: Duplicate entry 'F001-00000014' for key 'IDX_sales_invoice_number'
    at MysqlQueryRunner.query (/Users/macintosh/Documents/DEVPRO/Back/src/driver/mysql/MysqlQueryRunner.ts:291:19)
    at process.processTicksAndRejections (node:internal/process/task_queues:103:5)
    at async InsertQueryBuilder.execute (/Users/macintosh/Documents/DEVPRO/Back/src/query-builder/InsertQueryBuilder.ts:166:33)
    at async SubjectExecutor.executeInsertOperations (/Users/macintosh/Documents/DEVPRO/Back/src/persistence/SubjectExecutor.ts:435:42)
    at async SubjectExecutor.execute (/Users/macintosh/Documents/DEVPRO/Back/src/persistence/SubjectExecutor.ts:137:9)
    at async EntityPersistExecutor.execute (/Users/macintosh/Documents/DEVPRO/Back/src/persistence/EntityPersistExecutor.ts:190:21)
    at async <anonymous> (/Users/macintosh/Documents/DEVPRO/Back/src/domain/services/sale.service.ts:305:25)
    at async EntityManager.transaction (/Users/macintosh/Documents/DEVPRO/Back/src/entity-manager/EntityManager.ts:159:28)
    at async SaleService.create (/Users/macintosh/Documents/DEVPRO/Back/src/domain/services/sale.service.ts:79:20)
    at async /Users/macintosh/Documents/DEVPRO/Back/node_modules/@nestjs/core/router/router-execution-context.js:47:62
    at async /Users/macintosh/Documents/DEVPRO/Back/node_modules/@nestjs/core/router/router-proxy.js:9:17
2026-07-28 14:51:14 [info]: Starting Nest application...
2026-07-28 14:51:14 [info]: AppModule dependencies initialized
2026-07-28 14:51:14 [info]: TypeOrmModule dependencies initialized
2026-07-28 14:51:14 [info]: PassportModule dependencies initialized
2026-07-28 14:51:14 [info]: ConfigHostModule dependencies initialized
2026-07-28 14:51:14 [info]: WinstonModule dependencies initialized
2026-07-28 14:51:14 [info]: HealthModule dependencies initialized
2026-07-28 14:51:14 [info]: HttpModule dependencies initialized
2026-07-28 14:51:14 [info]: DiscoveryModule dependencies initialized
2026-07-28 14:51:14 [info]: ConfigModule dependencies initialized
2026-07-28 14:51:14 [info]: ConfigModule dependencies initialized
2026-07-28 14:51:14 [info]: EventEmitterModule dependencies initialized
2026-07-28 14:51:14 [info]: ScheduleModule dependencies initialized
2026-07-28 14:51:14 [info]: JwtModule dependencies initialized
2026-07-28 14:51:14 [info]: TypeOrmCoreModule dependencies initialized
2026-07-28 14:51:14 [info]: TypeOrmModule dependencies initialized
2026-07-28 14:51:14 [info]: TypeOrmModule dependencies initialized
2026-07-28 14:51:14 [info]: TypeOrmModule dependencies initialized
2026-07-28 14:51:14 [info]: TypeOrmModule dependencies initialized
2026-07-28 14:51:14 [info]: TypeOrmModule dependencies initialized
2026-07-28 14:51:14 [info]: TypeOrmModule dependencies initialized
2026-07-28 14:51:14 [info]: TypeOrmModule dependencies initialized
2026-07-28 14:51:14 [info]: TypeOrmModule dependencies initialized
2026-07-28 14:51:14 [info]: TypeOrmModule dependencies initialized
2026-07-28 14:51:14 [info]: TypeOrmModule dependencies initialized
2026-07-28 14:51:14 [info]: TypeOrmModule dependencies initialized
2026-07-28 14:51:14 [info]: CategoryModule dependencies initialized
2026-07-28 14:51:14 [info]: SupplierModule dependencies initialized
2026-07-28 14:51:14 [info]: CustomerModule dependencies initialized
2026-07-28 14:51:14 [info]: AuthModule dependencies initialized
2026-07-28 14:51:14 [info]: EstablishmentsModule dependencies initialized
2026-07-28 14:51:14 [info]: UserModule dependencies initialized
2026-07-28 14:51:14 [info]: ProductModule dependencies initialized
2026-07-28 14:51:14 [info]: PurchaseOrderModule dependencies initialized
2026-07-28 14:51:14 [info]: CompanySettingsModule dependencies initialized
2026-07-28 14:51:14 [info]: SaleModule dependencies initialized
2026-07-28 14:51:14 [info]: CashModule dependencies initialized
2026-07-28 14:51:14 [info]: AuthController {/api/auth} (version: 1):
2026-07-28 14:51:14 [info]: Mapped {/api/auth/login, POST} (version: 1) route
2026-07-28 14:51:14 [info]: Mapped {/api/auth/status, GET} (version: 1) route
2026-07-28 14:51:14 [info]: UserController {/api/users} (version: 1):
2026-07-28 14:51:14 [info]: Mapped {/api/users, GET} (version: 1) route
2026-07-28 14:51:14 [info]: Mapped {/api/users/:id, GET} (version: 1) route
2026-07-28 14:51:14 [info]: Mapped {/api/users, POST} (version: 1) route
2026-07-28 14:51:14 [info]: Mapped {/api/users/:id, PUT} (version: 1) route
2026-07-28 14:51:14 [info]: Mapped {/api/users/:id, DELETE} (version: 1) route
2026-07-28 14:51:14 [info]: HealthController {/api/health} (version: 1):
2026-07-28 14:51:14 [info]: Mapped {/api/health, GET} (version: 1) route
2026-07-28 14:51:14 [info]: CategoryController {/api/categories} (version: 1):
2026-07-28 14:51:14 [info]: Mapped {/api/categories, GET} (version: 1) route
2026-07-28 14:51:14 [info]: Mapped {/api/categories/:id, GET} (version: 1) route
2026-07-28 14:51:14 [info]: Mapped {/api/categories, POST} (version: 1) route
2026-07-28 14:51:14 [info]: Mapped {/api/categories/:id, PUT} (version: 1) route
2026-07-28 14:51:14 [info]: Mapped {/api/categories/:id, DELETE} (version: 1) route
2026-07-28 14:51:14 [info]: SupplierController {/api/suppliers} (version: 1):
2026-07-28 14:51:14 [info]: Mapped {/api/suppliers, GET} (version: 1) route
2026-07-28 14:51:14 [info]: Mapped {/api/suppliers/:id, GET} (version: 1) route
2026-07-28 14:51:14 [info]: Mapped {/api/suppliers, POST} (version: 1) route
2026-07-28 14:51:14 [info]: Mapped {/api/suppliers/:id, PUT} (version: 1) route
2026-07-28 14:51:14 [info]: Mapped {/api/suppliers/:id, DELETE} (version: 1) route
2026-07-28 14:51:14 [info]: ProductController {/api/products} (version: 1):
2026-07-28 14:51:14 [info]: Mapped {/api/products, GET} (version: 1) route
2026-07-28 14:51:14 [info]: Mapped {/api/products/low-stock, GET} (version: 1) route
2026-07-28 14:51:14 [info]: Mapped {/api/products/excel/template, GET} (version: 1) route
2026-07-28 14:51:14 [info]: Mapped {/api/products/excel/import, POST} (version: 1) route
2026-07-28 14:51:14 [info]: Mapped {/api/products/barcode/:barcode, GET} (version: 1) route
2026-07-28 14:51:14 [info]: Mapped {/api/products/:id, GET} (version: 1) route
2026-07-28 14:51:14 [info]: Mapped {/api/products, POST} (version: 1) route
2026-07-28 14:51:14 [info]: Mapped {/api/products/:id, PUT} (version: 1) route
2026-07-28 14:51:14 [info]: Mapped {/api/products/:id, DELETE} (version: 1) route
2026-07-28 14:51:14 [info]: Mapped {/api/products/:id/batches, GET} (version: 1) route
2026-07-28 14:51:14 [info]: Mapped {/api/products/:id/stock/add, PATCH} (version: 1) route
2026-07-28 14:51:14 [info]: Mapped {/api/products/:id/stock/subtract, PATCH} (version: 1) route
2026-07-28 14:51:14 [info]: CustomerController {/api/customers} (version: 1):
2026-07-28 14:51:14 [info]: Mapped {/api/customers, GET} (version: 1) route
2026-07-28 14:51:14 [info]: Mapped {/api/customers/lookup/:doc, GET} (version: 1) route
2026-07-28 14:51:14 [info]: Mapped {/api/customers/:id, GET} (version: 1) route
2026-07-28 14:51:14 [info]: Mapped {/api/customers, POST} (version: 1) route
2026-07-28 14:51:14 [info]: Mapped {/api/customers/:id, PUT} (version: 1) route
2026-07-28 14:51:14 [info]: Mapped {/api/customers/:id, DELETE} (version: 1) route
2026-07-28 14:51:14 [info]: SaleController {/api/sales} (version: 1):
2026-07-28 14:51:14 [info]: Mapped {/api/sales, GET} (version: 1) route
2026-07-28 14:51:14 [info]: Mapped {/api/sales/summary, GET} (version: 1) route
2026-07-28 14:51:14 [info]: Mapped {/api/sales/comprobante/pdf/:token, GET} (version: 1) route
2026-07-28 14:51:14 [info]: Mapped {/api/sales/:id/pdf-token, GET} (version: 1) route
2026-07-28 14:51:14 [info]: Mapped {/api/sales/:id/pdf, GET} (version: 1) route
2026-07-28 14:51:14 [info]: Mapped {/api/sales/:id, GET} (version: 1) route
2026-07-28 14:51:14 [info]: Mapped {/api/sales, POST} (version: 1) route
2026-07-28 14:51:14 [info]: Mapped {/api/sales/credit-note, POST} (version: 1) route
2026-07-28 14:51:14 [info]: Mapped {/api/sales/:id/void, PATCH} (version: 1) route
2026-07-28 14:51:14 [info]: Mapped {/api/sales/:id/send-whatsapp, POST} (version: 1) route
2026-07-28 14:51:14 [info]: Mapped {/api/sales/:id/resend-sunat, POST} (version: 1) route
2026-07-28 14:51:14 [info]: CompanySettingsController {/api/company-settings} (version: 1):
2026-07-28 14:51:14 [info]: Mapped {/api/company-settings, GET} (version: 1) route
2026-07-28 14:51:14 [info]: Mapped {/api/company-settings, PUT} (version: 1) route
2026-07-28 14:51:14 [info]: Mapped {/api/company-settings/logo, POST} (version: 1) route
2026-07-28 14:51:14 [info]: Mapped {/api/company-settings/register-sunat-api, POST} (version: 1) route
2026-07-28 14:51:14 [info]: CashController {/api/caja} (version: 1):
2026-07-28 14:51:14 [info]: Mapped {/api/caja/abrir, POST} (version: 1) route
2026-07-28 14:51:14 [info]: Mapped {/api/caja/activa, GET} (version: 1) route
2026-07-28 14:51:14 [info]: Mapped {/api/caja/resumen, GET} (version: 1) route
2026-07-28 14:51:14 [info]: Mapped {/api/caja/movimiento, POST} (version: 1) route
2026-07-28 14:51:14 [info]: Mapped {/api/caja/cerrar, POST} (version: 1) route
2026-07-28 14:51:14 [info]: Mapped {/api/caja/historial, GET} (version: 1) route
2026-07-28 14:51:14 [info]: Mapped {/api/caja/sesion/:id, GET} (version: 1) route
2026-07-28 14:51:14 [info]: PurchaseOrderController {/api/purchase-orders} (version: 1):
2026-07-28 14:51:14 [info]: Mapped {/api/purchase-orders, GET} (version: 1) route
2026-07-28 14:51:14 [info]: Mapped {/api/purchase-orders/:id, GET} (version: 1) route
2026-07-28 14:51:14 [info]: Mapped {/api/purchase-orders, POST} (version: 1) route
2026-07-28 14:51:14 [info]: Mapped {/api/purchase-orders/:id/receive, PATCH} (version: 1) route
2026-07-28 14:51:14 [info]: Mapped {/api/purchase-orders/:id/cancel, PATCH} (version: 1) route
2026-07-28 14:51:14 [info]: EstablishmentsController {/api/establishments} (version: 1):
2026-07-28 14:51:14 [info]: Mapped {/api/establishments, GET} (version: 1) route
2026-07-28 14:51:14 [info]: Mapped {/api/establishments, POST} (version: 1) route
2026-07-28 14:51:14 [info]: Mapped {/api/establishments/series, GET} (version: 1) route
2026-07-28 14:51:14 [info]: Mapped {/api/establishments/series, POST} (version: 1) route
2026-07-28 14:51:14 [info]: Facturación electrónica: Adaptador inicializado.
2026-07-28 14:51:14 [info]: Facturación electrónica: Adaptador inicializado.
2026-07-28 14:51:14 [info]: Nest application successfully started
2026-07-28 15:00:04 [error]: QueryFailedError: Duplicate entry 'F001-00000014' for key 'IDX_sales_invoice_number'
    at MysqlQueryRunner.query (/Users/macintosh/Documents/DEVPRO/Back/src/driver/mysql/MysqlQueryRunner.ts:291:19)
    at process.processTicksAndRejections (node:internal/process/task_queues:103:5)
    at async InsertQueryBuilder.execute (/Users/macintosh/Documents/DEVPRO/Back/src/query-builder/InsertQueryBuilder.ts:166:33)
    at async SubjectExecutor.executeInsertOperations (/Users/macintosh/Documents/DEVPRO/Back/src/persistence/SubjectExecutor.ts:435:42)
    at async SubjectExecutor.execute (/Users/macintosh/Documents/DEVPRO/Back/src/persistence/SubjectExecutor.ts:137:9)
    at async EntityPersistExecutor.execute (/Users/macintosh/Documents/DEVPRO/Back/src/persistence/EntityPersistExecutor.ts:190:21)
    at async <anonymous> (/Users/macintosh/Documents/DEVPRO/Back/src/domain/services/sale.service.ts:306:25)
    at async EntityManager.transaction (/Users/macintosh/Documents/DEVPRO/Back/src/entity-manager/EntityManager.ts:159:28)
    at async SaleService.create (/Users/macintosh/Documents/DEVPRO/Back/src/domain/services/sale.service.ts:80:20)
    at async /Users/macintosh/Documents/DEVPRO/Back/node_modules/@nestjs/core/router/router-execution-context.js:47:62
    at async /Users/macintosh/Documents/DEVPRO/Back/node_modules/@nestjs/core/router/router-proxy.js:9:17
2026-07-28 15:00:06 [error]: QueryFailedError: Duplicate entry 'F001-00000014' for key 'IDX_sales_invoice_number'
    at MysqlQueryRunner.query (/Users/macintosh/Documents/DEVPRO/Back/src/driver/mysql/MysqlQueryRunner.ts:291:19)
    at process.processTicksAndRejections (node:internal/process/task_queues:103:5)
    at async InsertQueryBuilder.execute (/Users/macintosh/Documents/DEVPRO/Back/src/query-builder/InsertQueryBuilder.ts:166:33)
    at async SubjectExecutor.executeInsertOperations (/Users/macintosh/Documents/DEVPRO/Back/src/persistence/SubjectExecutor.ts:435:42)
    at async SubjectExecutor.execute (/Users/macintosh/Documents/DEVPRO/Back/src/persistence/SubjectExecutor.ts:137:9)
    at async EntityPersistExecutor.execute (/Users/macintosh/Documents/DEVPRO/Back/src/persistence/EntityPersistExecutor.ts:190:21)
    at async <anonymous> (/Users/macintosh/Documents/DEVPRO/Back/src/domain/services/sale.service.ts:306:25)
    at async EntityManager.transaction (/Users/macintosh/Documents/DEVPRO/Back/src/entity-manager/EntityManager.ts:159:28)
    at async SaleService.create (/Users/macintosh/Documents/DEVPRO/Back/src/domain/services/sale.service.ts:80:20)
    at async /Users/macintosh/Documents/DEVPRO/Back/node_modules/@nestjs/core/router/router-execution-context.js:47:62
    at async /Users/macintosh/Documents/DEVPRO/Back/node_modules/@nestjs/core/router/router-proxy.js:9:17
2026-07-28 15:00:20 [error]: QueryFailedError: Duplicate entry 'F001-00000014' for key 'IDX_sales_invoice_number'
    at MysqlQueryRunner.query (/Users/macintosh/Documents/DEVPRO/Back/src/driver/mysql/MysqlQueryRunner.ts:291:19)
    at process.processTicksAndRejections (node:internal/process/task_queues:103:5)
    at async InsertQueryBuilder.execute (/Users/macintosh/Documents/DEVPRO/Back/src/query-builder/InsertQueryBuilder.ts:166:33)
    at async SubjectExecutor.executeInsertOperations (/Users/macintosh/Documents/DEVPRO/Back/src/persistence/SubjectExecutor.ts:435:42)
    at async SubjectExecutor.execute (/Users/macintosh/Documents/DEVPRO/Back/src/persistence/SubjectExecutor.ts:137:9)
    at async EntityPersistExecutor.execute (/Users/macintosh/Documents/DEVPRO/Back/src/persistence/EntityPersistExecutor.ts:190:21)
    at async <anonymous> (/Users/macintosh/Documents/DEVPRO/Back/src/domain/services/sale.service.ts:306:25)
    at async EntityManager.transaction (/Users/macintosh/Documents/DEVPRO/Back/src/entity-manager/EntityManager.ts:159:28)
    at async SaleService.create (/Users/macintosh/Documents/DEVPRO/Back/src/domain/services/sale.service.ts:80:20)
    at async /Users/macintosh/Documents/DEVPRO/Back/node_modules/@nestjs/core/router/router-execution-context.js:47:62
    at async /Users/macintosh/Documents/DEVPRO/Back/node_modules/@nestjs/core/router/router-proxy.js:9:17
2026-07-28 15:10:05 [info]: Starting Nest application...
2026-07-28 15:10:05 [info]: AppModule dependencies initialized
2026-07-28 15:10:05 [info]: TypeOrmModule dependencies initialized
2026-07-28 15:10:05 [info]: PassportModule dependencies initialized
2026-07-28 15:10:05 [info]: ConfigHostModule dependencies initialized
2026-07-28 15:10:05 [info]: WinstonModule dependencies initialized
2026-07-28 15:10:05 [info]: HealthModule dependencies initialized
2026-07-28 15:10:05 [info]: HttpModule dependencies initialized
2026-07-28 15:10:05 [info]: DiscoveryModule dependencies initialized
2026-07-28 15:10:05 [info]: ConfigModule dependencies initialized
2026-07-28 15:10:05 [info]: ConfigModule dependencies initialized
2026-07-28 15:10:05 [info]: EventEmitterModule dependencies initialized
2026-07-28 15:10:05 [info]: ScheduleModule dependencies initialized
2026-07-28 15:10:05 [info]: JwtModule dependencies initialized
2026-07-28 15:10:05 [info]: TypeOrmCoreModule dependencies initialized
2026-07-28 15:10:05 [info]: TypeOrmModule dependencies initialized
2026-07-28 15:10:05 [info]: TypeOrmModule dependencies initialized
2026-07-28 15:10:05 [info]: TypeOrmModule dependencies initialized
2026-07-28 15:10:05 [info]: TypeOrmModule dependencies initialized
2026-07-28 15:10:05 [info]: TypeOrmModule dependencies initialized
2026-07-28 15:10:05 [info]: TypeOrmModule dependencies initialized
2026-07-28 15:10:05 [info]: TypeOrmModule dependencies initialized
2026-07-28 15:10:05 [info]: TypeOrmModule dependencies initialized
2026-07-28 15:10:05 [info]: TypeOrmModule dependencies initialized
2026-07-28 15:10:05 [info]: TypeOrmModule dependencies initialized
2026-07-28 15:10:05 [info]: TypeOrmModule dependencies initialized
2026-07-28 15:10:05 [info]: CategoryModule dependencies initialized
2026-07-28 15:10:05 [info]: SupplierModule dependencies initialized
2026-07-28 15:10:05 [info]: CustomerModule dependencies initialized
2026-07-28 15:10:05 [info]: AuthModule dependencies initialized
2026-07-28 15:10:05 [info]: EstablishmentsModule dependencies initialized
2026-07-28 15:10:05 [info]: UserModule dependencies initialized
2026-07-28 15:10:05 [info]: ProductModule dependencies initialized
2026-07-28 15:10:05 [info]: PurchaseOrderModule dependencies initialized
2026-07-28 15:10:05 [info]: CompanySettingsModule dependencies initialized
2026-07-28 15:10:05 [info]: SaleModule dependencies initialized
2026-07-28 15:10:05 [info]: CashModule dependencies initialized
2026-07-28 15:10:05 [info]: AuthController {/api/auth} (version: 1):
2026-07-28 15:10:05 [info]: Mapped {/api/auth/login, POST} (version: 1) route
2026-07-28 15:10:05 [info]: Mapped {/api/auth/status, GET} (version: 1) route
2026-07-28 15:10:05 [info]: UserController {/api/users} (version: 1):
2026-07-28 15:10:05 [info]: Mapped {/api/users, GET} (version: 1) route
2026-07-28 15:10:05 [info]: Mapped {/api/users/:id, GET} (version: 1) route
2026-07-28 15:10:05 [info]: Mapped {/api/users, POST} (version: 1) route
2026-07-28 15:10:05 [info]: Mapped {/api/users/:id, PUT} (version: 1) route
2026-07-28 15:10:05 [info]: Mapped {/api/users/:id, DELETE} (version: 1) route
2026-07-28 15:10:05 [info]: HealthController {/api/health} (version: 1):
2026-07-28 15:10:05 [info]: Mapped {/api/health, GET} (version: 1) route
2026-07-28 15:10:05 [info]: CategoryController {/api/categories} (version: 1):
2026-07-28 15:10:05 [info]: Mapped {/api/categories, GET} (version: 1) route
2026-07-28 15:10:05 [info]: Mapped {/api/categories/:id, GET} (version: 1) route
2026-07-28 15:10:05 [info]: Mapped {/api/categories, POST} (version: 1) route
2026-07-28 15:10:05 [info]: Mapped {/api/categories/:id, PUT} (version: 1) route
2026-07-28 15:10:05 [info]: Mapped {/api/categories/:id, DELETE} (version: 1) route
2026-07-28 15:10:05 [info]: SupplierController {/api/suppliers} (version: 1):
2026-07-28 15:10:05 [info]: Mapped {/api/suppliers, GET} (version: 1) route
2026-07-28 15:10:05 [info]: Mapped {/api/suppliers/:id, GET} (version: 1) route
2026-07-28 15:10:05 [info]: Mapped {/api/suppliers, POST} (version: 1) route
2026-07-28 15:10:05 [info]: Mapped {/api/suppliers/:id, PUT} (version: 1) route
2026-07-28 15:10:05 [info]: Mapped {/api/suppliers/:id, DELETE} (version: 1) route
2026-07-28 15:10:05 [info]: ProductController {/api/products} (version: 1):
2026-07-28 15:10:05 [info]: Mapped {/api/products, GET} (version: 1) route
2026-07-28 15:10:05 [info]: Mapped {/api/products/low-stock, GET} (version: 1) route
2026-07-28 15:10:05 [info]: Mapped {/api/products/excel/template, GET} (version: 1) route
2026-07-28 15:10:05 [info]: Mapped {/api/products/excel/import, POST} (version: 1) route
2026-07-28 15:10:05 [info]: Mapped {/api/products/barcode/:barcode, GET} (version: 1) route
2026-07-28 15:10:05 [info]: Mapped {/api/products/:id, GET} (version: 1) route
2026-07-28 15:10:05 [info]: Mapped {/api/products, POST} (version: 1) route
2026-07-28 15:10:05 [info]: Mapped {/api/products/:id, PUT} (version: 1) route
2026-07-28 15:10:05 [info]: Mapped {/api/products/:id, DELETE} (version: 1) route
2026-07-28 15:10:05 [info]: Mapped {/api/products/:id/batches, GET} (version: 1) route
2026-07-28 15:10:05 [info]: Mapped {/api/products/:id/stock/add, PATCH} (version: 1) route
2026-07-28 15:10:05 [info]: Mapped {/api/products/:id/stock/subtract, PATCH} (version: 1) route
2026-07-28 15:10:05 [info]: CustomerController {/api/customers} (version: 1):
2026-07-28 15:10:05 [info]: Mapped {/api/customers, GET} (version: 1) route
2026-07-28 15:10:05 [info]: Mapped {/api/customers/lookup/:doc, GET} (version: 1) route
2026-07-28 15:10:05 [info]: Mapped {/api/customers/:id, GET} (version: 1) route
2026-07-28 15:10:05 [info]: Mapped {/api/customers, POST} (version: 1) route
2026-07-28 15:10:05 [info]: Mapped {/api/customers/:id, PUT} (version: 1) route
2026-07-28 15:10:05 [info]: Mapped {/api/customers/:id, DELETE} (version: 1) route
2026-07-28 15:10:05 [info]: SaleController {/api/sales} (version: 1):
2026-07-28 15:10:05 [info]: Mapped {/api/sales, GET} (version: 1) route
2026-07-28 15:10:05 [info]: Mapped {/api/sales/summary, GET} (version: 1) route
2026-07-28 15:10:05 [info]: Mapped {/api/sales/comprobante/pdf/:token, GET} (version: 1) route
2026-07-28 15:10:05 [info]: Mapped {/api/sales/:id/pdf-token, GET} (version: 1) route
2026-07-28 15:10:05 [info]: Mapped {/api/sales/:id/pdf, GET} (version: 1) route
2026-07-28 15:10:05 [info]: Mapped {/api/sales/:id, GET} (version: 1) route
2026-07-28 15:10:05 [info]: Mapped {/api/sales, POST} (version: 1) route
2026-07-28 15:10:05 [info]: Mapped {/api/sales/credit-note, POST} (version: 1) route
2026-07-28 15:10:05 [info]: Mapped {/api/sales/:id/void, PATCH} (version: 1) route
2026-07-28 15:10:05 [info]: Mapped {/api/sales/:id/send-whatsapp, POST} (version: 1) route
2026-07-28 15:10:05 [info]: Mapped {/api/sales/:id/resend-sunat, POST} (version: 1) route
2026-07-28 15:10:05 [info]: CompanySettingsController {/api/company-settings} (version: 1):
2026-07-28 15:10:05 [info]: Mapped {/api/company-settings, GET} (version: 1) route
2026-07-28 15:10:05 [info]: Mapped {/api/company-settings, PUT} (version: 1) route
2026-07-28 15:10:05 [info]: Mapped {/api/company-settings/logo, POST} (version: 1) route
2026-07-28 15:10:05 [info]: Mapped {/api/company-settings/register-sunat-api, POST} (version: 1) route
2026-07-28 15:10:05 [info]: CashController {/api/caja} (version: 1):
2026-07-28 15:10:05 [info]: Mapped {/api/caja/abrir, POST} (version: 1) route
2026-07-28 15:10:05 [info]: Mapped {/api/caja/activa, GET} (version: 1) route
2026-07-28 15:10:05 [info]: Mapped {/api/caja/resumen, GET} (version: 1) route
2026-07-28 15:10:05 [info]: Mapped {/api/caja/movimiento, POST} (version: 1) route
2026-07-28 15:10:05 [info]: Mapped {/api/caja/cerrar, POST} (version: 1) route
2026-07-28 15:10:05 [info]: Mapped {/api/caja/historial, GET} (version: 1) route
2026-07-28 15:10:05 [info]: Mapped {/api/caja/sesion/:id, GET} (version: 1) route
2026-07-28 15:10:05 [info]: PurchaseOrderController {/api/purchase-orders} (version: 1):
2026-07-28 15:10:05 [info]: Mapped {/api/purchase-orders, GET} (version: 1) route
2026-07-28 15:10:05 [info]: Mapped {/api/purchase-orders/:id, GET} (version: 1) route
2026-07-28 15:10:05 [info]: Mapped {/api/purchase-orders, POST} (version: 1) route
2026-07-28 15:10:05 [info]: Mapped {/api/purchase-orders/:id/receive, PATCH} (version: 1) route
2026-07-28 15:10:05 [info]: Mapped {/api/purchase-orders/:id/cancel, PATCH} (version: 1) route
2026-07-28 15:10:05 [info]: EstablishmentsController {/api/establishments} (version: 1):
2026-07-28 15:10:05 [info]: Mapped {/api/establishments, GET} (version: 1) route
2026-07-28 15:10:05 [info]: Mapped {/api/establishments, POST} (version: 1) route
2026-07-28 15:10:05 [info]: Mapped {/api/establishments/series, GET} (version: 1) route
2026-07-28 15:10:05 [info]: Mapped {/api/establishments/series, POST} (version: 1) route
2026-07-28 15:10:05 [info]: Facturación electrónica: Adaptador inicializado.
2026-07-28 15:10:05 [info]: Facturación electrónica: Adaptador inicializado.
2026-07-28 15:10:05 [info]: Nest application successfully started
2026-07-28 15:10:16 [error]: QueryFailedError: Unknown column 'p.box_unit_name' in 'SELECT'
    at MysqlQueryRunner.query (/Users/macintosh/Documents/DEVPRO/Back/src/driver/mysql/MysqlQueryRunner.ts:291:19)
    at process.processTicksAndRejections (node:internal/process/task_queues:103:5)
    at async SelectQueryBuilder.loadRawResults (/Users/macintosh/Documents/DEVPRO/Back/src/query-builder/SelectQueryBuilder.ts:3897:25)
    at async SelectQueryBuilder.executeEntitiesAndRawResults (/Users/macintosh/Documents/DEVPRO/Back/src/query-builder/SelectQueryBuilder.ts:3619:26)
    at async SelectQueryBuilder.getRawAndEntities (/Users/macintosh/Documents/DEVPRO/Back/src/query-builder/SelectQueryBuilder.ts:1676:29)
    at async SelectQueryBuilder.getMany (/Users/macintosh/Documents/DEVPRO/Back/src/query-builder/SelectQueryBuilder.ts:1766:25)
    at async /Users/macintosh/Documents/DEVPRO/Back/node_modules/@nestjs/core/router/router-execution-context.js:47:62
    at async /Users/macintosh/Documents/DEVPRO/Back/node_modules/@nestjs/core/router/router-proxy.js:9:17
2026-07-28 15:10:22 [info]: Starting Nest application...
2026-07-28 15:10:22 [info]: AppModule dependencies initialized
2026-07-28 15:10:22 [info]: TypeOrmModule dependencies initialized
2026-07-28 15:10:22 [info]: PassportModule dependencies initialized
2026-07-28 15:10:22 [info]: ConfigHostModule dependencies initialized
2026-07-28 15:10:22 [info]: WinstonModule dependencies initialized
2026-07-28 15:10:22 [info]: HealthModule dependencies initialized
2026-07-28 15:10:22 [info]: HttpModule dependencies initialized
2026-07-28 15:10:22 [info]: DiscoveryModule dependencies initialized
2026-07-28 15:10:22 [info]: ConfigModule dependencies initialized
2026-07-28 15:10:22 [info]: ConfigModule dependencies initialized
2026-07-28 15:10:22 [info]: EventEmitterModule dependencies initialized
2026-07-28 15:10:22 [info]: ScheduleModule dependencies initialized
2026-07-28 15:10:22 [info]: JwtModule dependencies initialized
2026-07-28 15:10:22 [info]: TypeOrmCoreModule dependencies initialized
2026-07-28 15:10:22 [info]: TypeOrmModule dependencies initialized
2026-07-28 15:10:22 [info]: TypeOrmModule dependencies initialized
2026-07-28 15:10:22 [info]: TypeOrmModule dependencies initialized
2026-07-28 15:10:22 [info]: TypeOrmModule dependencies initialized
2026-07-28 15:10:22 [info]: TypeOrmModule dependencies initialized
2026-07-28 15:10:22 [info]: TypeOrmModule dependencies initialized
2026-07-28 15:10:22 [info]: TypeOrmModule dependencies initialized
2026-07-28 15:10:22 [info]: TypeOrmModule dependencies initialized
2026-07-28 15:10:22 [info]: TypeOrmModule dependencies initialized
2026-07-28 15:10:22 [info]: TypeOrmModule dependencies initialized
2026-07-28 15:10:22 [info]: TypeOrmModule dependencies initialized
2026-07-28 15:10:22 [info]: CategoryModule dependencies initialized
2026-07-28 15:10:22 [info]: SupplierModule dependencies initialized
2026-07-28 15:10:22 [info]: CustomerModule dependencies initialized
2026-07-28 15:10:22 [info]: AuthModule dependencies initialized
2026-07-28 15:10:22 [info]: EstablishmentsModule dependencies initialized
2026-07-28 15:10:22 [info]: UserModule dependencies initialized
2026-07-28 15:10:22 [info]: ProductModule dependencies initialized
2026-07-28 15:10:22 [info]: PurchaseOrderModule dependencies initialized
2026-07-28 15:10:22 [info]: CompanySettingsModule dependencies initialized
2026-07-28 15:10:22 [info]: SaleModule dependencies initialized
2026-07-28 15:10:22 [info]: CashModule dependencies initialized
2026-07-28 15:10:22 [info]: AuthController {/api/auth} (version: 1):
2026-07-28 15:10:22 [info]: Mapped {/api/auth/login, POST} (version: 1) route
2026-07-28 15:10:22 [info]: Mapped {/api/auth/status, GET} (version: 1) route
2026-07-28 15:10:22 [info]: UserController {/api/users} (version: 1):
2026-07-28 15:10:22 [info]: Mapped {/api/users, GET} (version: 1) route
2026-07-28 15:10:22 [info]: Mapped {/api/users/:id, GET} (version: 1) route
2026-07-28 15:10:22 [info]: Mapped {/api/users, POST} (version: 1) route
2026-07-28 15:10:22 [info]: Mapped {/api/users/:id, PUT} (version: 1) route
2026-07-28 15:10:22 [info]: Mapped {/api/users/:id, DELETE} (version: 1) route
2026-07-28 15:10:22 [info]: HealthController {/api/health} (version: 1):
2026-07-28 15:10:22 [info]: Mapped {/api/health, GET} (version: 1) route
2026-07-28 15:10:22 [info]: CategoryController {/api/categories} (version: 1):
2026-07-28 15:10:22 [info]: Mapped {/api/categories, GET} (version: 1) route
2026-07-28 15:10:22 [info]: Mapped {/api/categories/:id, GET} (version: 1) route
2026-07-28 15:10:22 [info]: Mapped {/api/categories, POST} (version: 1) route
2026-07-28 15:10:22 [info]: Mapped {/api/categories/:id, PUT} (version: 1) route
2026-07-28 15:10:22 [info]: Mapped {/api/categories/:id, DELETE} (version: 1) route
2026-07-28 15:10:22 [info]: SupplierController {/api/suppliers} (version: 1):
2026-07-28 15:10:22 [info]: Mapped {/api/suppliers, GET} (version: 1) route
2026-07-28 15:10:22 [info]: Mapped {/api/suppliers/:id, GET} (version: 1) route
2026-07-28 15:10:22 [info]: Mapped {/api/suppliers, POST} (version: 1) route
2026-07-28 15:10:22 [info]: Mapped {/api/suppliers/:id, PUT} (version: 1) route
2026-07-28 15:10:22 [info]: Mapped {/api/suppliers/:id, DELETE} (version: 1) route
2026-07-28 15:10:22 [info]: ProductController {/api/products} (version: 1):
2026-07-28 15:10:22 [info]: Mapped {/api/products, GET} (version: 1) route
2026-07-28 15:10:22 [info]: Mapped {/api/products/low-stock, GET} (version: 1) route
2026-07-28 15:10:22 [info]: Mapped {/api/products/excel/template, GET} (version: 1) route
2026-07-28 15:10:22 [info]: Mapped {/api/products/excel/import, POST} (version: 1) route
2026-07-28 15:10:22 [info]: Mapped {/api/products/barcode/:barcode, GET} (version: 1) route
2026-07-28 15:10:22 [info]: Mapped {/api/products/:id, GET} (version: 1) route
2026-07-28 15:10:22 [info]: Mapped {/api/products, POST} (version: 1) route
2026-07-28 15:10:22 [info]: Mapped {/api/products/:id, PUT} (version: 1) route
2026-07-28 15:10:22 [info]: Mapped {/api/products/:id, DELETE} (version: 1) route
2026-07-28 15:10:22 [info]: Mapped {/api/products/:id/batches, GET} (version: 1) route
2026-07-28 15:10:22 [info]: Mapped {/api/products/:id/stock/add, PATCH} (version: 1) route
2026-07-28 15:10:22 [info]: Mapped {/api/products/:id/stock/subtract, PATCH} (version: 1) route
2026-07-28 15:10:22 [info]: CustomerController {/api/customers} (version: 1):
2026-07-28 15:10:22 [info]: Mapped {/api/customers, GET} (version: 1) route
2026-07-28 15:10:22 [info]: Mapped {/api/customers/lookup/:doc, GET} (version: 1) route
2026-07-28 15:10:22 [info]: Mapped {/api/customers/:id, GET} (version: 1) route
2026-07-28 15:10:22 [info]: Mapped {/api/customers, POST} (version: 1) route
2026-07-28 15:10:22 [info]: Mapped {/api/customers/:id, PUT} (version: 1) route
2026-07-28 15:10:22 [info]: Mapped {/api/customers/:id, DELETE} (version: 1) route
2026-07-28 15:10:22 [info]: SaleController {/api/sales} (version: 1):
2026-07-28 15:10:22 [info]: Mapped {/api/sales, GET} (version: 1) route
2026-07-28 15:10:22 [info]: Mapped {/api/sales/summary, GET} (version: 1) route
2026-07-28 15:10:22 [info]: Mapped {/api/sales/comprobante/pdf/:token, GET} (version: 1) route
2026-07-28 15:10:22 [info]: Mapped {/api/sales/:id/pdf-token, GET} (version: 1) route
2026-07-28 15:10:22 [info]: Mapped {/api/sales/:id/pdf, GET} (version: 1) route
2026-07-28 15:10:22 [info]: Mapped {/api/sales/:id, GET} (version: 1) route
2026-07-28 15:10:22 [info]: Mapped {/api/sales, POST} (version: 1) route
2026-07-28 15:10:22 [info]: Mapped {/api/sales/credit-note, POST} (version: 1) route
2026-07-28 15:10:22 [info]: Mapped {/api/sales/:id/void, PATCH} (version: 1) route
2026-07-28 15:10:22 [info]: Mapped {/api/sales/:id/send-whatsapp, POST} (version: 1) route
2026-07-28 15:10:22 [info]: Mapped {/api/sales/:id/resend-sunat, POST} (version: 1) route
2026-07-28 15:10:22 [info]: CompanySettingsController {/api/company-settings} (version: 1):
2026-07-28 15:10:22 [info]: Mapped {/api/company-settings, GET} (version: 1) route
2026-07-28 15:10:22 [info]: Mapped {/api/company-settings, PUT} (version: 1) route
2026-07-28 15:10:22 [info]: Mapped {/api/company-settings/logo, POST} (version: 1) route
2026-07-28 15:10:22 [info]: Mapped {/api/company-settings/register-sunat-api, POST} (version: 1) route
2026-07-28 15:10:22 [info]: CashController {/api/caja} (version: 1):
2026-07-28 15:10:22 [info]: Mapped {/api/caja/abrir, POST} (version: 1) route
2026-07-28 15:10:22 [info]: Mapped {/api/caja/activa, GET} (version: 1) route
2026-07-28 15:10:22 [info]: Mapped {/api/caja/resumen, GET} (version: 1) route
2026-07-28 15:10:22 [info]: Mapped {/api/caja/movimiento, POST} (version: 1) route
2026-07-28 15:10:22 [info]: Mapped {/api/caja/cerrar, POST} (version: 1) route
2026-07-28 15:10:22 [info]: Mapped {/api/caja/historial, GET} (version: 1) route
2026-07-28 15:10:22 [info]: Mapped {/api/caja/sesion/:id, GET} (version: 1) route
2026-07-28 15:10:22 [info]: PurchaseOrderController {/api/purchase-orders} (version: 1):
2026-07-28 15:10:22 [info]: Mapped {/api/purchase-orders, GET} (version: 1) route
2026-07-28 15:10:22 [info]: Mapped {/api/purchase-orders/:id, GET} (version: 1) route
2026-07-28 15:10:22 [info]: Mapped {/api/purchase-orders, POST} (version: 1) route
2026-07-28 15:10:22 [info]: Mapped {/api/purchase-orders/:id/receive, PATCH} (version: 1) route
2026-07-28 15:10:22 [info]: Mapped {/api/purchase-orders/:id/cancel, PATCH} (version: 1) route
2026-07-28 15:10:22 [info]: EstablishmentsController {/api/establishments} (version: 1):
2026-07-28 15:10:22 [info]: Mapped {/api/establishments, GET} (version: 1) route
2026-07-28 15:10:22 [info]: Mapped {/api/establishments, POST} (version: 1) route
2026-07-28 15:10:22 [info]: Mapped {/api/establishments/series, GET} (version: 1) route
2026-07-28 15:10:22 [info]: Mapped {/api/establishments/series, POST} (version: 1) route
2026-07-28 15:10:22 [info]: Facturación electrónica: Adaptador inicializado.
2026-07-28 15:10:22 [info]: Facturación electrónica: Adaptador inicializado.
2026-07-28 15:10:22 [info]: Nest application successfully started
2026-07-28 15:11:16 [error]: QueryFailedError: Unknown column 'p.box_unit_name' in 'SELECT'
    at MysqlQueryRunner.query (/Users/macintosh/Documents/DEVPRO/Back/src/driver/mysql/MysqlQueryRunner.ts:291:19)
    at process.processTicksAndRejections (node:internal/process/task_queues:103:5)
    at async SelectQueryBuilder.loadRawResults (/Users/macintosh/Documents/DEVPRO/Back/src/query-builder/SelectQueryBuilder.ts:3897:25)
    at async SelectQueryBuilder.executeEntitiesAndRawResults (/Users/macintosh/Documents/DEVPRO/Back/src/query-builder/SelectQueryBuilder.ts:3619:26)
    at async SelectQueryBuilder.getRawAndEntities (/Users/macintosh/Documents/DEVPRO/Back/src/query-builder/SelectQueryBuilder.ts:1676:29)
    at async SelectQueryBuilder.getMany (/Users/macintosh/Documents/DEVPRO/Back/src/query-builder/SelectQueryBuilder.ts:1766:25)
    at async /Users/macintosh/Documents/DEVPRO/Back/node_modules/@nestjs/core/router/router-execution-context.js:47:62
    at async /Users/macintosh/Documents/DEVPRO/Back/node_modules/@nestjs/core/router/router-proxy.js:9:17
2026-07-28 15:12:16 [error]: QueryFailedError: Unknown column 'p.box_unit_name' in 'SELECT'
    at MysqlQueryRunner.query (/Users/macintosh/Documents/DEVPRO/Back/src/driver/mysql/MysqlQueryRunner.ts:291:19)
    at process.processTicksAndRejections (node:internal/process/task_queues:103:5)
    at async SelectQueryBuilder.loadRawResults (/Users/macintosh/Documents/DEVPRO/Back/src/query-builder/SelectQueryBuilder.ts:3897:25)
    at async SelectQueryBuilder.executeEntitiesAndRawResults (/Users/macintosh/Documents/DEVPRO/Back/src/query-builder/SelectQueryBuilder.ts:3619:26)
    at async SelectQueryBuilder.getRawAndEntities (/Users/macintosh/Documents/DEVPRO/Back/src/query-builder/SelectQueryBuilder.ts:1676:29)
    at async SelectQueryBuilder.getMany (/Users/macintosh/Documents/DEVPRO/Back/src/query-builder/SelectQueryBuilder.ts:1766:25)
    at async /Users/macintosh/Documents/DEVPRO/Back/node_modules/@nestjs/core/router/router-execution-context.js:47:62
    at async /Users/macintosh/Documents/DEVPRO/Back/node_modules/@nestjs/core/router/router-proxy.js:9:17
2026-07-28 15:13:16 [error]: QueryFailedError: Unknown column 'p.box_unit_name' in 'SELECT'
    at MysqlQueryRunner.query (/Users/macintosh/Documents/DEVPRO/Back/src/driver/mysql/MysqlQueryRunner.ts:291:19)
    at process.processTicksAndRejections (node:internal/process/task_queues:103:5)
    at async SelectQueryBuilder.loadRawResults (/Users/macintosh/Documents/DEVPRO/Back/src/query-builder/SelectQueryBuilder.ts:3897:25)
    at async SelectQueryBuilder.executeEntitiesAndRawResults (/Users/macintosh/Documents/DEVPRO/Back/src/query-builder/SelectQueryBuilder.ts:3619:26)
    at async SelectQueryBuilder.getRawAndEntities (/Users/macintosh/Documents/DEVPRO/Back/src/query-builder/SelectQueryBuilder.ts:1676:29)
    at async SelectQueryBuilder.getMany (/Users/macintosh/Documents/DEVPRO/Back/src/query-builder/SelectQueryBuilder.ts:1766:25)
    at async /Users/macintosh/Documents/DEVPRO/Back/node_modules/@nestjs/core/router/router-execution-context.js:47:62
    at async /Users/macintosh/Documents/DEVPRO/Back/node_modules/@nestjs/core/router/router-proxy.js:9:17
2026-07-28 15:14:16 [error]: QueryFailedError: Unknown column 'p.box_unit_name' in 'SELECT'
    at MysqlQueryRunner.query (/Users/macintosh/Documents/DEVPRO/Back/src/driver/mysql/MysqlQueryRunner.ts:291:19)
    at process.processTicksAndRejections (node:internal/process/task_queues:103:5)
    at async SelectQueryBuilder.loadRawResults (/Users/macintosh/Documents/DEVPRO/Back/src/query-builder/SelectQueryBuilder.ts:3897:25)
    at async SelectQueryBuilder.executeEntitiesAndRawResults (/Users/macintosh/Documents/DEVPRO/Back/src/query-builder/SelectQueryBuilder.ts:3619:26)
    at async SelectQueryBuilder.getRawAndEntities (/Users/macintosh/Documents/DEVPRO/Back/src/query-builder/SelectQueryBuilder.ts:1676:29)
    at async SelectQueryBuilder.getMany (/Users/macintosh/Documents/DEVPRO/Back/src/query-builder/SelectQueryBuilder.ts:1766:25)
    at async /Users/macintosh/Documents/DEVPRO/Back/node_modules/@nestjs/core/router/router-execution-context.js:47:62
    at async /Users/macintosh/Documents/DEVPRO/Back/node_modules/@nestjs/core/router/router-proxy.js:9:17
2026-07-28 15:15:16 [error]: QueryFailedError: Unknown column 'p.box_unit_name' in 'SELECT'
    at MysqlQueryRunner.query (/Users/macintosh/Documents/DEVPRO/Back/src/driver/mysql/MysqlQueryRunner.ts:291:19)
    at process.processTicksAndRejections (node:internal/process/task_queues:103:5)
    at async SelectQueryBuilder.loadRawResults (/Users/macintosh/Documents/DEVPRO/Back/src/query-builder/SelectQueryBuilder.ts:3897:25)
    at async SelectQueryBuilder.executeEntitiesAndRawResults (/Users/macintosh/Documents/DEVPRO/Back/src/query-builder/SelectQueryBuilder.ts:3619:26)
    at async SelectQueryBuilder.getRawAndEntities (/Users/macintosh/Documents/DEVPRO/Back/src/query-builder/SelectQueryBuilder.ts:1676:29)
    at async SelectQueryBuilder.getMany (/Users/macintosh/Documents/DEVPRO/Back/src/query-builder/SelectQueryBuilder.ts:1766:25)
    at async /Users/macintosh/Documents/DEVPRO/Back/node_modules/@nestjs/core/router/router-execution-context.js:47:62
    at async /Users/macintosh/Documents/DEVPRO/Back/node_modules/@nestjs/core/router/router-proxy.js:9:17
2026-07-28 15:16:16 [error]: QueryFailedError: Unknown column 'p.box_unit_name' in 'SELECT'
    at MysqlQueryRunner.query (/Users/macintosh/Documents/DEVPRO/Back/src/driver/mysql/MysqlQueryRunner.ts:291:19)
    at process.processTicksAndRejections (node:internal/process/task_queues:103:5)
    at async SelectQueryBuilder.loadRawResults (/Users/macintosh/Documents/DEVPRO/Back/src/query-builder/SelectQueryBuilder.ts:3897:25)
    at async SelectQueryBuilder.executeEntitiesAndRawResults (/Users/macintosh/Documents/DEVPRO/Back/src/query-builder/SelectQueryBuilder.ts:3619:26)
    at async SelectQueryBuilder.getRawAndEntities (/Users/macintosh/Documents/DEVPRO/Back/src/query-builder/SelectQueryBuilder.ts:1676:29)
    at async SelectQueryBuilder.getMany (/Users/macintosh/Documents/DEVPRO/Back/src/query-builder/SelectQueryBuilder.ts:1766:25)
    at async /Users/macintosh/Documents/DEVPRO/Back/node_modules/@nestjs/core/router/router-execution-context.js:47:62
    at async /Users/macintosh/Documents/DEVPRO/Back/node_modules/@nestjs/core/router/router-proxy.js:9:17
2026-07-28 15:17:16 [error]: QueryFailedError: Unknown column 'p.box_unit_name' in 'SELECT'
    at MysqlQueryRunner.query (/Users/macintosh/Documents/DEVPRO/Back/src/driver/mysql/MysqlQueryRunner.ts:291:19)
    at process.processTicksAndRejections (node:internal/process/task_queues:103:5)
    at async SelectQueryBuilder.loadRawResults (/Users/macintosh/Documents/DEVPRO/Back/src/query-builder/SelectQueryBuilder.ts:3897:25)
    at async SelectQueryBuilder.executeEntitiesAndRawResults (/Users/macintosh/Documents/DEVPRO/Back/src/query-builder/SelectQueryBuilder.ts:3619:26)
    at async SelectQueryBuilder.getRawAndEntities (/Users/macintosh/Documents/DEVPRO/Back/src/query-builder/SelectQueryBuilder.ts:1676:29)
    at async SelectQueryBuilder.getMany (/Users/macintosh/Documents/DEVPRO/Back/src/query-builder/SelectQueryBuilder.ts:1766:25)
    at async /Users/macintosh/Documents/DEVPRO/Back/node_modules/@nestjs/core/router/router-execution-context.js:47:62
    at async /Users/macintosh/Documents/DEVPRO/Back/node_modules/@nestjs/core/router/router-proxy.js:9:17
2026-07-28 15:18:16 [error]: QueryFailedError: Unknown column 'p.box_unit_name' in 'SELECT'
    at MysqlQueryRunner.query (/Users/macintosh/Documents/DEVPRO/Back/src/driver/mysql/MysqlQueryRunner.ts:291:19)
    at process.processTicksAndRejections (node:internal/process/task_queues:103:5)
    at async SelectQueryBuilder.loadRawResults (/Users/macintosh/Documents/DEVPRO/Back/src/query-builder/SelectQueryBuilder.ts:3897:25)
    at async SelectQueryBuilder.executeEntitiesAndRawResults (/Users/macintosh/Documents/DEVPRO/Back/src/query-builder/SelectQueryBuilder.ts:3619:26)
    at async SelectQueryBuilder.getRawAndEntities (/Users/macintosh/Documents/DEVPRO/Back/src/query-builder/SelectQueryBuilder.ts:1676:29)
    at async SelectQueryBuilder.getMany (/Users/macintosh/Documents/DEVPRO/Back/src/query-builder/SelectQueryBuilder.ts:1766:25)
    at async /Users/macintosh/Documents/DEVPRO/Back/node_modules/@nestjs/core/router/router-execution-context.js:47:62
    at async /Users/macintosh/Documents/DEVPRO/Back/node_modules/@nestjs/core/router/router-proxy.js:9:17
2026-07-28 15:19:16 [error]: QueryFailedError: Unknown column 'p.box_unit_name' in 'SELECT'
    at MysqlQueryRunner.query (/Users/macintosh/Documents/DEVPRO/Back/src/driver/mysql/MysqlQueryRunner.ts:291:19)
    at process.processTicksAndRejections (node:internal/process/task_queues:103:5)
    at async SelectQueryBuilder.loadRawResults (/Users/macintosh/Documents/DEVPRO/Back/src/query-builder/SelectQueryBuilder.ts:3897:25)
    at async SelectQueryBuilder.executeEntitiesAndRawResults (/Users/macintosh/Documents/DEVPRO/Back/src/query-builder/SelectQueryBuilder.ts:3619:26)
    at async SelectQueryBuilder.getRawAndEntities (/Users/macintosh/Documents/DEVPRO/Back/src/query-builder/SelectQueryBuilder.ts:1676:29)
    at async SelectQueryBuilder.getMany (/Users/macintosh/Documents/DEVPRO/Back/src/query-builder/SelectQueryBuilder.ts:1766:25)
    at async /Users/macintosh/Documents/DEVPRO/Back/node_modules/@nestjs/core/router/router-execution-context.js:47:62
    at async /Users/macintosh/Documents/DEVPRO/Back/node_modules/@nestjs/core/router/router-proxy.js:9:17
2026-07-28 15:20:16 [error]: QueryFailedError: Unknown column 'p.box_unit_name' in 'SELECT'
    at MysqlQueryRunner.query (/Users/macintosh/Documents/DEVPRO/Back/src/driver/mysql/MysqlQueryRunner.ts:291:19)
    at process.processTicksAndRejections (node:internal/process/task_queues:103:5)
    at async SelectQueryBuilder.loadRawResults (/Users/macintosh/Documents/DEVPRO/Back/src/query-builder/SelectQueryBuilder.ts:3897:25)
    at async SelectQueryBuilder.executeEntitiesAndRawResults (/Users/macintosh/Documents/DEVPRO/Back/src/query-builder/SelectQueryBuilder.ts:3619:26)
    at async SelectQueryBuilder.getRawAndEntities (/Users/macintosh/Documents/DEVPRO/Back/src/query-builder/SelectQueryBuilder.ts:1676:29)
    at async SelectQueryBuilder.getMany (/Users/macintosh/Documents/DEVPRO/Back/src/query-builder/SelectQueryBuilder.ts:1766:25)
    at async /Users/macintosh/Documents/DEVPRO/Back/node_modules/@nestjs/core/router/router-execution-context.js:47:62
    at async /Users/macintosh/Documents/DEVPRO/Back/node_modules/@nestjs/core/router/router-proxy.js:9:17
2026-07-28 15:21:16 [error]: QueryFailedError: Unknown column 'p.box_unit_name' in 'SELECT'
    at MysqlQueryRunner.query (/Users/macintosh/Documents/DEVPRO/Back/src/driver/mysql/MysqlQueryRunner.ts:291:19)
    at process.processTicksAndRejections (node:internal/process/task_queues:103:5)
    at async SelectQueryBuilder.loadRawResults (/Users/macintosh/Documents/DEVPRO/Back/src/query-builder/SelectQueryBuilder.ts:3897:25)
    at async SelectQueryBuilder.executeEntitiesAndRawResults (/Users/macintosh/Documents/DEVPRO/Back/src/query-builder/SelectQueryBuilder.ts:3619:26)
    at async SelectQueryBuilder.getRawAndEntities (/Users/macintosh/Documents/DEVPRO/Back/src/query-builder/SelectQueryBuilder.ts:1676:29)
    at async SelectQueryBuilder.getMany (/Users/macintosh/Documents/DEVPRO/Back/src/query-builder/SelectQueryBuilder.ts:1766:25)
    at async /Users/macintosh/Documents/DEVPRO/Back/node_modules/@nestjs/core/router/router-execution-context.js:47:62
    at async /Users/macintosh/Documents/DEVPRO/Back/node_modules/@nestjs/core/router/router-proxy.js:9:17
2026-07-28 15:22:16 [error]: QueryFailedError: Unknown column 'p.box_unit_name' in 'SELECT'
    at MysqlQueryRunner.query (/Users/macintosh/Documents/DEVPRO/Back/src/driver/mysql/MysqlQueryRunner.ts:291:19)
    at process.processTicksAndRejections (node:internal/process/task_queues:103:5)
    at async SelectQueryBuilder.loadRawResults (/Users/macintosh/Documents/DEVPRO/Back/src/query-builder/SelectQueryBuilder.ts:3897:25)
    at async SelectQueryBuilder.executeEntitiesAndRawResults (/Users/macintosh/Documents/DEVPRO/Back/src/query-builder/SelectQueryBuilder.ts:3619:26)
    at async SelectQueryBuilder.getRawAndEntities (/Users/macintosh/Documents/DEVPRO/Back/src/query-builder/SelectQueryBuilder.ts:1676:29)
    at async SelectQueryBuilder.getMany (/Users/macintosh/Documents/DEVPRO/Back/src/query-builder/SelectQueryBuilder.ts:1766:25)
    at async /Users/macintosh/Documents/DEVPRO/Back/node_modules/@nestjs/core/router/router-execution-context.js:47:62
    at async /Users/macintosh/Documents/DEVPRO/Back/node_modules/@nestjs/core/router/router-proxy.js:9:17
2026-07-28 15:23:16 [error]: QueryFailedError: Unknown column 'p.box_unit_name' in 'SELECT'
    at MysqlQueryRunner.query (/Users/macintosh/Documents/DEVPRO/Back/src/driver/mysql/MysqlQueryRunner.ts:291:19)
    at process.processTicksAndRejections (node:internal/process/task_queues:103:5)
    at async SelectQueryBuilder.loadRawResults (/Users/macintosh/Documents/DEVPRO/Back/src/query-builder/SelectQueryBuilder.ts:3897:25)
    at async SelectQueryBuilder.executeEntitiesAndRawResults (/Users/macintosh/Documents/DEVPRO/Back/src/query-builder/SelectQueryBuilder.ts:3619:26)
    at async SelectQueryBuilder.getRawAndEntities (/Users/macintosh/Documents/DEVPRO/Back/src/query-builder/SelectQueryBuilder.ts:1676:29)
    at async SelectQueryBuilder.getMany (/Users/macintosh/Documents/DEVPRO/Back/src/query-builder/SelectQueryBuilder.ts:1766:25)
    at async /Users/macintosh/Documents/DEVPRO/Back/node_modules/@nestjs/core/router/router-execution-context.js:47:62
    at async /Users/macintosh/Documents/DEVPRO/Back/node_modules/@nestjs/core/router/router-proxy.js:9:17
2026-07-28 15:24:16 [error]: QueryFailedError: Unknown column 'p.box_unit_name' in 'SELECT'
    at MysqlQueryRunner.query (/Users/macintosh/Documents/DEVPRO/Back/src/driver/mysql/MysqlQueryRunner.ts:291:19)
    at process.processTicksAndRejections (node:internal/process/task_queues:103:5)
    at async SelectQueryBuilder.loadRawResults (/Users/macintosh/Documents/DEVPRO/Back/src/query-builder/SelectQueryBuilder.ts:3897:25)
    at async SelectQueryBuilder.executeEntitiesAndRawResults (/Users/macintosh/Documents/DEVPRO/Back/src/query-builder/SelectQueryBuilder.ts:3619:26)
    at async SelectQueryBuilder.getRawAndEntities (/Users/macintosh/Documents/DEVPRO/Back/src/query-builder/SelectQueryBuilder.ts:1676:29)
    at async SelectQueryBuilder.getMany (/Users/macintosh/Documents/DEVPRO/Back/src/query-builder/SelectQueryBuilder.ts:1766:25)
    at async /Users/macintosh/Documents/DEVPRO/Back/node_modules/@nestjs/core/router/router-execution-context.js:47:62
    at async /Users/macintosh/Documents/DEVPRO/Back/node_modules/@nestjs/core/router/router-proxy.js:9:17
2026-07-28 15:25:16 [error]: QueryFailedError: Unknown column 'p.box_unit_name' in 'SELECT'
    at MysqlQueryRunner.query (/Users/macintosh/Documents/DEVPRO/Back/src/driver/mysql/MysqlQueryRunner.ts:291:19)
    at process.processTicksAndRejections (node:internal/process/task_queues:103:5)
    at async SelectQueryBuilder.loadRawResults (/Users/macintosh/Documents/DEVPRO/Back/src/query-builder/SelectQueryBuilder.ts:3897:25)
    at async SelectQueryBuilder.executeEntitiesAndRawResults (/Users/macintosh/Documents/DEVPRO/Back/src/query-builder/SelectQueryBuilder.ts:3619:26)
    at async SelectQueryBuilder.getRawAndEntities (/Users/macintosh/Documents/DEVPRO/Back/src/query-builder/SelectQueryBuilder.ts:1676:29)
    at async SelectQueryBuilder.getMany (/Users/macintosh/Documents/DEVPRO/Back/src/query-builder/SelectQueryBuilder.ts:1766:25)
    at async /Users/macintosh/Documents/DEVPRO/Back/node_modules/@nestjs/core/router/router-execution-context.js:47:62
    at async /Users/macintosh/Documents/DEVPRO/Back/node_modules/@nestjs/core/router/router-proxy.js:9:17
2026-07-28 15:26:16 [error]: QueryFailedError: Unknown column 'p.box_unit_name' in 'SELECT'
    at MysqlQueryRunner.query (/Users/macintosh/Documents/DEVPRO/Back/src/driver/mysql/MysqlQueryRunner.ts:291:19)
    at process.processTicksAndRejections (node:internal/process/task_queues:103:5)
    at async SelectQueryBuilder.loadRawResults (/Users/macintosh/Documents/DEVPRO/Back/src/query-builder/SelectQueryBuilder.ts:3897:25)
    at async SelectQueryBuilder.executeEntitiesAndRawResults (/Users/macintosh/Documents/DEVPRO/Back/src/query-builder/SelectQueryBuilder.ts:3619:26)
    at async SelectQueryBuilder.getRawAndEntities (/Users/macintosh/Documents/DEVPRO/Back/src/query-builder/SelectQueryBuilder.ts:1676:29)
    at async SelectQueryBuilder.getMany (/Users/macintosh/Documents/DEVPRO/Back/src/query-builder/SelectQueryBuilder.ts:1766:25)
    at async /Users/macintosh/Documents/DEVPRO/Back/node_modules/@nestjs/core/router/router-execution-context.js:47:62
    at async /Users/macintosh/Documents/DEVPRO/Back/node_modules/@nestjs/core/router/router-proxy.js:9:17
2026-07-28 15:27:16 [error]: QueryFailedError: Unknown column 'p.box_unit_name' in 'SELECT'
    at MysqlQueryRunner.query (/Users/macintosh/Documents/DEVPRO/Back/src/driver/mysql/MysqlQueryRunner.ts:291:19)
    at process.processTicksAndRejections (node:internal/process/task_queues:103:5)
    at async SelectQueryBuilder.loadRawResults (/Users/macintosh/Documents/DEVPRO/Back/src/query-builder/SelectQueryBuilder.ts:3897:25)
    at async SelectQueryBuilder.executeEntitiesAndRawResults (/Users/macintosh/Documents/DEVPRO/Back/src/query-builder/SelectQueryBuilder.ts:3619:26)
    at async SelectQueryBuilder.getRawAndEntities (/Users/macintosh/Documents/DEVPRO/Back/src/query-builder/SelectQueryBuilder.ts:1676:29)
    at async SelectQueryBuilder.getMany (/Users/macintosh/Documents/DEVPRO/Back/src/query-builder/SelectQueryBuilder.ts:1766:25)
    at async /Users/macintosh/Documents/DEVPRO/Back/node_modules/@nestjs/core/router/router-execution-context.js:47:62
    at async /Users/macintosh/Documents/DEVPRO/Back/node_modules/@nestjs/core/router/router-proxy.js:9:17
2026-07-28 15:28:16 [error]: QueryFailedError: Unknown column 'p.box_unit_name' in 'SELECT'
    at MysqlQueryRunner.query (/Users/macintosh/Documents/DEVPRO/Back/src/driver/mysql/MysqlQueryRunner.ts:291:19)
    at process.processTicksAndRejections (node:internal/process/task_queues:103:5)
    at async SelectQueryBuilder.loadRawResults (/Users/macintosh/Documents/DEVPRO/Back/src/query-builder/SelectQueryBuilder.ts:3897:25)
    at async SelectQueryBuilder.executeEntitiesAndRawResults (/Users/macintosh/Documents/DEVPRO/Back/src/query-builder/SelectQueryBuilder.ts:3619:26)
    at async SelectQueryBuilder.getRawAndEntities (/Users/macintosh/Documents/DEVPRO/Back/src/query-builder/SelectQueryBuilder.ts:1676:29)
    at async SelectQueryBuilder.getMany (/Users/macintosh/Documents/DEVPRO/Back/src/query-builder/SelectQueryBuilder.ts:1766:25)
    at async /Users/macintosh/Documents/DEVPRO/Back/node_modules/@nestjs/core/router/router-execution-context.js:47:62
    at async /Users/macintosh/Documents/DEVPRO/Back/node_modules/@nestjs/core/router/router-proxy.js:9:17
2026-07-28 15:29:16 [error]: QueryFailedError: Unknown column 'p.box_unit_name' in 'SELECT'
    at MysqlQueryRunner.query (/Users/macintosh/Documents/DEVPRO/Back/src/driver/mysql/MysqlQueryRunner.ts:291:19)
    at process.processTicksAndRejections (node:internal/process/task_queues:103:5)
    at async SelectQueryBuilder.loadRawResults (/Users/macintosh/Documents/DEVPRO/Back/src/query-builder/SelectQueryBuilder.ts:3897:25)
    at async SelectQueryBuilder.executeEntitiesAndRawResults (/Users/macintosh/Documents/DEVPRO/Back/src/query-builder/SelectQueryBuilder.ts:3619:26)
    at async SelectQueryBuilder.getRawAndEntities (/Users/macintosh/Documents/DEVPRO/Back/src/query-builder/SelectQueryBuilder.ts:1676:29)
    at async SelectQueryBuilder.getMany (/Users/macintosh/Documents/DEVPRO/Back/src/query-builder/SelectQueryBuilder.ts:1766:25)
    at async /Users/macintosh/Documents/DEVPRO/Back/node_modules/@nestjs/core/router/router-execution-context.js:47:62
    at async /Users/macintosh/Documents/DEVPRO/Back/node_modules/@nestjs/core/router/router-proxy.js:9:17
2026-07-28 15:30:16 [error]: QueryFailedError: Unknown column 'p.box_unit_name' in 'SELECT'
    at MysqlQueryRunner.query (/Users/macintosh/Documents/DEVPRO/Back/src/driver/mysql/MysqlQueryRunner.ts:291:19)
    at process.processTicksAndRejections (node:internal/process/task_queues:103:5)
    at async SelectQueryBuilder.loadRawResults (/Users/macintosh/Documents/DEVPRO/Back/src/query-builder/SelectQueryBuilder.ts:3897:25)
    at async SelectQueryBuilder.executeEntitiesAndRawResults (/Users/macintosh/Documents/DEVPRO/Back/src/query-builder/SelectQueryBuilder.ts:3619:26)
    at async SelectQueryBuilder.getRawAndEntities (/Users/macintosh/Documents/DEVPRO/Back/src/query-builder/SelectQueryBuilder.ts:1676:29)
    at async SelectQueryBuilder.getMany (/Users/macintosh/Documents/DEVPRO/Back/src/query-builder/SelectQueryBuilder.ts:1766:25)
    at async /Users/macintosh/Documents/DEVPRO/Back/node_modules/@nestjs/core/router/router-execution-context.js:47:62
    at async /Users/macintosh/Documents/DEVPRO/Back/node_modules/@nestjs/core/router/router-proxy.js:9:17
2026-07-28 15:31:16 [error]: QueryFailedError: Unknown column 'p.box_unit_name' in 'SELECT'
    at MysqlQueryRunner.query (/Users/macintosh/Documents/DEVPRO/Back/src/driver/mysql/MysqlQueryRunner.ts:291:19)
    at process.processTicksAndRejections (node:internal/process/task_queues:103:5)
    at async SelectQueryBuilder.loadRawResults (/Users/macintosh/Documents/DEVPRO/Back/src/query-builder/SelectQueryBuilder.ts:3897:25)
    at async SelectQueryBuilder.executeEntitiesAndRawResults (/Users/macintosh/Documents/DEVPRO/Back/src/query-builder/SelectQueryBuilder.ts:3619:26)
    at async SelectQueryBuilder.getRawAndEntities (/Users/macintosh/Documents/DEVPRO/Back/src/query-builder/SelectQueryBuilder.ts:1676:29)
    at async SelectQueryBuilder.getMany (/Users/macintosh/Documents/DEVPRO/Back/src/query-builder/SelectQueryBuilder.ts:1766:25)
    at async /Users/macintosh/Documents/DEVPRO/Back/node_modules/@nestjs/core/router/router-execution-context.js:47:62
    at async /Users/macintosh/Documents/DEVPRO/Back/node_modules/@nestjs/core/router/router-proxy.js:9:17
2026-07-28 15:32:16 [error]: QueryFailedError: Unknown column 'p.box_unit_name' in 'SELECT'
    at MysqlQueryRunner.query (/Users/macintosh/Documents/DEVPRO/Back/src/driver/mysql/MysqlQueryRunner.ts:291:19)
    at process.processTicksAndRejections (node:internal/process/task_queues:103:5)
    at async SelectQueryBuilder.loadRawResults (/Users/macintosh/Documents/DEVPRO/Back/src/query-builder/SelectQueryBuilder.ts:3897:25)
    at async SelectQueryBuilder.executeEntitiesAndRawResults (/Users/macintosh/Documents/DEVPRO/Back/src/query-builder/SelectQueryBuilder.ts:3619:26)
    at async SelectQueryBuilder.getRawAndEntities (/Users/macintosh/Documents/DEVPRO/Back/src/query-builder/SelectQueryBuilder.ts:1676:29)
    at async SelectQueryBuilder.getMany (/Users/macintosh/Documents/DEVPRO/Back/src/query-builder/SelectQueryBuilder.ts:1766:25)
    at async /Users/macintosh/Documents/DEVPRO/Back/node_modules/@nestjs/core/router/router-execution-context.js:47:62
    at async /Users/macintosh/Documents/DEVPRO/Back/node_modules/@nestjs/core/router/router-proxy.js:9:17
2026-07-28 15:33:16 [error]: QueryFailedError: Unknown column 'p.box_unit_name' in 'SELECT'
    at MysqlQueryRunner.query (/Users/macintosh/Documents/DEVPRO/Back/src/driver/mysql/MysqlQueryRunner.ts:291:19)
    at process.processTicksAndRejections (node:internal/process/task_queues:103:5)
    at async SelectQueryBuilder.loadRawResults (/Users/macintosh/Documents/DEVPRO/Back/src/query-builder/SelectQueryBuilder.ts:3897:25)
    at async SelectQueryBuilder.executeEntitiesAndRawResults (/Users/macintosh/Documents/DEVPRO/Back/src/query-builder/SelectQueryBuilder.ts:3619:26)
    at async SelectQueryBuilder.getRawAndEntities (/Users/macintosh/Documents/DEVPRO/Back/src/query-builder/SelectQueryBuilder.ts:1676:29)
    at async SelectQueryBuilder.getMany (/Users/macintosh/Documents/DEVPRO/Back/src/query-builder/SelectQueryBuilder.ts:1766:25)
    at async /Users/macintosh/Documents/DEVPRO/Back/node_modules/@nestjs/core/router/router-execution-context.js:47:62
    at async /Users/macintosh/Documents/DEVPRO/Back/node_modules/@nestjs/core/router/router-proxy.js:9:17
2026-07-28 15:34:16 [error]: QueryFailedError: Unknown column 'p.box_unit_name' in 'SELECT'
    at MysqlQueryRunner.query (/Users/macintosh/Documents/DEVPRO/Back/src/driver/mysql/MysqlQueryRunner.ts:291:19)
    at process.processTicksAndRejections (node:internal/process/task_queues:103:5)
    at async SelectQueryBuilder.loadRawResults (/Users/macintosh/Documents/DEVPRO/Back/src/query-builder/SelectQueryBuilder.ts:3897:25)
    at async SelectQueryBuilder.executeEntitiesAndRawResults (/Users/macintosh/Documents/DEVPRO/Back/src/query-builder/SelectQueryBuilder.ts:3619:26)
    at async SelectQueryBuilder.getRawAndEntities (/Users/macintosh/Documents/DEVPRO/Back/src/query-builder/SelectQueryBuilder.ts:1676:29)
    at async SelectQueryBuilder.getMany (/Users/macintosh/Documents/DEVPRO/Back/src/query-builder/SelectQueryBuilder.ts:1766:25)
    at async /Users/macintosh/Documents/DEVPRO/Back/node_modules/@nestjs/core/router/router-execution-context.js:47:62
    at async /Users/macintosh/Documents/DEVPRO/Back/node_modules/@nestjs/core/router/router-proxy.js:9:17
2026-07-28 15:35:16 [error]: QueryFailedError: Unknown column 'p.box_unit_name' in 'SELECT'
    at MysqlQueryRunner.query (/Users/macintosh/Documents/DEVPRO/Back/src/driver/mysql/MysqlQueryRunner.ts:291:19)
    at process.processTicksAndRejections (node:internal/process/task_queues:103:5)
    at async SelectQueryBuilder.loadRawResults (/Users/macintosh/Documents/DEVPRO/Back/src/query-builder/SelectQueryBuilder.ts:3897:25)
    at async SelectQueryBuilder.executeEntitiesAndRawResults (/Users/macintosh/Documents/DEVPRO/Back/src/query-builder/SelectQueryBuilder.ts:3619:26)
    at async SelectQueryBuilder.getRawAndEntities (/Users/macintosh/Documents/DEVPRO/Back/src/query-builder/SelectQueryBuilder.ts:1676:29)
    at async SelectQueryBuilder.getMany (/Users/macintosh/Documents/DEVPRO/Back/src/query-builder/SelectQueryBuilder.ts:1766:25)
    at async /Users/macintosh/Documents/DEVPRO/Back/node_modules/@nestjs/core/router/router-execution-context.js:47:62
    at async /Users/macintosh/Documents/DEVPRO/Back/node_modules/@nestjs/core/router/router-proxy.js:9:17
2026-07-28 15:36:16 [error]: QueryFailedError: Unknown column 'p.box_unit_name' in 'SELECT'
    at MysqlQueryRunner.query (/Users/macintosh/Documents/DEVPRO/Back/src/driver/mysql/MysqlQueryRunner.ts:291:19)
    at process.processTicksAndRejections (node:internal/process/task_queues:103:5)
    at async SelectQueryBuilder.loadRawResults (/Users/macintosh/Documents/DEVPRO/Back/src/query-builder/SelectQueryBuilder.ts:3897:25)
    at async SelectQueryBuilder.executeEntitiesAndRawResults (/Users/macintosh/Documents/DEVPRO/Back/src/query-builder/SelectQueryBuilder.ts:3619:26)
    at async SelectQueryBuilder.getRawAndEntities (/Users/macintosh/Documents/DEVPRO/Back/src/query-builder/SelectQueryBuilder.ts:1676:29)
    at async SelectQueryBuilder.getMany (/Users/macintosh/Documents/DEVPRO/Back/src/query-builder/SelectQueryBuilder.ts:1766:25)
    at async /Users/macintosh/Documents/DEVPRO/Back/node_modules/@nestjs/core/router/router-execution-context.js:47:62
    at async /Users/macintosh/Documents/DEVPRO/Back/node_modules/@nestjs/core/router/router-proxy.js:9:17
2026-07-28 15:37:16 [error]: QueryFailedError: Unknown column 'p.box_unit_name' in 'SELECT'
    at MysqlQueryRunner.query (/Users/macintosh/Documents/DEVPRO/Back/src/driver/mysql/MysqlQueryRunner.ts:291:19)
    at process.processTicksAndRejections (node:internal/process/task_queues:103:5)
    at async SelectQueryBuilder.loadRawResults (/Users/macintosh/Documents/DEVPRO/Back/src/query-builder/SelectQueryBuilder.ts:3897:25)
    at async SelectQueryBuilder.executeEntitiesAndRawResults (/Users/macintosh/Documents/DEVPRO/Back/src/query-builder/SelectQueryBuilder.ts:3619:26)
    at async SelectQueryBuilder.getRawAndEntities (/Users/macintosh/Documents/DEVPRO/Back/src/query-builder/SelectQueryBuilder.ts:1676:29)
    at async SelectQueryBuilder.getMany (/Users/macintosh/Documents/DEVPRO/Back/src/query-builder/SelectQueryBuilder.ts:1766:25)
    at async /Users/macintosh/Documents/DEVPRO/Back/node_modules/@nestjs/core/router/router-execution-context.js:47:62
    at async /Users/macintosh/Documents/DEVPRO/Back/node_modules/@nestjs/core/router/router-proxy.js:9:17
2026-07-28 15:38:16 [error]: QueryFailedError: Unknown column 'p.box_unit_name' in 'SELECT'
    at MysqlQueryRunner.query (/Users/macintosh/Documents/DEVPRO/Back/src/driver/mysql/MysqlQueryRunner.ts:291:19)
    at process.processTicksAndRejections (node:internal/process/task_queues:103:5)
    at async SelectQueryBuilder.loadRawResults (/Users/macintosh/Documents/DEVPRO/Back/src/query-builder/SelectQueryBuilder.ts:3897:25)
    at async SelectQueryBuilder.executeEntitiesAndRawResults (/Users/macintosh/Documents/DEVPRO/Back/src/query-builder/SelectQueryBuilder.ts:3619:26)
    at async SelectQueryBuilder.getRawAndEntities (/Users/macintosh/Documents/DEVPRO/Back/src/query-builder/SelectQueryBuilder.ts:1676:29)
    at async SelectQueryBuilder.getMany (/Users/macintosh/Documents/DEVPRO/Back/src/query-builder/SelectQueryBuilder.ts:1766:25)
    at async /Users/macintosh/Documents/DEVPRO/Back/node_modules/@nestjs/core/router/router-execution-context.js:47:62
    at async /Users/macintosh/Documents/DEVPRO/Back/node_modules/@nestjs/core/router/router-proxy.js:9:17
2026-07-28 15:39:16 [error]: QueryFailedError: Unknown column 'p.box_unit_name' in 'SELECT'
    at MysqlQueryRunner.query (/Users/macintosh/Documents/DEVPRO/Back/src/driver/mysql/MysqlQueryRunner.ts:291:19)
    at process.processTicksAndRejections (node:internal/process/task_queues:103:5)
    at async SelectQueryBuilder.loadRawResults (/Users/macintosh/Documents/DEVPRO/Back/src/query-builder/SelectQueryBuilder.ts:3897:25)
    at async SelectQueryBuilder.executeEntitiesAndRawResults (/Users/macintosh/Documents/DEVPRO/Back/src/query-builder/SelectQueryBuilder.ts:3619:26)
    at async SelectQueryBuilder.getRawAndEntities (/Users/macintosh/Documents/DEVPRO/Back/src/query-builder/SelectQueryBuilder.ts:1676:29)
    at async SelectQueryBuilder.getMany (/Users/macintosh/Documents/DEVPRO/Back/src/query-builder/SelectQueryBuilder.ts:1766:25)
    at async /Users/macintosh/Documents/DEVPRO/Back/node_modules/@nestjs/core/router/router-execution-context.js:47:62
    at async /Users/macintosh/Documents/DEVPRO/Back/node_modules/@nestjs/core/router/router-proxy.js:9:17
2026-07-28 15:40:16 [error]: QueryFailedError: Unknown column 'p.box_unit_name' in 'SELECT'
    at MysqlQueryRunner.query (/Users/macintosh/Documents/DEVPRO/Back/src/driver/mysql/MysqlQueryRunner.ts:291:19)
    at process.processTicksAndRejections (node:internal/process/task_queues:103:5)
    at async SelectQueryBuilder.loadRawResults (/Users/macintosh/Documents/DEVPRO/Back/src/query-builder/SelectQueryBuilder.ts:3897:25)
    at async SelectQueryBuilder.executeEntitiesAndRawResults (/Users/macintosh/Documents/DEVPRO/Back/src/query-builder/SelectQueryBuilder.ts:3619:26)
    at async SelectQueryBuilder.getRawAndEntities (/Users/macintosh/Documents/DEVPRO/Back/src/query-builder/SelectQueryBuilder.ts:1676:29)
    at async SelectQueryBuilder.getMany (/Users/macintosh/Documents/DEVPRO/Back/src/query-builder/SelectQueryBuilder.ts:1766:25)
    at async /Users/macintosh/Documents/DEVPRO/Back/node_modules/@nestjs/core/router/router-execution-context.js:47:62
    at async /Users/macintosh/Documents/DEVPRO/Back/node_modules/@nestjs/core/router/router-proxy.js:9:17
2026-07-28 15:41:16 [error]: QueryFailedError: Unknown column 'p.box_unit_name' in 'SELECT'
    at MysqlQueryRunner.query (/Users/macintosh/Documents/DEVPRO/Back/src/driver/mysql/MysqlQueryRunner.ts:291:19)
    at process.processTicksAndRejections (node:internal/process/task_queues:103:5)
    at async SelectQueryBuilder.loadRawResults (/Users/macintosh/Documents/DEVPRO/Back/src/query-builder/SelectQueryBuilder.ts:3897:25)
    at async SelectQueryBuilder.executeEntitiesAndRawResults (/Users/macintosh/Documents/DEVPRO/Back/src/query-builder/SelectQueryBuilder.ts:3619:26)
    at async SelectQueryBuilder.getRawAndEntities (/Users/macintosh/Documents/DEVPRO/Back/src/query-builder/SelectQueryBuilder.ts:1676:29)
    at async SelectQueryBuilder.getMany (/Users/macintosh/Documents/DEVPRO/Back/src/query-builder/SelectQueryBuilder.ts:1766:25)
    at async /Users/macintosh/Documents/DEVPRO/Back/node_modules/@nestjs/core/router/router-execution-context.js:47:62
    at async /Users/macintosh/Documents/DEVPRO/Back/node_modules/@nestjs/core/router/router-proxy.js:9:17
2026-07-28 15:42:16 [error]: QueryFailedError: Unknown column 'p.box_unit_name' in 'SELECT'
    at MysqlQueryRunner.query (/Users/macintosh/Documents/DEVPRO/Back/src/driver/mysql/MysqlQueryRunner.ts:291:19)
    at process.processTicksAndRejections (node:internal/process/task_queues:103:5)
    at async SelectQueryBuilder.loadRawResults (/Users/macintosh/Documents/DEVPRO/Back/src/query-builder/SelectQueryBuilder.ts:3897:25)
    at async SelectQueryBuilder.executeEntitiesAndRawResults (/Users/macintosh/Documents/DEVPRO/Back/src/query-builder/SelectQueryBuilder.ts:3619:26)
    at async SelectQueryBuilder.getRawAndEntities (/Users/macintosh/Documents/DEVPRO/Back/src/query-builder/SelectQueryBuilder.ts:1676:29)
    at async SelectQueryBuilder.getMany (/Users/macintosh/Documents/DEVPRO/Back/src/query-builder/SelectQueryBuilder.ts:1766:25)
    at async /Users/macintosh/Documents/DEVPRO/Back/node_modules/@nestjs/core/router/router-execution-context.js:47:62
    at async /Users/macintosh/Documents/DEVPRO/Back/node_modules/@nestjs/core/router/router-proxy.js:9:17
2026-07-28 15:43:16 [error]: QueryFailedError: Unknown column 'p.box_unit_name' in 'SELECT'
    at MysqlQueryRunner.query (/Users/macintosh/Documents/DEVPRO/Back/src/driver/mysql/MysqlQueryRunner.ts:291:19)
    at process.processTicksAndRejections (node:internal/process/task_queues:103:5)
    at async SelectQueryBuilder.loadRawResults (/Users/macintosh/Documents/DEVPRO/Back/src/query-builder/SelectQueryBuilder.ts:3897:25)
    at async SelectQueryBuilder.executeEntitiesAndRawResults (/Users/macintosh/Documents/DEVPRO/Back/src/query-builder/SelectQueryBuilder.ts:3619:26)
    at async SelectQueryBuilder.getRawAndEntities (/Users/macintosh/Documents/DEVPRO/Back/src/query-builder/SelectQueryBuilder.ts:1676:29)
    at async SelectQueryBuilder.getMany (/Users/macintosh/Documents/DEVPRO/Back/src/query-builder/SelectQueryBuilder.ts:1766:25)
    at async /Users/macintosh/Documents/DEVPRO/Back/node_modules/@nestjs/core/router/router-execution-context.js:47:62
    at async /Users/macintosh/Documents/DEVPRO/Back/node_modules/@nestjs/core/router/router-proxy.js:9:17
2026-07-28 15:44:16 [error]: QueryFailedError: Unknown column 'p.box_unit_name' in 'SELECT'
    at MysqlQueryRunner.query (/Users/macintosh/Documents/DEVPRO/Back/src/driver/mysql/MysqlQueryRunner.ts:291:19)
    at process.processTicksAndRejections (node:internal/process/task_queues:103:5)
    at async SelectQueryBuilder.loadRawResults (/Users/macintosh/Documents/DEVPRO/Back/src/query-builder/SelectQueryBuilder.ts:3897:25)
    at async SelectQueryBuilder.executeEntitiesAndRawResults (/Users/macintosh/Documents/DEVPRO/Back/src/query-builder/SelectQueryBuilder.ts:3619:26)
    at async SelectQueryBuilder.getRawAndEntities (/Users/macintosh/Documents/DEVPRO/Back/src/query-builder/SelectQueryBuilder.ts:1676:29)
    at async SelectQueryBuilder.getMany (/Users/macintosh/Documents/DEVPRO/Back/src/query-builder/SelectQueryBuilder.ts:1766:25)
    at async /Users/macintosh/Documents/DEVPRO/Back/node_modules/@nestjs/core/router/router-execution-context.js:47:62
    at async /Users/macintosh/Documents/DEVPRO/Back/node_modules/@nestjs/core/router/router-proxy.js:9:17
2026-07-28 15:45:16 [error]: QueryFailedError: Unknown column 'p.box_unit_name' in 'SELECT'
    at MysqlQueryRunner.query (/Users/macintosh/Documents/DEVPRO/Back/src/driver/mysql/MysqlQueryRunner.ts:291:19)
    at process.processTicksAndRejections (node:internal/process/task_queues:103:5)
    at async SelectQueryBuilder.loadRawResults (/Users/macintosh/Documents/DEVPRO/Back/src/query-builder/SelectQueryBuilder.ts:3897:25)
    at async SelectQueryBuilder.executeEntitiesAndRawResults (/Users/macintosh/Documents/DEVPRO/Back/src/query-builder/SelectQueryBuilder.ts:3619:26)
    at async SelectQueryBuilder.getRawAndEntities (/Users/macintosh/Documents/DEVPRO/Back/src/query-builder/SelectQueryBuilder.ts:1676:29)
    at async SelectQueryBuilder.getMany (/Users/macintosh/Documents/DEVPRO/Back/src/query-builder/SelectQueryBuilder.ts:1766:25)
    at async /Users/macintosh/Documents/DEVPRO/Back/node_modules/@nestjs/core/router/router-execution-context.js:47:62
    at async /Users/macintosh/Documents/DEVPRO/Back/node_modules/@nestjs/core/router/router-proxy.js:9:17
2026-07-28 15:46:16 [error]: QueryFailedError: Unknown column 'p.box_unit_name' in 'SELECT'
    at MysqlQueryRunner.query (/Users/macintosh/Documents/DEVPRO/Back/src/driver/mysql/MysqlQueryRunner.ts:291:19)
    at process.processTicksAndRejections (node:internal/process/task_queues:103:5)
    at async SelectQueryBuilder.loadRawResults (/Users/macintosh/Documents/DEVPRO/Back/src/query-builder/SelectQueryBuilder.ts:3897:25)
    at async SelectQueryBuilder.executeEntitiesAndRawResults (/Users/macintosh/Documents/DEVPRO/Back/src/query-builder/SelectQueryBuilder.ts:3619:26)
    at async SelectQueryBuilder.getRawAndEntities (/Users/macintosh/Documents/DEVPRO/Back/src/query-builder/SelectQueryBuilder.ts:1676:29)
    at async SelectQueryBuilder.getMany (/Users/macintosh/Documents/DEVPRO/Back/src/query-builder/SelectQueryBuilder.ts:1766:25)
    at async /Users/macintosh/Documents/DEVPRO/Back/node_modules/@nestjs/core/router/router-execution-context.js:47:62
    at async /Users/macintosh/Documents/DEVPRO/Back/node_modules/@nestjs/core/router/router-proxy.js:9:17
2026-07-28 15:47:16 [error]: QueryFailedError: Unknown column 'p.box_unit_name' in 'SELECT'
    at MysqlQueryRunner.query (/Users/macintosh/Documents/DEVPRO/Back/src/driver/mysql/MysqlQueryRunner.ts:291:19)
    at process.processTicksAndRejections (node:internal/process/task_queues:103:5)
    at async SelectQueryBuilder.loadRawResults (/Users/macintosh/Documents/DEVPRO/Back/src/query-builder/SelectQueryBuilder.ts:3897:25)
    at async SelectQueryBuilder.executeEntitiesAndRawResults (/Users/macintosh/Documents/DEVPRO/Back/src/query-builder/SelectQueryBuilder.ts:3619:26)
    at async SelectQueryBuilder.getRawAndEntities (/Users/macintosh/Documents/DEVPRO/Back/src/query-builder/SelectQueryBuilder.ts:1676:29)
    at async SelectQueryBuilder.getMany (/Users/macintosh/Documents/DEVPRO/Back/src/query-builder/SelectQueryBuilder.ts:1766:25)
    at async /Users/macintosh/Documents/DEVPRO/Back/node_modules/@nestjs/core/router/router-execution-context.js:47:62
    at async /Users/macintosh/Documents/DEVPRO/Back/node_modules/@nestjs/core/router/router-proxy.js:9:17
2026-07-28 15:48:16 [error]: QueryFailedError: Unknown column 'p.box_unit_name' in 'SELECT'
    at MysqlQueryRunner.query (/Users/macintosh/Documents/DEVPRO/Back/src/driver/mysql/MysqlQueryRunner.ts:291:19)
    at process.processTicksAndRejections (node:internal/process/task_queues:103:5)
    at async SelectQueryBuilder.loadRawResults (/Users/macintosh/Documents/DEVPRO/Back/src/query-builder/SelectQueryBuilder.ts:3897:25)
    at async SelectQueryBuilder.executeEntitiesAndRawResults (/Users/macintosh/Documents/DEVPRO/Back/src/query-builder/SelectQueryBuilder.ts:3619:26)
    at async SelectQueryBuilder.getRawAndEntities (/Users/macintosh/Documents/DEVPRO/Back/src/query-builder/SelectQueryBuilder.ts:1676:29)
    at async SelectQueryBuilder.getMany (/Users/macintosh/Documents/DEVPRO/Back/src/query-builder/SelectQueryBuilder.ts:1766:25)
    at async /Users/macintosh/Documents/DEVPRO/Back/node_modules/@nestjs/core/router/router-execution-context.js:47:62
    at async /Users/macintosh/Documents/DEVPRO/Back/node_modules/@nestjs/core/router/router-proxy.js:9:17
2026-07-28 15:49:16 [error]: QueryFailedError: Unknown column 'p.box_unit_name' in 'SELECT'
    at MysqlQueryRunner.query (/Users/macintosh/Documents/DEVPRO/Back/src/driver/mysql/MysqlQueryRunner.ts:291:19)
    at process.processTicksAndRejections (node:internal/process/task_queues:103:5)
    at async SelectQueryBuilder.loadRawResults (/Users/macintosh/Documents/DEVPRO/Back/src/query-builder/SelectQueryBuilder.ts:3897:25)
    at async SelectQueryBuilder.executeEntitiesAndRawResults (/Users/macintosh/Documents/DEVPRO/Back/src/query-builder/SelectQueryBuilder.ts:3619:26)
    at async SelectQueryBuilder.getRawAndEntities (/Users/macintosh/Documents/DEVPRO/Back/src/query-builder/SelectQueryBuilder.ts:1676:29)
    at async SelectQueryBuilder.getMany (/Users/macintosh/Documents/DEVPRO/Back/src/query-builder/SelectQueryBuilder.ts:1766:25)
    at async /Users/macintosh/Documents/DEVPRO/Back/node_modules/@nestjs/core/router/router-execution-context.js:47:62
    at async /Users/macintosh/Documents/DEVPRO/Back/node_modules/@nestjs/core/router/router-proxy.js:9:17
2026-07-28 15:50:16 [error]: QueryFailedError: Unknown column 'p.box_unit_name' in 'SELECT'
    at MysqlQueryRunner.query (/Users/macintosh/Documents/DEVPRO/Back/src/driver/mysql/MysqlQueryRunner.ts:291:19)
    at process.processTicksAndRejections (node:internal/process/task_queues:103:5)
    at async SelectQueryBuilder.loadRawResults (/Users/macintosh/Documents/DEVPRO/Back/src/query-builder/SelectQueryBuilder.ts:3897:25)
    at async SelectQueryBuilder.executeEntitiesAndRawResults (/Users/macintosh/Documents/DEVPRO/Back/src/query-builder/SelectQueryBuilder.ts:3619:26)
    at async SelectQueryBuilder.getRawAndEntities (/Users/macintosh/Documents/DEVPRO/Back/src/query-builder/SelectQueryBuilder.ts:1676:29)
    at async SelectQueryBuilder.getMany (/Users/macintosh/Documents/DEVPRO/Back/src/query-builder/SelectQueryBuilder.ts:1766:25)
    at async /Users/macintosh/Documents/DEVPRO/Back/node_modules/@nestjs/core/router/router-execution-context.js:47:62
    at async /Users/macintosh/Documents/DEVPRO/Back/node_modules/@nestjs/core/router/router-proxy.js:9:17
2026-07-28 15:51:16 [error]: QueryFailedError: Unknown column 'p.box_unit_name' in 'SELECT'
    at MysqlQueryRunner.query (/Users/macintosh/Documents/DEVPRO/Back/src/driver/mysql/MysqlQueryRunner.ts:291:19)
    at process.processTicksAndRejections (node:internal/process/task_queues:103:5)
    at async SelectQueryBuilder.loadRawResults (/Users/macintosh/Documents/DEVPRO/Back/src/query-builder/SelectQueryBuilder.ts:3897:25)
    at async SelectQueryBuilder.executeEntitiesAndRawResults (/Users/macintosh/Documents/DEVPRO/Back/src/query-builder/SelectQueryBuilder.ts:3619:26)
    at async SelectQueryBuilder.getRawAndEntities (/Users/macintosh/Documents/DEVPRO/Back/src/query-builder/SelectQueryBuilder.ts:1676:29)
    at async SelectQueryBuilder.getMany (/Users/macintosh/Documents/DEVPRO/Back/src/query-builder/SelectQueryBuilder.ts:1766:25)
    at async /Users/macintosh/Documents/DEVPRO/Back/node_modules/@nestjs/core/router/router-execution-context.js:47:62
    at async /Users/macintosh/Documents/DEVPRO/Back/node_modules/@nestjs/core/router/router-proxy.js:9:17
2026-07-28 15:52:16 [error]: QueryFailedError: Unknown column 'p.box_unit_name' in 'SELECT'
    at MysqlQueryRunner.query (/Users/macintosh/Documents/DEVPRO/Back/src/driver/mysql/MysqlQueryRunner.ts:291:19)
    at process.processTicksAndRejections (node:internal/process/task_queues:103:5)
    at async SelectQueryBuilder.loadRawResults (/Users/macintosh/Documents/DEVPRO/Back/src/query-builder/SelectQueryBuilder.ts:3897:25)
    at async SelectQueryBuilder.executeEntitiesAndRawResults (/Users/macintosh/Documents/DEVPRO/Back/src/query-builder/SelectQueryBuilder.ts:3619:26)
    at async SelectQueryBuilder.getRawAndEntities (/Users/macintosh/Documents/DEVPRO/Back/src/query-builder/SelectQueryBuilder.ts:1676:29)
    at async SelectQueryBuilder.getMany (/Users/macintosh/Documents/DEVPRO/Back/src/query-builder/SelectQueryBuilder.ts:1766:25)
    at async /Users/macintosh/Documents/DEVPRO/Back/node_modules/@nestjs/core/router/router-execution-context.js:47:62
    at async /Users/macintosh/Documents/DEVPRO/Back/node_modules/@nestjs/core/router/router-proxy.js:9:17
2026-07-28 15:53:16 [error]: QueryFailedError: Unknown column 'p.box_unit_name' in 'SELECT'
    at MysqlQueryRunner.query (/Users/macintosh/Documents/DEVPRO/Back/src/driver/mysql/MysqlQueryRunner.ts:291:19)
    at process.processTicksAndRejections (node:internal/process/task_queues:103:5)
    at async SelectQueryBuilder.loadRawResults (/Users/macintosh/Documents/DEVPRO/Back/src/query-builder/SelectQueryBuilder.ts:3897:25)
    at async SelectQueryBuilder.executeEntitiesAndRawResults (/Users/macintosh/Documents/DEVPRO/Back/src/query-builder/SelectQueryBuilder.ts:3619:26)
    at async SelectQueryBuilder.getRawAndEntities (/Users/macintosh/Documents/DEVPRO/Back/src/query-builder/SelectQueryBuilder.ts:1676:29)
    at async SelectQueryBuilder.getMany (/Users/macintosh/Documents/DEVPRO/Back/src/query-builder/SelectQueryBuilder.ts:1766:25)
    at async /Users/macintosh/Documents/DEVPRO/Back/node_modules/@nestjs/core/router/router-execution-context.js:47:62
    at async /Users/macintosh/Documents/DEVPRO/Back/node_modules/@nestjs/core/router/router-proxy.js:9:17
2026-07-28 15:54:16 [error]: QueryFailedError: Unknown column 'p.box_unit_name' in 'SELECT'
    at MysqlQueryRunner.query (/Users/macintosh/Documents/DEVPRO/Back/src/driver/mysql/MysqlQueryRunner.ts:291:19)
    at process.processTicksAndRejections (node:internal/process/task_queues:103:5)
    at async SelectQueryBuilder.loadRawResults (/Users/macintosh/Documents/DEVPRO/Back/src/query-builder/SelectQueryBuilder.ts:3897:25)
    at async SelectQueryBuilder.executeEntitiesAndRawResults (/Users/macintosh/Documents/DEVPRO/Back/src/query-builder/SelectQueryBuilder.ts:3619:26)
    at async SelectQueryBuilder.getRawAndEntities (/Users/macintosh/Documents/DEVPRO/Back/src/query-builder/SelectQueryBuilder.ts:1676:29)
    at async SelectQueryBuilder.getMany (/Users/macintosh/Documents/DEVPRO/Back/src/query-builder/SelectQueryBuilder.ts:1766:25)
    at async /Users/macintosh/Documents/DEVPRO/Back/node_modules/@nestjs/core/router/router-execution-context.js:47:62
    at async /Users/macintosh/Documents/DEVPRO/Back/node_modules/@nestjs/core/router/router-proxy.js:9:17
2026-07-28 15:55:16 [error]: QueryFailedError: Unknown column 'p.box_unit_name' in 'SELECT'
    at MysqlQueryRunner.query (/Users/macintosh/Documents/DEVPRO/Back/src/driver/mysql/MysqlQueryRunner.ts:291:19)
    at process.processTicksAndRejections (node:internal/process/task_queues:103:5)
    at async SelectQueryBuilder.loadRawResults (/Users/macintosh/Documents/DEVPRO/Back/src/query-builder/SelectQueryBuilder.ts:3897:25)
    at async SelectQueryBuilder.executeEntitiesAndRawResults (/Users/macintosh/Documents/DEVPRO/Back/src/query-builder/SelectQueryBuilder.ts:3619:26)
    at async SelectQueryBuilder.getRawAndEntities (/Users/macintosh/Documents/DEVPRO/Back/src/query-builder/SelectQueryBuilder.ts:1676:29)
    at async SelectQueryBuilder.getMany (/Users/macintosh/Documents/DEVPRO/Back/src/query-builder/SelectQueryBuilder.ts:1766:25)
    at async /Users/macintosh/Documents/DEVPRO/Back/node_modules/@nestjs/core/router/router-execution-context.js:47:62
    at async /Users/macintosh/Documents/DEVPRO/Back/node_modules/@nestjs/core/router/router-proxy.js:9:17
2026-07-28 15:56:16 [error]: QueryFailedError: Unknown column 'p.box_unit_name' in 'SELECT'
    at MysqlQueryRunner.query (/Users/macintosh/Documents/DEVPRO/Back/src/driver/mysql/MysqlQueryRunner.ts:291:19)
    at process.processTicksAndRejections (node:internal/process/task_queues:103:5)
    at async SelectQueryBuilder.loadRawResults (/Users/macintosh/Documents/DEVPRO/Back/src/query-builder/SelectQueryBuilder.ts:3897:25)
    at async SelectQueryBuilder.executeEntitiesAndRawResults (/Users/macintosh/Documents/DEVPRO/Back/src/query-builder/SelectQueryBuilder.ts:3619:26)
    at async SelectQueryBuilder.getRawAndEntities (/Users/macintosh/Documents/DEVPRO/Back/src/query-builder/SelectQueryBuilder.ts:1676:29)
    at async SelectQueryBuilder.getMany (/Users/macintosh/Documents/DEVPRO/Back/src/query-builder/SelectQueryBuilder.ts:1766:25)
    at async /Users/macintosh/Documents/DEVPRO/Back/node_modules/@nestjs/core/router/router-execution-context.js:47:62
    at async /Users/macintosh/Documents/DEVPRO/Back/node_modules/@nestjs/core/router/router-proxy.js:9:17
2026-07-28 15:57:16 [error]: QueryFailedError: Unknown column 'p.box_unit_name' in 'SELECT'
    at MysqlQueryRunner.query (/Users/macintosh/Documents/DEVPRO/Back/src/driver/mysql/MysqlQueryRunner.ts:291:19)
    at process.processTicksAndRejections (node:internal/process/task_queues:103:5)
    at async SelectQueryBuilder.loadRawResults (/Users/macintosh/Documents/DEVPRO/Back/src/query-builder/SelectQueryBuilder.ts:3897:25)
    at async SelectQueryBuilder.executeEntitiesAndRawResults (/Users/macintosh/Documents/DEVPRO/Back/src/query-builder/SelectQueryBuilder.ts:3619:26)
    at async SelectQueryBuilder.getRawAndEntities (/Users/macintosh/Documents/DEVPRO/Back/src/query-builder/SelectQueryBuilder.ts:1676:29)
    at async SelectQueryBuilder.getMany (/Users/macintosh/Documents/DEVPRO/Back/src/query-builder/SelectQueryBuilder.ts:1766:25)
    at async /Users/macintosh/Documents/DEVPRO/Back/node_modules/@nestjs/core/router/router-execution-context.js:47:62
    at async /Users/macintosh/Documents/DEVPRO/Back/node_modules/@nestjs/core/router/router-proxy.js:9:17
2026-07-28 15:58:16 [error]: QueryFailedError: Unknown column 'p.box_unit_name' in 'SELECT'
    at MysqlQueryRunner.query (/Users/macintosh/Documents/DEVPRO/Back/src/driver/mysql/MysqlQueryRunner.ts:291:19)
    at process.processTicksAndRejections (node:internal/process/task_queues:103:5)
    at async SelectQueryBuilder.loadRawResults (/Users/macintosh/Documents/DEVPRO/Back/src/query-builder/SelectQueryBuilder.ts:3897:25)
    at async SelectQueryBuilder.executeEntitiesAndRawResults (/Users/macintosh/Documents/DEVPRO/Back/src/query-builder/SelectQueryBuilder.ts:3619:26)
    at async SelectQueryBuilder.getRawAndEntities (/Users/macintosh/Documents/DEVPRO/Back/src/query-builder/SelectQueryBuilder.ts:1676:29)
    at async SelectQueryBuilder.getMany (/Users/macintosh/Documents/DEVPRO/Back/src/query-builder/SelectQueryBuilder.ts:1766:25)
    at async /Users/macintosh/Documents/DEVPRO/Back/node_modules/@nestjs/core/router/router-execution-context.js:47:62
    at async /Users/macintosh/Documents/DEVPRO/Back/node_modules/@nestjs/core/router/router-proxy.js:9:17
2026-07-28 15:59:16 [error]: QueryFailedError: Unknown column 'p.box_unit_name' in 'SELECT'
    at MysqlQueryRunner.query (/Users/macintosh/Documents/DEVPRO/Back/src/driver/mysql/MysqlQueryRunner.ts:291:19)
    at process.processTicksAndRejections (node:internal/process/task_queues:103:5)
    at async SelectQueryBuilder.loadRawResults (/Users/macintosh/Documents/DEVPRO/Back/src/query-builder/SelectQueryBuilder.ts:3897:25)
    at async SelectQueryBuilder.executeEntitiesAndRawResults (/Users/macintosh/Documents/DEVPRO/Back/src/query-builder/SelectQueryBuilder.ts:3619:26)
    at async SelectQueryBuilder.getRawAndEntities (/Users/macintosh/Documents/DEVPRO/Back/src/query-builder/SelectQueryBuilder.ts:1676:29)
    at async SelectQueryBuilder.getMany (/Users/macintosh/Documents/DEVPRO/Back/src/query-builder/SelectQueryBuilder.ts:1766:25)
    at async /Users/macintosh/Documents/DEVPRO/Back/node_modules/@nestjs/core/router/router-execution-context.js:47:62
    at async /Users/macintosh/Documents/DEVPRO/Back/node_modules/@nestjs/core/router/router-proxy.js:9:17
2026-07-28 16:00:16 [error]: QueryFailedError: Unknown column 'p.box_unit_name' in 'SELECT'
    at MysqlQueryRunner.query (/Users/macintosh/Documents/DEVPRO/Back/src/driver/mysql/MysqlQueryRunner.ts:291:19)
    at process.processTicksAndRejections (node:internal/process/task_queues:103:5)
    at async SelectQueryBuilder.loadRawResults (/Users/macintosh/Documents/DEVPRO/Back/src/query-builder/SelectQueryBuilder.ts:3897:25)
    at async SelectQueryBuilder.executeEntitiesAndRawResults (/Users/macintosh/Documents/DEVPRO/Back/src/query-builder/SelectQueryBuilder.ts:3619:26)
    at async SelectQueryBuilder.getRawAndEntities (/Users/macintosh/Documents/DEVPRO/Back/src/query-builder/SelectQueryBuilder.ts:1676:29)
    at async SelectQueryBuilder.getMany (/Users/macintosh/Documents/DEVPRO/Back/src/query-builder/SelectQueryBuilder.ts:1766:25)
    at async /Users/macintosh/Documents/DEVPRO/Back/node_modules/@nestjs/core/router/router-execution-context.js:47:62
    at async /Users/macintosh/Documents/DEVPRO/Back/node_modules/@nestjs/core/router/router-proxy.js:9:17
2026-07-28 16:01:16 [error]: QueryFailedError: Unknown column 'p.box_unit_name' in 'SELECT'
    at MysqlQueryRunner.query (/Users/macintosh/Documents/DEVPRO/Back/src/driver/mysql/MysqlQueryRunner.ts:291:19)
    at process.processTicksAndRejections (node:internal/process/task_queues:103:5)
    at async SelectQueryBuilder.loadRawResults (/Users/macintosh/Documents/DEVPRO/Back/src/query-builder/SelectQueryBuilder.ts:3897:25)
    at async SelectQueryBuilder.executeEntitiesAndRawResults (/Users/macintosh/Documents/DEVPRO/Back/src/query-builder/SelectQueryBuilder.ts:3619:26)
    at async SelectQueryBuilder.getRawAndEntities (/Users/macintosh/Documents/DEVPRO/Back/src/query-builder/SelectQueryBuilder.ts:1676:29)
    at async SelectQueryBuilder.getMany (/Users/macintosh/Documents/DEVPRO/Back/src/query-builder/SelectQueryBuilder.ts:1766:25)
    at async /Users/macintosh/Documents/DEVPRO/Back/node_modules/@nestjs/core/router/router-execution-context.js:47:62
    at async /Users/macintosh/Documents/DEVPRO/Back/node_modules/@nestjs/core/router/router-proxy.js:9:17
2026-07-28 16:02:16 [error]: QueryFailedError: Unknown column 'p.box_unit_name' in 'SELECT'
    at MysqlQueryRunner.query (/Users/macintosh/Documents/DEVPRO/Back/src/driver/mysql/MysqlQueryRunner.ts:291:19)
    at process.processTicksAndRejections (node:internal/process/task_queues:103:5)
    at async SelectQueryBuilder.loadRawResults (/Users/macintosh/Documents/DEVPRO/Back/src/query-builder/SelectQueryBuilder.ts:3897:25)
    at async SelectQueryBuilder.executeEntitiesAndRawResults (/Users/macintosh/Documents/DEVPRO/Back/src/query-builder/SelectQueryBuilder.ts:3619:26)
    at async SelectQueryBuilder.getRawAndEntities (/Users/macintosh/Documents/DEVPRO/Back/src/query-builder/SelectQueryBuilder.ts:1676:29)
    at async SelectQueryBuilder.getMany (/Users/macintosh/Documents/DEVPRO/Back/src/query-builder/SelectQueryBuilder.ts:1766:25)
    at async /Users/macintosh/Documents/DEVPRO/Back/node_modules/@nestjs/core/router/router-execution-context.js:47:62
    at async /Users/macintosh/Documents/DEVPRO/Back/node_modules/@nestjs/core/router/router-proxy.js:9:17
2026-07-28 16:03:16 [error]: QueryFailedError: Unknown column 'p.box_unit_name' in 'SELECT'
    at MysqlQueryRunner.query (/Users/macintosh/Documents/DEVPRO/Back/src/driver/mysql/MysqlQueryRunner.ts:291:19)
    at process.processTicksAndRejections (node:internal/process/task_queues:103:5)
    at async SelectQueryBuilder.loadRawResults (/Users/macintosh/Documents/DEVPRO/Back/src/query-builder/SelectQueryBuilder.ts:3897:25)
    at async SelectQueryBuilder.executeEntitiesAndRawResults (/Users/macintosh/Documents/DEVPRO/Back/src/query-builder/SelectQueryBuilder.ts:3619:26)
    at async SelectQueryBuilder.getRawAndEntities (/Users/macintosh/Documents/DEVPRO/Back/src/query-builder/SelectQueryBuilder.ts:1676:29)
    at async SelectQueryBuilder.getMany (/Users/macintosh/Documents/DEVPRO/Back/src/query-builder/SelectQueryBuilder.ts:1766:25)
    at async /Users/macintosh/Documents/DEVPRO/Back/node_modules/@nestjs/core/router/router-execution-context.js:47:62
    at async /Users/macintosh/Documents/DEVPRO/Back/node_modules/@nestjs/core/router/router-proxy.js:9:17
2026-07-28 16:04:16 [error]: QueryFailedError: Unknown column 'p.box_unit_name' in 'SELECT'
    at MysqlQueryRunner.query (/Users/macintosh/Documents/DEVPRO/Back/src/driver/mysql/MysqlQueryRunner.ts:291:19)
    at process.processTicksAndRejections (node:internal/process/task_queues:103:5)
    at async SelectQueryBuilder.loadRawResults (/Users/macintosh/Documents/DEVPRO/Back/src/query-builder/SelectQueryBuilder.ts:3897:25)
    at async SelectQueryBuilder.executeEntitiesAndRawResults (/Users/macintosh/Documents/DEVPRO/Back/src/query-builder/SelectQueryBuilder.ts:3619:26)
    at async SelectQueryBuilder.getRawAndEntities (/Users/macintosh/Documents/DEVPRO/Back/src/query-builder/SelectQueryBuilder.ts:1676:29)
    at async SelectQueryBuilder.getMany (/Users/macintosh/Documents/DEVPRO/Back/src/query-builder/SelectQueryBuilder.ts:1766:25)
    at async /Users/macintosh/Documents/DEVPRO/Back/node_modules/@nestjs/core/router/router-execution-context.js:47:62
    at async /Users/macintosh/Documents/DEVPRO/Back/node_modules/@nestjs/core/router/router-proxy.js:9:17
2026-07-28 16:05:16 [error]: QueryFailedError: Unknown column 'p.box_unit_name' in 'SELECT'
    at MysqlQueryRunner.query (/Users/macintosh/Documents/DEVPRO/Back/src/driver/mysql/MysqlQueryRunner.ts:291:19)
    at process.processTicksAndRejections (node:internal/process/task_queues:103:5)
    at async SelectQueryBuilder.loadRawResults (/Users/macintosh/Documents/DEVPRO/Back/src/query-builder/SelectQueryBuilder.ts:3897:25)
    at async SelectQueryBuilder.executeEntitiesAndRawResults (/Users/macintosh/Documents/DEVPRO/Back/src/query-builder/SelectQueryBuilder.ts:3619:26)
    at async SelectQueryBuilder.getRawAndEntities (/Users/macintosh/Documents/DEVPRO/Back/src/query-builder/SelectQueryBuilder.ts:1676:29)
    at async SelectQueryBuilder.getMany (/Users/macintosh/Documents/DEVPRO/Back/src/query-builder/SelectQueryBuilder.ts:1766:25)
    at async /Users/macintosh/Documents/DEVPRO/Back/node_modules/@nestjs/core/router/router-execution-context.js:47:62
    at async /Users/macintosh/Documents/DEVPRO/Back/node_modules/@nestjs/core/router/router-proxy.js:9:17
2026-07-28 16:06:16 [error]: QueryFailedError: Unknown column 'p.box_unit_name' in 'SELECT'
    at MysqlQueryRunner.query (/Users/macintosh/Documents/DEVPRO/Back/src/driver/mysql/MysqlQueryRunner.ts:291:19)
    at process.processTicksAndRejections (node:internal/process/task_queues:103:5)
    at async SelectQueryBuilder.loadRawResults (/Users/macintosh/Documents/DEVPRO/Back/src/query-builder/SelectQueryBuilder.ts:3897:25)
    at async SelectQueryBuilder.executeEntitiesAndRawResults (/Users/macintosh/Documents/DEVPRO/Back/src/query-builder/SelectQueryBuilder.ts:3619:26)
    at async SelectQueryBuilder.getRawAndEntities (/Users/macintosh/Documents/DEVPRO/Back/src/query-builder/SelectQueryBuilder.ts:1676:29)
    at async SelectQueryBuilder.getMany (/Users/macintosh/Documents/DEVPRO/Back/src/query-builder/SelectQueryBuilder.ts:1766:25)
    at async /Users/macintosh/Documents/DEVPRO/Back/node_modules/@nestjs/core/router/router-execution-context.js:47:62
    at async /Users/macintosh/Documents/DEVPRO/Back/node_modules/@nestjs/core/router/router-proxy.js:9:17
2026-07-28 16:07:16 [error]: QueryFailedError: Unknown column 'p.box_unit_name' in 'SELECT'
    at MysqlQueryRunner.query (/Users/macintosh/Documents/DEVPRO/Back/src/driver/mysql/MysqlQueryRunner.ts:291:19)
    at process.processTicksAndRejections (node:internal/process/task_queues:103:5)
    at async SelectQueryBuilder.loadRawResults (/Users/macintosh/Documents/DEVPRO/Back/src/query-builder/SelectQueryBuilder.ts:3897:25)
    at async SelectQueryBuilder.executeEntitiesAndRawResults (/Users/macintosh/Documents/DEVPRO/Back/src/query-builder/SelectQueryBuilder.ts:3619:26)
    at async SelectQueryBuilder.getRawAndEntities (/Users/macintosh/Documents/DEVPRO/Back/src/query-builder/SelectQueryBuilder.ts:1676:29)
    at async SelectQueryBuilder.getMany (/Users/macintosh/Documents/DEVPRO/Back/src/query-builder/SelectQueryBuilder.ts:1766:25)
    at async /Users/macintosh/Documents/DEVPRO/Back/node_modules/@nestjs/core/router/router-execution-context.js:47:62
    at async /Users/macintosh/Documents/DEVPRO/Back/node_modules/@nestjs/core/router/router-proxy.js:9:17
2026-07-28 16:08:16 [error]: QueryFailedError: Unknown column 'p.box_unit_name' in 'SELECT'
    at MysqlQueryRunner.query (/Users/macintosh/Documents/DEVPRO/Back/src/driver/mysql/MysqlQueryRunner.ts:291:19)
    at process.processTicksAndRejections (node:internal/process/task_queues:103:5)
    at async SelectQueryBuilder.loadRawResults (/Users/macintosh/Documents/DEVPRO/Back/src/query-builder/SelectQueryBuilder.ts:3897:25)
    at async SelectQueryBuilder.executeEntitiesAndRawResults (/Users/macintosh/Documents/DEVPRO/Back/src/query-builder/SelectQueryBuilder.ts:3619:26)
    at async SelectQueryBuilder.getRawAndEntities (/Users/macintosh/Documents/DEVPRO/Back/src/query-builder/SelectQueryBuilder.ts:1676:29)
    at async SelectQueryBuilder.getMany (/Users/macintosh/Documents/DEVPRO/Back/src/query-builder/SelectQueryBuilder.ts:1766:25)
    at async /Users/macintosh/Documents/DEVPRO/Back/node_modules/@nestjs/core/router/router-execution-context.js:47:62
    at async /Users/macintosh/Documents/DEVPRO/Back/node_modules/@nestjs/core/router/router-proxy.js:9:17
2026-07-28 16:09:16 [error]: QueryFailedError: Unknown column 'p.box_unit_name' in 'SELECT'
    at MysqlQueryRunner.query (/Users/macintosh/Documents/DEVPRO/Back/src/driver/mysql/MysqlQueryRunner.ts:291:19)
    at process.processTicksAndRejections (node:internal/process/task_queues:103:5)
    at async SelectQueryBuilder.loadRawResults (/Users/macintosh/Documents/DEVPRO/Back/src/query-builder/SelectQueryBuilder.ts:3897:25)
    at async SelectQueryBuilder.executeEntitiesAndRawResults (/Users/macintosh/Documents/DEVPRO/Back/src/query-builder/SelectQueryBuilder.ts:3619:26)
    at async SelectQueryBuilder.getRawAndEntities (/Users/macintosh/Documents/DEVPRO/Back/src/query-builder/SelectQueryBuilder.ts:1676:29)
    at async SelectQueryBuilder.getMany (/Users/macintosh/Documents/DEVPRO/Back/src/query-builder/SelectQueryBuilder.ts:1766:25)
    at async /Users/macintosh/Documents/DEVPRO/Back/node_modules/@nestjs/core/router/router-execution-context.js:47:62
    at async /Users/macintosh/Documents/DEVPRO/Back/node_modules/@nestjs/core/router/router-proxy.js:9:17
2026-07-28 16:10:16 [error]: QueryFailedError: Unknown column 'p.box_unit_name' in 'SELECT'
    at MysqlQueryRunner.query (/Users/macintosh/Documents/DEVPRO/Back/src/driver/mysql/MysqlQueryRunner.ts:291:19)
    at process.processTicksAndRejections (node:internal/process/task_queues:103:5)
    at async SelectQueryBuilder.loadRawResults (/Users/macintosh/Documents/DEVPRO/Back/src/query-builder/SelectQueryBuilder.ts:3897:25)
    at async SelectQueryBuilder.executeEntitiesAndRawResults (/Users/macintosh/Documents/DEVPRO/Back/src/query-builder/SelectQueryBuilder.ts:3619:26)
    at async SelectQueryBuilder.getRawAndEntities (/Users/macintosh/Documents/DEVPRO/Back/src/query-builder/SelectQueryBuilder.ts:1676:29)
    at async SelectQueryBuilder.getMany (/Users/macintosh/Documents/DEVPRO/Back/src/query-builder/SelectQueryBuilder.ts:1766:25)
    at async /Users/macintosh/Documents/DEVPRO/Back/node_modules/@nestjs/core/router/router-execution-context.js:47:62
    at async /Users/macintosh/Documents/DEVPRO/Back/node_modules/@nestjs/core/router/router-proxy.js:9:17
2026-07-28 16:11:16 [error]: QueryFailedError: Unknown column 'p.box_unit_name' in 'SELECT'
    at MysqlQueryRunner.query (/Users/macintosh/Documents/DEVPRO/Back/src/driver/mysql/MysqlQueryRunner.ts:291:19)
    at process.processTicksAndRejections (node:internal/process/task_queues:103:5)
    at async SelectQueryBuilder.loadRawResults (/Users/macintosh/Documents/DEVPRO/Back/src/query-builder/SelectQueryBuilder.ts:3897:25)
    at async SelectQueryBuilder.executeEntitiesAndRawResults (/Users/macintosh/Documents/DEVPRO/Back/src/query-builder/SelectQueryBuilder.ts:3619:26)
    at async SelectQueryBuilder.getRawAndEntities (/Users/macintosh/Documents/DEVPRO/Back/src/query-builder/SelectQueryBuilder.ts:1676:29)
    at async SelectQueryBuilder.getMany (/Users/macintosh/Documents/DEVPRO/Back/src/query-builder/SelectQueryBuilder.ts:1766:25)
    at async /Users/macintosh/Documents/DEVPRO/Back/node_modules/@nestjs/core/router/router-execution-context.js:47:62
    at async /Users/macintosh/Documents/DEVPRO/Back/node_modules/@nestjs/core/router/router-proxy.js:9:17
2026-07-28 16:12:16 [error]: QueryFailedError: Unknown column 'p.box_unit_name' in 'SELECT'
    at MysqlQueryRunner.query (/Users/macintosh/Documents/DEVPRO/Back/src/driver/mysql/MysqlQueryRunner.ts:291:19)
    at process.processTicksAndRejections (node:internal/process/task_queues:103:5)
    at async SelectQueryBuilder.loadRawResults (/Users/macintosh/Documents/DEVPRO/Back/src/query-builder/SelectQueryBuilder.ts:3897:25)
    at async SelectQueryBuilder.executeEntitiesAndRawResults (/Users/macintosh/Documents/DEVPRO/Back/src/query-builder/SelectQueryBuilder.ts:3619:26)
    at async SelectQueryBuilder.getRawAndEntities (/Users/macintosh/Documents/DEVPRO/Back/src/query-builder/SelectQueryBuilder.ts:1676:29)
    at async SelectQueryBuilder.getMany (/Users/macintosh/Documents/DEVPRO/Back/src/query-builder/SelectQueryBuilder.ts:1766:25)
    at async /Users/macintosh/Documents/DEVPRO/Back/node_modules/@nestjs/core/router/router-execution-context.js:47:62
    at async /Users/macintosh/Documents/DEVPRO/Back/node_modules/@nestjs/core/router/router-proxy.js:9:17
2026-07-28 16:13:16 [error]: QueryFailedError: Unknown column 'p.box_unit_name' in 'SELECT'
    at MysqlQueryRunner.query (/Users/macintosh/Documents/DEVPRO/Back/src/driver/mysql/MysqlQueryRunner.ts:291:19)
    at process.processTicksAndRejections (node:internal/process/task_queues:103:5)
    at async SelectQueryBuilder.loadRawResults (/Users/macintosh/Documents/DEVPRO/Back/src/query-builder/SelectQueryBuilder.ts:3897:25)
    at async SelectQueryBuilder.executeEntitiesAndRawResults (/Users/macintosh/Documents/DEVPRO/Back/src/query-builder/SelectQueryBuilder.ts:3619:26)
    at async SelectQueryBuilder.getRawAndEntities (/Users/macintosh/Documents/DEVPRO/Back/src/query-builder/SelectQueryBuilder.ts:1676:29)
    at async SelectQueryBuilder.getMany (/Users/macintosh/Documents/DEVPRO/Back/src/query-builder/SelectQueryBuilder.ts:1766:25)
    at async /Users/macintosh/Documents/DEVPRO/Back/node_modules/@nestjs/core/router/router-execution-context.js:47:62
    at async /Users/macintosh/Documents/DEVPRO/Back/node_modules/@nestjs/core/router/router-proxy.js:9:17
2026-07-28 16:14:16 [error]: QueryFailedError: Unknown column 'p.box_unit_name' in 'SELECT'
    at MysqlQueryRunner.query (/Users/macintosh/Documents/DEVPRO/Back/src/driver/mysql/MysqlQueryRunner.ts:291:19)
    at process.processTicksAndRejections (node:internal/process/task_queues:103:5)
    at async SelectQueryBuilder.loadRawResults (/Users/macintosh/Documents/DEVPRO/Back/src/query-builder/SelectQueryBuilder.ts:3897:25)
    at async SelectQueryBuilder.executeEntitiesAndRawResults (/Users/macintosh/Documents/DEVPRO/Back/src/query-builder/SelectQueryBuilder.ts:3619:26)
    at async SelectQueryBuilder.getRawAndEntities (/Users/macintosh/Documents/DEVPRO/Back/src/query-builder/SelectQueryBuilder.ts:1676:29)
    at async SelectQueryBuilder.getMany (/Users/macintosh/Documents/DEVPRO/Back/src/query-builder/SelectQueryBuilder.ts:1766:25)
    at async /Users/macintosh/Documents/DEVPRO/Back/node_modules/@nestjs/core/router/router-execution-context.js:47:62
    at async /Users/macintosh/Documents/DEVPRO/Back/node_modules/@nestjs/core/router/router-proxy.js:9:17
2026-07-28 16:15:16 [error]: QueryFailedError: Unknown column 'p.box_unit_name' in 'SELECT'
    at MysqlQueryRunner.query (/Users/macintosh/Documents/DEVPRO/Back/src/driver/mysql/MysqlQueryRunner.ts:291:19)
    at process.processTicksAndRejections (node:internal/process/task_queues:103:5)
    at async SelectQueryBuilder.loadRawResults (/Users/macintosh/Documents/DEVPRO/Back/src/query-builder/SelectQueryBuilder.ts:3897:25)
    at async SelectQueryBuilder.executeEntitiesAndRawResults (/Users/macintosh/Documents/DEVPRO/Back/src/query-builder/SelectQueryBuilder.ts:3619:26)
    at async SelectQueryBuilder.getRawAndEntities (/Users/macintosh/Documents/DEVPRO/Back/src/query-builder/SelectQueryBuilder.ts:1676:29)
    at async SelectQueryBuilder.getMany (/Users/macintosh/Documents/DEVPRO/Back/src/query-builder/SelectQueryBuilder.ts:1766:25)
    at async /Users/macintosh/Documents/DEVPRO/Back/node_modules/@nestjs/core/router/router-execution-context.js:47:62
    at async /Users/macintosh/Documents/DEVPRO/Back/node_modules/@nestjs/core/router/router-proxy.js:9:17
2026-07-28 16:16:16 [error]: QueryFailedError: Unknown column 'p.box_unit_name' in 'SELECT'
    at MysqlQueryRunner.query (/Users/macintosh/Documents/DEVPRO/Back/src/driver/mysql/MysqlQueryRunner.ts:291:19)
    at process.processTicksAndRejections (node:internal/process/task_queues:103:5)
    at async SelectQueryBuilder.loadRawResults (/Users/macintosh/Documents/DEVPRO/Back/src/query-builder/SelectQueryBuilder.ts:3897:25)
    at async SelectQueryBuilder.executeEntitiesAndRawResults (/Users/macintosh/Documents/DEVPRO/Back/src/query-builder/SelectQueryBuilder.ts:3619:26)
    at async SelectQueryBuilder.getRawAndEntities (/Users/macintosh/Documents/DEVPRO/Back/src/query-builder/SelectQueryBuilder.ts:1676:29)
    at async SelectQueryBuilder.getMany (/Users/macintosh/Documents/DEVPRO/Back/src/query-builder/SelectQueryBuilder.ts:1766:25)
    at async /Users/macintosh/Documents/DEVPRO/Back/node_modules/@nestjs/core/router/router-execution-context.js:47:62
    at async /Users/macintosh/Documents/DEVPRO/Back/node_modules/@nestjs/core/router/router-proxy.js:9:17
2026-07-28 16:17:16 [error]: QueryFailedError: Unknown column 'p.box_unit_name' in 'SELECT'
    at MysqlQueryRunner.query (/Users/macintosh/Documents/DEVPRO/Back/src/driver/mysql/MysqlQueryRunner.ts:291:19)
    at process.processTicksAndRejections (node:internal/process/task_queues:103:5)
    at async SelectQueryBuilder.loadRawResults (/Users/macintosh/Documents/DEVPRO/Back/src/query-builder/SelectQueryBuilder.ts:3897:25)
    at async SelectQueryBuilder.executeEntitiesAndRawResults (/Users/macintosh/Documents/DEVPRO/Back/src/query-builder/SelectQueryBuilder.ts:3619:26)
    at async SelectQueryBuilder.getRawAndEntities (/Users/macintosh/Documents/DEVPRO/Back/src/query-builder/SelectQueryBuilder.ts:1676:29)
    at async SelectQueryBuilder.getMany (/Users/macintosh/Documents/DEVPRO/Back/src/query-builder/SelectQueryBuilder.ts:1766:25)
    at async /Users/macintosh/Documents/DEVPRO/Back/node_modules/@nestjs/core/router/router-execution-context.js:47:62
    at async /Users/macintosh/Documents/DEVPRO/Back/node_modules/@nestjs/core/router/router-proxy.js:9:17
2026-07-28 16:18:16 [error]: QueryFailedError: Unknown column 'p.box_unit_name' in 'SELECT'
    at MysqlQueryRunner.query (/Users/macintosh/Documents/DEVPRO/Back/src/driver/mysql/MysqlQueryRunner.ts:291:19)
    at process.processTicksAndRejections (node:internal/process/task_queues:103:5)
    at async SelectQueryBuilder.loadRawResults (/Users/macintosh/Documents/DEVPRO/Back/src/query-builder/SelectQueryBuilder.ts:3897:25)
    at async SelectQueryBuilder.executeEntitiesAndRawResults (/Users/macintosh/Documents/DEVPRO/Back/src/query-builder/SelectQueryBuilder.ts:3619:26)
    at async SelectQueryBuilder.getRawAndEntities (/Users/macintosh/Documents/DEVPRO/Back/src/query-builder/SelectQueryBuilder.ts:1676:29)
    at async SelectQueryBuilder.getMany (/Users/macintosh/Documents/DEVPRO/Back/src/query-builder/SelectQueryBuilder.ts:1766:25)
    at async /Users/macintosh/Documents/DEVPRO/Back/node_modules/@nestjs/core/router/router-execution-context.js:47:62
    at async /Users/macintosh/Documents/DEVPRO/Back/node_modules/@nestjs/core/router/router-proxy.js:9:17
2026-07-28 16:19:16 [error]: QueryFailedError: Unknown column 'p.box_unit_name' in 'SELECT'
    at MysqlQueryRunner.query (/Users/macintosh/Documents/DEVPRO/Back/src/driver/mysql/MysqlQueryRunner.ts:291:19)
    at process.processTicksAndRejections (node:internal/process/task_queues:103:5)
    at async SelectQueryBuilder.loadRawResults (/Users/macintosh/Documents/DEVPRO/Back/src/query-builder/SelectQueryBuilder.ts:3897:25)
    at async SelectQueryBuilder.executeEntitiesAndRawResults (/Users/macintosh/Documents/DEVPRO/Back/src/query-builder/SelectQueryBuilder.ts:3619:26)
    at async SelectQueryBuilder.getRawAndEntities (/Users/macintosh/Documents/DEVPRO/Back/src/query-builder/SelectQueryBuilder.ts:1676:29)
    at async SelectQueryBuilder.getMany (/Users/macintosh/Documents/DEVPRO/Back/src/query-builder/SelectQueryBuilder.ts:1766:25)
    at async /Users/macintosh/Documents/DEVPRO/Back/node_modules/@nestjs/core/router/router-execution-context.js:47:62
    at async /Users/macintosh/Documents/DEVPRO/Back/node_modules/@nestjs/core/router/router-proxy.js:9:17
2026-07-28 16:20:16 [error]: QueryFailedError: Unknown column 'p.box_unit_name' in 'SELECT'
    at MysqlQueryRunner.query (/Users/macintosh/Documents/DEVPRO/Back/src/driver/mysql/MysqlQueryRunner.ts:291:19)
    at process.processTicksAndRejections (node:internal/process/task_queues:103:5)
    at async SelectQueryBuilder.loadRawResults (/Users/macintosh/Documents/DEVPRO/Back/src/query-builder/SelectQueryBuilder.ts:3897:25)
    at async SelectQueryBuilder.executeEntitiesAndRawResults (/Users/macintosh/Documents/DEVPRO/Back/src/query-builder/SelectQueryBuilder.ts:3619:26)
    at async SelectQueryBuilder.getRawAndEntities (/Users/macintosh/Documents/DEVPRO/Back/src/query-builder/SelectQueryBuilder.ts:1676:29)
    at async SelectQueryBuilder.getMany (/Users/macintosh/Documents/DEVPRO/Back/src/query-builder/SelectQueryBuilder.ts:1766:25)
    at async /Users/macintosh/Documents/DEVPRO/Back/node_modules/@nestjs/core/router/router-execution-context.js:47:62
    at async /Users/macintosh/Documents/DEVPRO/Back/node_modules/@nestjs/core/router/router-proxy.js:9:17
2026-07-28 16:21:16 [error]: QueryFailedError: Unknown column 'p.box_unit_name' in 'SELECT'
    at MysqlQueryRunner.query (/Users/macintosh/Documents/DEVPRO/Back/src/driver/mysql/MysqlQueryRunner.ts:291:19)
    at process.processTicksAndRejections (node:internal/process/task_queues:103:5)
    at async SelectQueryBuilder.loadRawResults (/Users/macintosh/Documents/DEVPRO/Back/src/query-builder/SelectQueryBuilder.ts:3897:25)
    at async SelectQueryBuilder.executeEntitiesAndRawResults (/Users/macintosh/Documents/DEVPRO/Back/src/query-builder/SelectQueryBuilder.ts:3619:26)
    at async SelectQueryBuilder.getRawAndEntities (/Users/macintosh/Documents/DEVPRO/Back/src/query-builder/SelectQueryBuilder.ts:1676:29)
    at async SelectQueryBuilder.getMany (/Users/macintosh/Documents/DEVPRO/Back/src/query-builder/SelectQueryBuilder.ts:1766:25)
    at async /Users/macintosh/Documents/DEVPRO/Back/node_modules/@nestjs/core/router/router-execution-context.js:47:62
    at async /Users/macintosh/Documents/DEVPRO/Back/node_modules/@nestjs/core/router/router-proxy.js:9:17
2026-07-28 16:22:16 [error]: QueryFailedError: Unknown column 'p.box_unit_name' in 'SELECT'
    at MysqlQueryRunner.query (/Users/macintosh/Documents/DEVPRO/Back/src/driver/mysql/MysqlQueryRunner.ts:291:19)
    at process.processTicksAndRejections (node:internal/process/task_queues:103:5)
    at async SelectQueryBuilder.loadRawResults (/Users/macintosh/Documents/DEVPRO/Back/src/query-builder/SelectQueryBuilder.ts:3897:25)
    at async SelectQueryBuilder.executeEntitiesAndRawResults (/Users/macintosh/Documents/DEVPRO/Back/src/query-builder/SelectQueryBuilder.ts:3619:26)
    at async SelectQueryBuilder.getRawAndEntities (/Users/macintosh/Documents/DEVPRO/Back/src/query-builder/SelectQueryBuilder.ts:1676:29)
    at async SelectQueryBuilder.getMany (/Users/macintosh/Documents/DEVPRO/Back/src/query-builder/SelectQueryBuilder.ts:1766:25)
    at async /Users/macintosh/Documents/DEVPRO/Back/node_modules/@nestjs/core/router/router-execution-context.js:47:62
    at async /Users/macintosh/Documents/DEVPRO/Back/node_modules/@nestjs/core/router/router-proxy.js:9:17
2026-07-28 16:23:16 [error]: QueryFailedError: Unknown column 'p.box_unit_name' in 'SELECT'
    at MysqlQueryRunner.query (/Users/macintosh/Documents/DEVPRO/Back/src/driver/mysql/MysqlQueryRunner.ts:291:19)
    at process.processTicksAndRejections (node:internal/process/task_queues:103:5)
    at async SelectQueryBuilder.loadRawResults (/Users/macintosh/Documents/DEVPRO/Back/src/query-builder/SelectQueryBuilder.ts:3897:25)
    at async SelectQueryBuilder.executeEntitiesAndRawResults (/Users/macintosh/Documents/DEVPRO/Back/src/query-builder/SelectQueryBuilder.ts:3619:26)
    at async SelectQueryBuilder.getRawAndEntities (/Users/macintosh/Documents/DEVPRO/Back/src/query-builder/SelectQueryBuilder.ts:1676:29)
    at async SelectQueryBuilder.getMany (/Users/macintosh/Documents/DEVPRO/Back/src/query-builder/SelectQueryBuilder.ts:1766:25)
    at async /Users/macintosh/Documents/DEVPRO/Back/node_modules/@nestjs/core/router/router-execution-context.js:47:62
    at async /Users/macintosh/Documents/DEVPRO/Back/node_modules/@nestjs/core/router/router-proxy.js:9:17
2026-07-28 16:24:16 [error]: QueryFailedError: Unknown column 'p.box_unit_name' in 'SELECT'
    at MysqlQueryRunner.query (/Users/macintosh/Documents/DEVPRO/Back/src/driver/mysql/MysqlQueryRunner.ts:291:19)
    at process.processTicksAndRejections (node:internal/process/task_queues:103:5)
    at async SelectQueryBuilder.loadRawResults (/Users/macintosh/Documents/DEVPRO/Back/src/query-builder/SelectQueryBuilder.ts:3897:25)
    at async SelectQueryBuilder.executeEntitiesAndRawResults (/Users/macintosh/Documents/DEVPRO/Back/src/query-builder/SelectQueryBuilder.ts:3619:26)
    at async SelectQueryBuilder.getRawAndEntities (/Users/macintosh/Documents/DEVPRO/Back/src/query-builder/SelectQueryBuilder.ts:1676:29)
    at async SelectQueryBuilder.getMany (/Users/macintosh/Documents/DEVPRO/Back/src/query-builder/SelectQueryBuilder.ts:1766:25)
    at async /Users/macintosh/Documents/DEVPRO/Back/node_modules/@nestjs/core/router/router-execution-context.js:47:62
    at async /Users/macintosh/Documents/DEVPRO/Back/node_modules/@nestjs/core/router/router-proxy.js:9:17
2026-07-28 16:25:16 [error]: QueryFailedError: Unknown column 'p.box_unit_name' in 'SELECT'
    at MysqlQueryRunner.query (/Users/macintosh/Documents/DEVPRO/Back/src/driver/mysql/MysqlQueryRunner.ts:291:19)
    at process.processTicksAndRejections (node:internal/process/task_queues:103:5)
    at async SelectQueryBuilder.loadRawResults (/Users/macintosh/Documents/DEVPRO/Back/src/query-builder/SelectQueryBuilder.ts:3897:25)
    at async SelectQueryBuilder.executeEntitiesAndRawResults (/Users/macintosh/Documents/DEVPRO/Back/src/query-builder/SelectQueryBuilder.ts:3619:26)
    at async SelectQueryBuilder.getRawAndEntities (/Users/macintosh/Documents/DEVPRO/Back/src/query-builder/SelectQueryBuilder.ts:1676:29)
    at async SelectQueryBuilder.getMany (/Users/macintosh/Documents/DEVPRO/Back/src/query-builder/SelectQueryBuilder.ts:1766:25)
    at async /Users/macintosh/Documents/DEVPRO/Back/node_modules/@nestjs/core/router/router-execution-context.js:47:62
    at async /Users/macintosh/Documents/DEVPRO/Back/node_modules/@nestjs/core/router/router-proxy.js:9:17
2026-07-28 16:26:16 [error]: QueryFailedError: Unknown column 'p.box_unit_name' in 'SELECT'
    at MysqlQueryRunner.query (/Users/macintosh/Documents/DEVPRO/Back/src/driver/mysql/MysqlQueryRunner.ts:291:19)
    at process.processTicksAndRejections (node:internal/process/task_queues:103:5)
    at async SelectQueryBuilder.loadRawResults (/Users/macintosh/Documents/DEVPRO/Back/src/query-builder/SelectQueryBuilder.ts:3897:25)
    at async SelectQueryBuilder.executeEntitiesAndRawResults (/Users/macintosh/Documents/DEVPRO/Back/src/query-builder/SelectQueryBuilder.ts:3619:26)
    at async SelectQueryBuilder.getRawAndEntities (/Users/macintosh/Documents/DEVPRO/Back/src/query-builder/SelectQueryBuilder.ts:1676:29)
    at async SelectQueryBuilder.getMany (/Users/macintosh/Documents/DEVPRO/Back/src/query-builder/SelectQueryBuilder.ts:1766:25)
    at async /Users/macintosh/Documents/DEVPRO/Back/node_modules/@nestjs/core/router/router-execution-context.js:47:62
    at async /Users/macintosh/Documents/DEVPRO/Back/node_modules/@nestjs/core/router/router-proxy.js:9:17
2026-07-28 16:27:16 [error]: QueryFailedError: Unknown column 'p.box_unit_name' in 'SELECT'
    at MysqlQueryRunner.query (/Users/macintosh/Documents/DEVPRO/Back/src/driver/mysql/MysqlQueryRunner.ts:291:19)
    at process.processTicksAndRejections (node:internal/process/task_queues:103:5)
    at async SelectQueryBuilder.loadRawResults (/Users/macintosh/Documents/DEVPRO/Back/src/query-builder/SelectQueryBuilder.ts:3897:25)
    at async SelectQueryBuilder.executeEntitiesAndRawResults (/Users/macintosh/Documents/DEVPRO/Back/src/query-builder/SelectQueryBuilder.ts:3619:26)
    at async SelectQueryBuilder.getRawAndEntities (/Users/macintosh/Documents/DEVPRO/Back/src/query-builder/SelectQueryBuilder.ts:1676:29)
    at async SelectQueryBuilder.getMany (/Users/macintosh/Documents/DEVPRO/Back/src/query-builder/SelectQueryBuilder.ts:1766:25)
    at async /Users/macintosh/Documents/DEVPRO/Back/node_modules/@nestjs/core/router/router-execution-context.js:47:62
    at async /Users/macintosh/Documents/DEVPRO/Back/node_modules/@nestjs/core/router/router-proxy.js:9:17
2026-07-28 16:28:16 [error]: QueryFailedError: Unknown column 'p.box_unit_name' in 'SELECT'
    at MysqlQueryRunner.query (/Users/macintosh/Documents/DEVPRO/Back/src/driver/mysql/MysqlQueryRunner.ts:291:19)
    at process.processTicksAndRejections (node:internal/process/task_queues:103:5)
    at async SelectQueryBuilder.loadRawResults (/Users/macintosh/Documents/DEVPRO/Back/src/query-builder/SelectQueryBuilder.ts:3897:25)
    at async SelectQueryBuilder.executeEntitiesAndRawResults (/Users/macintosh/Documents/DEVPRO/Back/src/query-builder/SelectQueryBuilder.ts:3619:26)
    at async SelectQueryBuilder.getRawAndEntities (/Users/macintosh/Documents/DEVPRO/Back/src/query-builder/SelectQueryBuilder.ts:1676:29)
    at async SelectQueryBuilder.getMany (/Users/macintosh/Documents/DEVPRO/Back/src/query-builder/SelectQueryBuilder.ts:1766:25)
    at async /Users/macintosh/Documents/DEVPRO/Back/node_modules/@nestjs/core/router/router-execution-context.js:47:62
    at async /Users/macintosh/Documents/DEVPRO/Back/node_modules/@nestjs/core/router/router-proxy.js:9:17
2026-07-28 16:29:16 [error]: QueryFailedError: Unknown column 'p.box_unit_name' in 'SELECT'
    at MysqlQueryRunner.query (/Users/macintosh/Documents/DEVPRO/Back/src/driver/mysql/MysqlQueryRunner.ts:291:19)
    at process.processTicksAndRejections (node:internal/process/task_queues:103:5)
    at async SelectQueryBuilder.loadRawResults (/Users/macintosh/Documents/DEVPRO/Back/src/query-builder/SelectQueryBuilder.ts:3897:25)
    at async SelectQueryBuilder.executeEntitiesAndRawResults (/Users/macintosh/Documents/DEVPRO/Back/src/query-builder/SelectQueryBuilder.ts:3619:26)
    at async SelectQueryBuilder.getRawAndEntities (/Users/macintosh/Documents/DEVPRO/Back/src/query-builder/SelectQueryBuilder.ts:1676:29)
    at async SelectQueryBuilder.getMany (/Users/macintosh/Documents/DEVPRO/Back/src/query-builder/SelectQueryBuilder.ts:1766:25)
    at async /Users/macintosh/Documents/DEVPRO/Back/node_modules/@nestjs/core/router/router-execution-context.js:47:62
    at async /Users/macintosh/Documents/DEVPRO/Back/node_modules/@nestjs/core/router/router-proxy.js:9:17
2026-07-28 16:30:16 [error]: QueryFailedError: Unknown column 'p.box_unit_name' in 'SELECT'
    at MysqlQueryRunner.query (/Users/macintosh/Documents/DEVPRO/Back/src/driver/mysql/MysqlQueryRunner.ts:291:19)
    at process.processTicksAndRejections (node:internal/process/task_queues:103:5)
    at async SelectQueryBuilder.loadRawResults (/Users/macintosh/Documents/DEVPRO/Back/src/query-builder/SelectQueryBuilder.ts:3897:25)
    at async SelectQueryBuilder.executeEntitiesAndRawResults (/Users/macintosh/Documents/DEVPRO/Back/src/query-builder/SelectQueryBuilder.ts:3619:26)
    at async SelectQueryBuilder.getRawAndEntities (/Users/macintosh/Documents/DEVPRO/Back/src/query-builder/SelectQueryBuilder.ts:1676:29)
    at async SelectQueryBuilder.getMany (/Users/macintosh/Documents/DEVPRO/Back/src/query-builder/SelectQueryBuilder.ts:1766:25)
    at async /Users/macintosh/Documents/DEVPRO/Back/node_modules/@nestjs/core/router/router-execution-context.js:47:62
    at async /Users/macintosh/Documents/DEVPRO/Back/node_modules/@nestjs/core/router/router-proxy.js:9:17
2026-07-28 16:31:16 [error]: QueryFailedError: Unknown column 'p.box_unit_name' in 'SELECT'
    at MysqlQueryRunner.query (/Users/macintosh/Documents/DEVPRO/Back/src/driver/mysql/MysqlQueryRunner.ts:291:19)
    at process.processTicksAndRejections (node:internal/process/task_queues:103:5)
    at async SelectQueryBuilder.loadRawResults (/Users/macintosh/Documents/DEVPRO/Back/src/query-builder/SelectQueryBuilder.ts:3897:25)
    at async SelectQueryBuilder.executeEntitiesAndRawResults (/Users/macintosh/Documents/DEVPRO/Back/src/query-builder/SelectQueryBuilder.ts:3619:26)
    at async SelectQueryBuilder.getRawAndEntities (/Users/macintosh/Documents/DEVPRO/Back/src/query-builder/SelectQueryBuilder.ts:1676:29)
    at async SelectQueryBuilder.getMany (/Users/macintosh/Documents/DEVPRO/Back/src/query-builder/SelectQueryBuilder.ts:1766:25)
    at async /Users/macintosh/Documents/DEVPRO/Back/node_modules/@nestjs/core/router/router-execution-context.js:47:62
    at async /Users/macintosh/Documents/DEVPRO/Back/node_modules/@nestjs/core/router/router-proxy.js:9:17
2026-07-28 16:32:16 [error]: QueryFailedError: Unknown column 'p.box_unit_name' in 'SELECT'
    at MysqlQueryRunner.query (/Users/macintosh/Documents/DEVPRO/Back/src/driver/mysql/MysqlQueryRunner.ts:291:19)
    at process.processTicksAndRejections (node:internal/process/task_queues:103:5)
    at async SelectQueryBuilder.loadRawResults (/Users/macintosh/Documents/DEVPRO/Back/src/query-builder/SelectQueryBuilder.ts:3897:25)
    at async SelectQueryBuilder.executeEntitiesAndRawResults (/Users/macintosh/Documents/DEVPRO/Back/src/query-builder/SelectQueryBuilder.ts:3619:26)
    at async SelectQueryBuilder.getRawAndEntities (/Users/macintosh/Documents/DEVPRO/Back/src/query-builder/SelectQueryBuilder.ts:1676:29)
    at async SelectQueryBuilder.getMany (/Users/macintosh/Documents/DEVPRO/Back/src/query-builder/SelectQueryBuilder.ts:1766:25)
    at async /Users/macintosh/Documents/DEVPRO/Back/node_modules/@nestjs/core/router/router-execution-context.js:47:62
    at async /Users/macintosh/Documents/DEVPRO/Back/node_modules/@nestjs/core/router/router-proxy.js:9:17
2026-07-28 16:33:16 [error]: QueryFailedError: Unknown column 'p.box_unit_name' in 'SELECT'
    at MysqlQueryRunner.query (/Users/macintosh/Documents/DEVPRO/Back/src/driver/mysql/MysqlQueryRunner.ts:291:19)
    at process.processTicksAndRejections (node:internal/process/task_queues:103:5)
    at async SelectQueryBuilder.loadRawResults (/Users/macintosh/Documents/DEVPRO/Back/src/query-builder/SelectQueryBuilder.ts:3897:25)
    at async SelectQueryBuilder.executeEntitiesAndRawResults (/Users/macintosh/Documents/DEVPRO/Back/src/query-builder/SelectQueryBuilder.ts:3619:26)
    at async SelectQueryBuilder.getRawAndEntities (/Users/macintosh/Documents/DEVPRO/Back/src/query-builder/SelectQueryBuilder.ts:1676:29)
    at async SelectQueryBuilder.getMany (/Users/macintosh/Documents/DEVPRO/Back/src/query-builder/SelectQueryBuilder.ts:1766:25)
    at async /Users/macintosh/Documents/DEVPRO/Back/node_modules/@nestjs/core/router/router-execution-context.js:47:62
    at async /Users/macintosh/Documents/DEVPRO/Back/node_modules/@nestjs/core/router/router-proxy.js:9:17
2026-07-28 16:34:16 [error]: QueryFailedError: Unknown column 'p.box_unit_name' in 'SELECT'
    at MysqlQueryRunner.query (/Users/macintosh/Documents/DEVPRO/Back/src/driver/mysql/MysqlQueryRunner.ts:291:19)
    at process.processTicksAndRejections (node:internal/process/task_queues:103:5)
    at async SelectQueryBuilder.loadRawResults (/Users/macintosh/Documents/DEVPRO/Back/src/query-builder/SelectQueryBuilder.ts:3897:25)
    at async SelectQueryBuilder.executeEntitiesAndRawResults (/Users/macintosh/Documents/DEVPRO/Back/src/query-builder/SelectQueryBuilder.ts:3619:26)
    at async SelectQueryBuilder.getRawAndEntities (/Users/macintosh/Documents/DEVPRO/Back/src/query-builder/SelectQueryBuilder.ts:1676:29)
    at async SelectQueryBuilder.getMany (/Users/macintosh/Documents/DEVPRO/Back/src/query-builder/SelectQueryBuilder.ts:1766:25)
    at async /Users/macintosh/Documents/DEVPRO/Back/node_modules/@nestjs/core/router/router-execution-context.js:47:62
    at async /Users/macintosh/Documents/DEVPRO/Back/node_modules/@nestjs/core/router/router-proxy.js:9:17
2026-07-28 16:35:16 [error]: QueryFailedError: Unknown column 'p.box_unit_name' in 'SELECT'
    at MysqlQueryRunner.query (/Users/macintosh/Documents/DEVPRO/Back/src/driver/mysql/MysqlQueryRunner.ts:291:19)
    at process.processTicksAndRejections (node:internal/process/task_queues:103:5)
    at async SelectQueryBuilder.loadRawResults (/Users/macintosh/Documents/DEVPRO/Back/src/query-builder/SelectQueryBuilder.ts:3897:25)
    at async SelectQueryBuilder.executeEntitiesAndRawResults (/Users/macintosh/Documents/DEVPRO/Back/src/query-builder/SelectQueryBuilder.ts:3619:26)
    at async SelectQueryBuilder.getRawAndEntities (/Users/macintosh/Documents/DEVPRO/Back/src/query-builder/SelectQueryBuilder.ts:1676:29)
    at async SelectQueryBuilder.getMany (/Users/macintosh/Documents/DEVPRO/Back/src/query-builder/SelectQueryBuilder.ts:1766:25)
    at async /Users/macintosh/Documents/DEVPRO/Back/node_modules/@nestjs/core/router/router-execution-context.js:47:62
    at async /Users/macintosh/Documents/DEVPRO/Back/node_modules/@nestjs/core/router/router-proxy.js:9:17
2026-07-28 16:36:16 [error]: QueryFailedError: Unknown column 'p.box_unit_name' in 'SELECT'
    at MysqlQueryRunner.query (/Users/macintosh/Documents/DEVPRO/Back/src/driver/mysql/MysqlQueryRunner.ts:291:19)
    at process.processTicksAndRejections (node:internal/process/task_queues:103:5)
    at async SelectQueryBuilder.loadRawResults (/Users/macintosh/Documents/DEVPRO/Back/src/query-builder/SelectQueryBuilder.ts:3897:25)
    at async SelectQueryBuilder.executeEntitiesAndRawResults (/Users/macintosh/Documents/DEVPRO/Back/src/query-builder/SelectQueryBuilder.ts:3619:26)
    at async SelectQueryBuilder.getRawAndEntities (/Users/macintosh/Documents/DEVPRO/Back/src/query-builder/SelectQueryBuilder.ts:1676:29)
    at async SelectQueryBuilder.getMany (/Users/macintosh/Documents/DEVPRO/Back/src/query-builder/SelectQueryBuilder.ts:1766:25)
    at async /Users/macintosh/Documents/DEVPRO/Back/node_modules/@nestjs/core/router/router-execution-context.js:47:62
    at async /Users/macintosh/Documents/DEVPRO/Back/node_modules/@nestjs/core/router/router-proxy.js:9:17
2026-07-28 16:37:16 [error]: QueryFailedError: Unknown column 'p.box_unit_name' in 'SELECT'
    at MysqlQueryRunner.query (/Users/macintosh/Documents/DEVPRO/Back/src/driver/mysql/MysqlQueryRunner.ts:291:19)
    at process.processTicksAndRejections (node:internal/process/task_queues:103:5)
    at async SelectQueryBuilder.loadRawResults (/Users/macintosh/Documents/DEVPRO/Back/src/query-builder/SelectQueryBuilder.ts:3897:25)
    at async SelectQueryBuilder.executeEntitiesAndRawResults (/Users/macintosh/Documents/DEVPRO/Back/src/query-builder/SelectQueryBuilder.ts:3619:26)
    at async SelectQueryBuilder.getRawAndEntities (/Users/macintosh/Documents/DEVPRO/Back/src/query-builder/SelectQueryBuilder.ts:1676:29)
    at async SelectQueryBuilder.getMany (/Users/macintosh/Documents/DEVPRO/Back/src/query-builder/SelectQueryBuilder.ts:1766:25)
    at async /Users/macintosh/Documents/DEVPRO/Back/node_modules/@nestjs/core/router/router-execution-context.js:47:62
    at async /Users/macintosh/Documents/DEVPRO/Back/node_modules/@nestjs/core/router/router-proxy.js:9:17
2026-07-28 16:38:16 [error]: QueryFailedError: Unknown column 'p.box_unit_name' in 'SELECT'
    at MysqlQueryRunner.query (/Users/macintosh/Documents/DEVPRO/Back/src/driver/mysql/MysqlQueryRunner.ts:291:19)
    at process.processTicksAndRejections (node:internal/process/task_queues:103:5)
    at async SelectQueryBuilder.loadRawResults (/Users/macintosh/Documents/DEVPRO/Back/src/query-builder/SelectQueryBuilder.ts:3897:25)
    at async SelectQueryBuilder.executeEntitiesAndRawResults (/Users/macintosh/Documents/DEVPRO/Back/src/query-builder/SelectQueryBuilder.ts:3619:26)
    at async SelectQueryBuilder.getRawAndEntities (/Users/macintosh/Documents/DEVPRO/Back/src/query-builder/SelectQueryBuilder.ts:1676:29)
    at async SelectQueryBuilder.getMany (/Users/macintosh/Documents/DEVPRO/Back/src/query-builder/SelectQueryBuilder.ts:1766:25)
    at async /Users/macintosh/Documents/DEVPRO/Back/node_modules/@nestjs/core/router/router-execution-context.js:47:62
    at async /Users/macintosh/Documents/DEVPRO/Back/node_modules/@nestjs/core/router/router-proxy.js:9:17
2026-07-28 16:39:16 [error]: QueryFailedError: Unknown column 'p.box_unit_name' in 'SELECT'
    at MysqlQueryRunner.query (/Users/macintosh/Documents/DEVPRO/Back/src/driver/mysql/MysqlQueryRunner.ts:291:19)
    at process.processTicksAndRejections (node:internal/process/task_queues:103:5)
    at async SelectQueryBuilder.loadRawResults (/Users/macintosh/Documents/DEVPRO/Back/src/query-builder/SelectQueryBuilder.ts:3897:25)
    at async SelectQueryBuilder.executeEntitiesAndRawResults (/Users/macintosh/Documents/DEVPRO/Back/src/query-builder/SelectQueryBuilder.ts:3619:26)
    at async SelectQueryBuilder.getRawAndEntities (/Users/macintosh/Documents/DEVPRO/Back/src/query-builder/SelectQueryBuilder.ts:1676:29)
    at async SelectQueryBuilder.getMany (/Users/macintosh/Documents/DEVPRO/Back/src/query-builder/SelectQueryBuilder.ts:1766:25)
    at async /Users/macintosh/Documents/DEVPRO/Back/node_modules/@nestjs/core/router/router-execution-context.js:47:62
    at async /Users/macintosh/Documents/DEVPRO/Back/node_modules/@nestjs/core/router/router-proxy.js:9:17
2026-07-28 16:40:16 [error]: QueryFailedError: Unknown column 'p.box_unit_name' in 'SELECT'
    at MysqlQueryRunner.query (/Users/macintosh/Documents/DEVPRO/Back/src/driver/mysql/MysqlQueryRunner.ts:291:19)
    at process.processTicksAndRejections (node:internal/process/task_queues:103:5)
    at async SelectQueryBuilder.loadRawResults (/Users/macintosh/Documents/DEVPRO/Back/src/query-builder/SelectQueryBuilder.ts:3897:25)
    at async SelectQueryBuilder.executeEntitiesAndRawResults (/Users/macintosh/Documents/DEVPRO/Back/src/query-builder/SelectQueryBuilder.ts:3619:26)
    at async SelectQueryBuilder.getRawAndEntities (/Users/macintosh/Documents/DEVPRO/Back/src/query-builder/SelectQueryBuilder.ts:1676:29)
    at async SelectQueryBuilder.getMany (/Users/macintosh/Documents/DEVPRO/Back/src/query-builder/SelectQueryBuilder.ts:1766:25)
    at async /Users/macintosh/Documents/DEVPRO/Back/node_modules/@nestjs/core/router/router-execution-context.js:47:62
    at async /Users/macintosh/Documents/DEVPRO/Back/node_modules/@nestjs/core/router/router-proxy.js:9:17
2026-07-28 16:41:16 [error]: QueryFailedError: Unknown column 'p.box_unit_name' in 'SELECT'
    at MysqlQueryRunner.query (/Users/macintosh/Documents/DEVPRO/Back/src/driver/mysql/MysqlQueryRunner.ts:291:19)
    at process.processTicksAndRejections (node:internal/process/task_queues:103:5)
    at async SelectQueryBuilder.loadRawResults (/Users/macintosh/Documents/DEVPRO/Back/src/query-builder/SelectQueryBuilder.ts:3897:25)
    at async SelectQueryBuilder.executeEntitiesAndRawResults (/Users/macintosh/Documents/DEVPRO/Back/src/query-builder/SelectQueryBuilder.ts:3619:26)
    at async SelectQueryBuilder.getRawAndEntities (/Users/macintosh/Documents/DEVPRO/Back/src/query-builder/SelectQueryBuilder.ts:1676:29)
    at async SelectQueryBuilder.getMany (/Users/macintosh/Documents/DEVPRO/Back/src/query-builder/SelectQueryBuilder.ts:1766:25)
    at async /Users/macintosh/Documents/DEVPRO/Back/node_modules/@nestjs/core/router/router-execution-context.js:47:62
    at async /Users/macintosh/Documents/DEVPRO/Back/node_modules/@nestjs/core/router/router-proxy.js:9:17
2026-07-28 16:42:16 [error]: QueryFailedError: Unknown column 'p.box_unit_name' in 'SELECT'
    at MysqlQueryRunner.query (/Users/macintosh/Documents/DEVPRO/Back/src/driver/mysql/MysqlQueryRunner.ts:291:19)
    at process.processTicksAndRejections (node:internal/process/task_queues:103:5)
    at async SelectQueryBuilder.loadRawResults (/Users/macintosh/Documents/DEVPRO/Back/src/query-builder/SelectQueryBuilder.ts:3897:25)
    at async SelectQueryBuilder.executeEntitiesAndRawResults (/Users/macintosh/Documents/DEVPRO/Back/src/query-builder/SelectQueryBuilder.ts:3619:26)
    at async SelectQueryBuilder.getRawAndEntities (/Users/macintosh/Documents/DEVPRO/Back/src/query-builder/SelectQueryBuilder.ts:1676:29)
    at async SelectQueryBuilder.getMany (/Users/macintosh/Documents/DEVPRO/Back/src/query-builder/SelectQueryBuilder.ts:1766:25)
    at async /Users/macintosh/Documents/DEVPRO/Back/node_modules/@nestjs/core/router/router-execution-context.js:47:62
    at async /Users/macintosh/Documents/DEVPRO/Back/node_modules/@nestjs/core/router/router-proxy.js:9:17
2026-07-28 16:43:16 [error]: QueryFailedError: Unknown column 'p.box_unit_name' in 'SELECT'
    at MysqlQueryRunner.query (/Users/macintosh/Documents/DEVPRO/Back/src/driver/mysql/MysqlQueryRunner.ts:291:19)
    at process.processTicksAndRejections (node:internal/process/task_queues:103:5)
    at async SelectQueryBuilder.loadRawResults (/Users/macintosh/Documents/DEVPRO/Back/src/query-builder/SelectQueryBuilder.ts:3897:25)
    at async SelectQueryBuilder.executeEntitiesAndRawResults (/Users/macintosh/Documents/DEVPRO/Back/src/query-builder/SelectQueryBuilder.ts:3619:26)
    at async SelectQueryBuilder.getRawAndEntities (/Users/macintosh/Documents/DEVPRO/Back/src/query-builder/SelectQueryBuilder.ts:1676:29)
    at async SelectQueryBuilder.getMany (/Users/macintosh/Documents/DEVPRO/Back/src/query-builder/SelectQueryBuilder.ts:1766:25)
    at async /Users/macintosh/Documents/DEVPRO/Back/node_modules/@nestjs/core/router/router-execution-context.js:47:62
    at async /Users/macintosh/Documents/DEVPRO/Back/node_modules/@nestjs/core/router/router-proxy.js:9:17
2026-07-28 16:44:16 [error]: QueryFailedError: Unknown column 'p.box_unit_name' in 'SELECT'
    at MysqlQueryRunner.query (/Users/macintosh/Documents/DEVPRO/Back/src/driver/mysql/MysqlQueryRunner.ts:291:19)
    at process.processTicksAndRejections (node:internal/process/task_queues:103:5)
    at async SelectQueryBuilder.loadRawResults (/Users/macintosh/Documents/DEVPRO/Back/src/query-builder/SelectQueryBuilder.ts:3897:25)
    at async SelectQueryBuilder.executeEntitiesAndRawResults (/Users/macintosh/Documents/DEVPRO/Back/src/query-builder/SelectQueryBuilder.ts:3619:26)
    at async SelectQueryBuilder.getRawAndEntities (/Users/macintosh/Documents/DEVPRO/Back/src/query-builder/SelectQueryBuilder.ts:1676:29)
    at async SelectQueryBuilder.getMany (/Users/macintosh/Documents/DEVPRO/Back/src/query-builder/SelectQueryBuilder.ts:1766:25)
    at async /Users/macintosh/Documents/DEVPRO/Back/node_modules/@nestjs/core/router/router-execution-context.js:47:62
    at async /Users/macintosh/Documents/DEVPRO/Back/node_modules/@nestjs/core/router/router-proxy.js:9:17
2026-07-28 16:45:16 [error]: QueryFailedError: Unknown column 'p.box_unit_name' in 'SELECT'
    at MysqlQueryRunner.query (/Users/macintosh/Documents/DEVPRO/Back/src/driver/mysql/MysqlQueryRunner.ts:291:19)
    at process.processTicksAndRejections (node:internal/process/task_queues:103:5)
    at async SelectQueryBuilder.loadRawResults (/Users/macintosh/Documents/DEVPRO/Back/src/query-builder/SelectQueryBuilder.ts:3897:25)
    at async SelectQueryBuilder.executeEntitiesAndRawResults (/Users/macintosh/Documents/DEVPRO/Back/src/query-builder/SelectQueryBuilder.ts:3619:26)
    at async SelectQueryBuilder.getRawAndEntities (/Users/macintosh/Documents/DEVPRO/Back/src/query-builder/SelectQueryBuilder.ts:1676:29)
    at async SelectQueryBuilder.getMany (/Users/macintosh/Documents/DEVPRO/Back/src/query-builder/SelectQueryBuilder.ts:1766:25)
    at async /Users/macintosh/Documents/DEVPRO/Back/node_modules/@nestjs/core/router/router-execution-context.js:47:62
    at async /Users/macintosh/Documents/DEVPRO/Back/node_modules/@nestjs/core/router/router-proxy.js:9:17
2026-07-28 16:46:16 [error]: QueryFailedError: Unknown column 'p.box_unit_name' in 'SELECT'
    at MysqlQueryRunner.query (/Users/macintosh/Documents/DEVPRO/Back/src/driver/mysql/MysqlQueryRunner.ts:291:19)
    at process.processTicksAndRejections (node:internal/process/task_queues:103:5)
    at async SelectQueryBuilder.loadRawResults (/Users/macintosh/Documents/DEVPRO/Back/src/query-builder/SelectQueryBuilder.ts:3897:25)
    at async SelectQueryBuilder.executeEntitiesAndRawResults (/Users/macintosh/Documents/DEVPRO/Back/src/query-builder/SelectQueryBuilder.ts:3619:26)
    at async SelectQueryBuilder.getRawAndEntities (/Users/macintosh/Documents/DEVPRO/Back/src/query-builder/SelectQueryBuilder.ts:1676:29)
    at async SelectQueryBuilder.getMany (/Users/macintosh/Documents/DEVPRO/Back/src/query-builder/SelectQueryBuilder.ts:1766:25)
    at async /Users/macintosh/Documents/DEVPRO/Back/node_modules/@nestjs/core/router/router-execution-context.js:47:62
    at async /Users/macintosh/Documents/DEVPRO/Back/node_modules/@nestjs/core/router/router-proxy.js:9:17
2026-07-28 16:47:16 [error]: QueryFailedError: Unknown column 'p.box_unit_name' in 'SELECT'
    at MysqlQueryRunner.query (/Users/macintosh/Documents/DEVPRO/Back/src/driver/mysql/MysqlQueryRunner.ts:291:19)
    at process.processTicksAndRejections (node:internal/process/task_queues:103:5)
    at async SelectQueryBuilder.loadRawResults (/Users/macintosh/Documents/DEVPRO/Back/src/query-builder/SelectQueryBuilder.ts:3897:25)
    at async SelectQueryBuilder.executeEntitiesAndRawResults (/Users/macintosh/Documents/DEVPRO/Back/src/query-builder/SelectQueryBuilder.ts:3619:26)
    at async SelectQueryBuilder.getRawAndEntities (/Users/macintosh/Documents/DEVPRO/Back/src/query-builder/SelectQueryBuilder.ts:1676:29)
    at async SelectQueryBuilder.getMany (/Users/macintosh/Documents/DEVPRO/Back/src/query-builder/SelectQueryBuilder.ts:1766:25)
    at async /Users/macintosh/Documents/DEVPRO/Back/node_modules/@nestjs/core/router/router-execution-context.js:47:62
    at async /Users/macintosh/Documents/DEVPRO/Back/node_modules/@nestjs/core/router/router-proxy.js:9:17
2026-07-28 16:48:16 [error]: QueryFailedError: Unknown column 'p.box_unit_name' in 'SELECT'
    at MysqlQueryRunner.query (/Users/macintosh/Documents/DEVPRO/Back/src/driver/mysql/MysqlQueryRunner.ts:291:19)
    at process.processTicksAndRejections (node:internal/process/task_queues:103:5)
    at async SelectQueryBuilder.loadRawResults (/Users/macintosh/Documents/DEVPRO/Back/src/query-builder/SelectQueryBuilder.ts:3897:25)
    at async SelectQueryBuilder.executeEntitiesAndRawResults (/Users/macintosh/Documents/DEVPRO/Back/src/query-builder/SelectQueryBuilder.ts:3619:26)
    at async SelectQueryBuilder.getRawAndEntities (/Users/macintosh/Documents/DEVPRO/Back/src/query-builder/SelectQueryBuilder.ts:1676:29)
    at async SelectQueryBuilder.getMany (/Users/macintosh/Documents/DEVPRO/Back/src/query-builder/SelectQueryBuilder.ts:1766:25)
    at async /Users/macintosh/Documents/DEVPRO/Back/node_modules/@nestjs/core/router/router-execution-context.js:47:62
    at async /Users/macintosh/Documents/DEVPRO/Back/node_modules/@nestjs/core/router/router-proxy.js:9:17
2026-07-28 16:49:16 [error]: QueryFailedError: Unknown column 'p.box_unit_name' in 'SELECT'
    at MysqlQueryRunner.query (/Users/macintosh/Documents/DEVPRO/Back/src/driver/mysql/MysqlQueryRunner.ts:291:19)
    at process.processTicksAndRejections (node:internal/process/task_queues:103:5)
    at async SelectQueryBuilder.loadRawResults (/Users/macintosh/Documents/DEVPRO/Back/src/query-builder/SelectQueryBuilder.ts:3897:25)
    at async SelectQueryBuilder.executeEntitiesAndRawResults (/Users/macintosh/Documents/DEVPRO/Back/src/query-builder/SelectQueryBuilder.ts:3619:26)
    at async SelectQueryBuilder.getRawAndEntities (/Users/macintosh/Documents/DEVPRO/Back/src/query-builder/SelectQueryBuilder.ts:1676:29)
    at async SelectQueryBuilder.getMany (/Users/macintosh/Documents/DEVPRO/Back/src/query-builder/SelectQueryBuilder.ts:1766:25)
    at async /Users/macintosh/Documents/DEVPRO/Back/node_modules/@nestjs/core/router/router-execution-context.js:47:62
    at async /Users/macintosh/Documents/DEVPRO/Back/node_modules/@nestjs/core/router/router-proxy.js:9:17
2026-07-28 16:50:16 [error]: QueryFailedError: Unknown column 'p.box_unit_name' in 'SELECT'
    at MysqlQueryRunner.query (/Users/macintosh/Documents/DEVPRO/Back/src/driver/mysql/MysqlQueryRunner.ts:291:19)
    at process.processTicksAndRejections (node:internal/process/task_queues:103:5)
    at async SelectQueryBuilder.loadRawResults (/Users/macintosh/Documents/DEVPRO/Back/src/query-builder/SelectQueryBuilder.ts:3897:25)
    at async SelectQueryBuilder.executeEntitiesAndRawResults (/Users/macintosh/Documents/DEVPRO/Back/src/query-builder/SelectQueryBuilder.ts:3619:26)
    at async SelectQueryBuilder.getRawAndEntities (/Users/macintosh/Documents/DEVPRO/Back/src/query-builder/SelectQueryBuilder.ts:1676:29)
    at async SelectQueryBuilder.getMany (/Users/macintosh/Documents/DEVPRO/Back/src/query-builder/SelectQueryBuilder.ts:1766:25)
    at async /Users/macintosh/Documents/DEVPRO/Back/node_modules/@nestjs/core/router/router-execution-context.js:47:62
    at async /Users/macintosh/Documents/DEVPRO/Back/node_modules/@nestjs/core/router/router-proxy.js:9:17
2026-07-28 16:51:16 [error]: QueryFailedError: Unknown column 'p.box_unit_name' in 'SELECT'
    at MysqlQueryRunner.query (/Users/macintosh/Documents/DEVPRO/Back/src/driver/mysql/MysqlQueryRunner.ts:291:19)
    at process.processTicksAndRejections (node:internal/process/task_queues:103:5)
    at async SelectQueryBuilder.loadRawResults (/Users/macintosh/Documents/DEVPRO/Back/src/query-builder/SelectQueryBuilder.ts:3897:25)
    at async SelectQueryBuilder.executeEntitiesAndRawResults (/Users/macintosh/Documents/DEVPRO/Back/src/query-builder/SelectQueryBuilder.ts:3619:26)
    at async SelectQueryBuilder.getRawAndEntities (/Users/macintosh/Documents/DEVPRO/Back/src/query-builder/SelectQueryBuilder.ts:1676:29)
    at async SelectQueryBuilder.getMany (/Users/macintosh/Documents/DEVPRO/Back/src/query-builder/SelectQueryBuilder.ts:1766:25)
    at async /Users/macintosh/Documents/DEVPRO/Back/node_modules/@nestjs/core/router/router-execution-context.js:47:62
    at async /Users/macintosh/Documents/DEVPRO/Back/node_modules/@nestjs/core/router/router-proxy.js:9:17
2026-07-28 16:52:16 [error]: QueryFailedError: Unknown column 'p.box_unit_name' in 'SELECT'
    at MysqlQueryRunner.query (/Users/macintosh/Documents/DEVPRO/Back/src/driver/mysql/MysqlQueryRunner.ts:291:19)
    at process.processTicksAndRejections (node:internal/process/task_queues:103:5)
    at async SelectQueryBuilder.loadRawResults (/Users/macintosh/Documents/DEVPRO/Back/src/query-builder/SelectQueryBuilder.ts:3897:25)
    at async SelectQueryBuilder.executeEntitiesAndRawResults (/Users/macintosh/Documents/DEVPRO/Back/src/query-builder/SelectQueryBuilder.ts:3619:26)
    at async SelectQueryBuilder.getRawAndEntities (/Users/macintosh/Documents/DEVPRO/Back/src/query-builder/SelectQueryBuilder.ts:1676:29)
    at async SelectQueryBuilder.getMany (/Users/macintosh/Documents/DEVPRO/Back/src/query-builder/SelectQueryBuilder.ts:1766:25)
    at async /Users/macintosh/Documents/DEVPRO/Back/node_modules/@nestjs/core/router/router-execution-context.js:47:62
    at async /Users/macintosh/Documents/DEVPRO/Back/node_modules/@nestjs/core/router/router-proxy.js:9:17
2026-07-28 16:53:16 [error]: QueryFailedError: Unknown column 'p.box_unit_name' in 'SELECT'
    at MysqlQueryRunner.query (/Users/macintosh/Documents/DEVPRO/Back/src/driver/mysql/MysqlQueryRunner.ts:291:19)
    at process.processTicksAndRejections (node:internal/process/task_queues:103:5)
    at async SelectQueryBuilder.loadRawResults (/Users/macintosh/Documents/DEVPRO/Back/src/query-builder/SelectQueryBuilder.ts:3897:25)
    at async SelectQueryBuilder.executeEntitiesAndRawResults (/Users/macintosh/Documents/DEVPRO/Back/src/query-builder/SelectQueryBuilder.ts:3619:26)
    at async SelectQueryBuilder.getRawAndEntities (/Users/macintosh/Documents/DEVPRO/Back/src/query-builder/SelectQueryBuilder.ts:1676:29)
    at async SelectQueryBuilder.getMany (/Users/macintosh/Documents/DEVPRO/Back/src/query-builder/SelectQueryBuilder.ts:1766:25)
    at async /Users/macintosh/Documents/DEVPRO/Back/node_modules/@nestjs/core/router/router-execution-context.js:47:62
    at async /Users/macintosh/Documents/DEVPRO/Back/node_modules/@nestjs/core/router/router-proxy.js:9:17
2026-07-28 16:54:16 [error]: QueryFailedError: Unknown column 'p.box_unit_name' in 'SELECT'
    at MysqlQueryRunner.query (/Users/macintosh/Documents/DEVPRO/Back/src/driver/mysql/MysqlQueryRunner.ts:291:19)
    at process.processTicksAndRejections (node:internal/process/task_queues:103:5)
    at async SelectQueryBuilder.loadRawResults (/Users/macintosh/Documents/DEVPRO/Back/src/query-builder/SelectQueryBuilder.ts:3897:25)
    at async SelectQueryBuilder.executeEntitiesAndRawResults (/Users/macintosh/Documents/DEVPRO/Back/src/query-builder/SelectQueryBuilder.ts:3619:26)
    at async SelectQueryBuilder.getRawAndEntities (/Users/macintosh/Documents/DEVPRO/Back/src/query-builder/SelectQueryBuilder.ts:1676:29)
    at async SelectQueryBuilder.getMany (/Users/macintosh/Documents/DEVPRO/Back/src/query-builder/SelectQueryBuilder.ts:1766:25)
    at async /Users/macintosh/Documents/DEVPRO/Back/node_modules/@nestjs/core/router/router-execution-context.js:47:62
    at async /Users/macintosh/Documents/DEVPRO/Back/node_modules/@nestjs/core/router/router-proxy.js:9:17
2026-07-28 16:55:16 [error]: QueryFailedError: Unknown column 'p.box_unit_name' in 'SELECT'
    at MysqlQueryRunner.query (/Users/macintosh/Documents/DEVPRO/Back/src/driver/mysql/MysqlQueryRunner.ts:291:19)
    at process.processTicksAndRejections (node:internal/process/task_queues:103:5)
    at async SelectQueryBuilder.loadRawResults (/Users/macintosh/Documents/DEVPRO/Back/src/query-builder/SelectQueryBuilder.ts:3897:25)
    at async SelectQueryBuilder.executeEntitiesAndRawResults (/Users/macintosh/Documents/DEVPRO/Back/src/query-builder/SelectQueryBuilder.ts:3619:26)
    at async SelectQueryBuilder.getRawAndEntities (/Users/macintosh/Documents/DEVPRO/Back/src/query-builder/SelectQueryBuilder.ts:1676:29)
    at async SelectQueryBuilder.getMany (/Users/macintosh/Documents/DEVPRO/Back/src/query-builder/SelectQueryBuilder.ts:1766:25)
    at async /Users/macintosh/Documents/DEVPRO/Back/node_modules/@nestjs/core/router/router-execution-context.js:47:62
    at async /Users/macintosh/Documents/DEVPRO/Back/node_modules/@nestjs/core/router/router-proxy.js:9:17
2026-07-28 16:56:16 [error]: QueryFailedError: Unknown column 'p.box_unit_name' in 'SELECT'
    at MysqlQueryRunner.query (/Users/macintosh/Documents/DEVPRO/Back/src/driver/mysql/MysqlQueryRunner.ts:291:19)
    at process.processTicksAndRejections (node:internal/process/task_queues:103:5)
    at async SelectQueryBuilder.loadRawResults (/Users/macintosh/Documents/DEVPRO/Back/src/query-builder/SelectQueryBuilder.ts:3897:25)
    at async SelectQueryBuilder.executeEntitiesAndRawResults (/Users/macintosh/Documents/DEVPRO/Back/src/query-builder/SelectQueryBuilder.ts:3619:26)
    at async SelectQueryBuilder.getRawAndEntities (/Users/macintosh/Documents/DEVPRO/Back/src/query-builder/SelectQueryBuilder.ts:1676:29)
    at async SelectQueryBuilder.getMany (/Users/macintosh/Documents/DEVPRO/Back/src/query-builder/SelectQueryBuilder.ts:1766:25)
    at async /Users/macintosh/Documents/DEVPRO/Back/node_modules/@nestjs/core/router/router-execution-context.js:47:62
    at async /Users/macintosh/Documents/DEVPRO/Back/node_modules/@nestjs/core/router/router-proxy.js:9:17
2026-07-28 16:57:16 [error]: QueryFailedError: Unknown column 'p.box_unit_name' in 'SELECT'
    at MysqlQueryRunner.query (/Users/macintosh/Documents/DEVPRO/Back/src/driver/mysql/MysqlQueryRunner.ts:291:19)
    at process.processTicksAndRejections (node:internal/process/task_queues:103:5)
    at async SelectQueryBuilder.loadRawResults (/Users/macintosh/Documents/DEVPRO/Back/src/query-builder/SelectQueryBuilder.ts:3897:25)
    at async SelectQueryBuilder.executeEntitiesAndRawResults (/Users/macintosh/Documents/DEVPRO/Back/src/query-builder/SelectQueryBuilder.ts:3619:26)
    at async SelectQueryBuilder.getRawAndEntities (/Users/macintosh/Documents/DEVPRO/Back/src/query-builder/SelectQueryBuilder.ts:1676:29)
    at async SelectQueryBuilder.getMany (/Users/macintosh/Documents/DEVPRO/Back/src/query-builder/SelectQueryBuilder.ts:1766:25)
    at async /Users/macintosh/Documents/DEVPRO/Back/node_modules/@nestjs/core/router/router-execution-context.js:47:62
    at async /Users/macintosh/Documents/DEVPRO/Back/node_modules/@nestjs/core/router/router-proxy.js:9:17
2026-07-28 16:58:16 [error]: QueryFailedError: Unknown column 'p.box_unit_name' in 'SELECT'
    at MysqlQueryRunner.query (/Users/macintosh/Documents/DEVPRO/Back/src/driver/mysql/MysqlQueryRunner.ts:291:19)
    at process.processTicksAndRejections (node:internal/process/task_queues:103:5)
    at async SelectQueryBuilder.loadRawResults (/Users/macintosh/Documents/DEVPRO/Back/src/query-builder/SelectQueryBuilder.ts:3897:25)
    at async SelectQueryBuilder.executeEntitiesAndRawResults (/Users/macintosh/Documents/DEVPRO/Back/src/query-builder/SelectQueryBuilder.ts:3619:26)
    at async SelectQueryBuilder.getRawAndEntities (/Users/macintosh/Documents/DEVPRO/Back/src/query-builder/SelectQueryBuilder.ts:1676:29)
    at async SelectQueryBuilder.getMany (/Users/macintosh/Documents/DEVPRO/Back/src/query-builder/SelectQueryBuilder.ts:1766:25)
    at async /Users/macintosh/Documents/DEVPRO/Back/node_modules/@nestjs/core/router/router-execution-context.js:47:62
    at async /Users/macintosh/Documents/DEVPRO/Back/node_modules/@nestjs/core/router/router-proxy.js:9:17
2026-07-28 16:59:16 [error]: QueryFailedError: Unknown column 'p.box_unit_name' in 'SELECT'
    at MysqlQueryRunner.query (/Users/macintosh/Documents/DEVPRO/Back/src/driver/mysql/MysqlQueryRunner.ts:291:19)
    at process.processTicksAndRejections (node:internal/process/task_queues:103:5)
    at async SelectQueryBuilder.loadRawResults (/Users/macintosh/Documents/DEVPRO/Back/src/query-builder/SelectQueryBuilder.ts:3897:25)
    at async SelectQueryBuilder.executeEntitiesAndRawResults (/Users/macintosh/Documents/DEVPRO/Back/src/query-builder/SelectQueryBuilder.ts:3619:26)
    at async SelectQueryBuilder.getRawAndEntities (/Users/macintosh/Documents/DEVPRO/Back/src/query-builder/SelectQueryBuilder.ts:1676:29)
    at async SelectQueryBuilder.getMany (/Users/macintosh/Documents/DEVPRO/Back/src/query-builder/SelectQueryBuilder.ts:1766:25)
    at async /Users/macintosh/Documents/DEVPRO/Back/node_modules/@nestjs/core/router/router-execution-context.js:47:62
    at async /Users/macintosh/Documents/DEVPRO/Back/node_modules/@nestjs/core/router/router-proxy.js:9:17
2026-07-28 17:00:16 [error]: QueryFailedError: Unknown column 'p.box_unit_name' in 'SELECT'
    at MysqlQueryRunner.query (/Users/macintosh/Documents/DEVPRO/Back/src/driver/mysql/MysqlQueryRunner.ts:291:19)
    at process.processTicksAndRejections (node:internal/process/task_queues:103:5)
    at async SelectQueryBuilder.loadRawResults (/Users/macintosh/Documents/DEVPRO/Back/src/query-builder/SelectQueryBuilder.ts:3897:25)
    at async SelectQueryBuilder.executeEntitiesAndRawResults (/Users/macintosh/Documents/DEVPRO/Back/src/query-builder/SelectQueryBuilder.ts:3619:26)
    at async SelectQueryBuilder.getRawAndEntities (/Users/macintosh/Documents/DEVPRO/Back/src/query-builder/SelectQueryBuilder.ts:1676:29)
    at async SelectQueryBuilder.getMany (/Users/macintosh/Documents/DEVPRO/Back/src/query-builder/SelectQueryBuilder.ts:1766:25)
    at async /Users/macintosh/Documents/DEVPRO/Back/node_modules/@nestjs/core/router/router-execution-context.js:47:62
    at async /Users/macintosh/Documents/DEVPRO/Back/node_modules/@nestjs/core/router/router-proxy.js:9:17
2026-07-28 17:01:16 [error]: QueryFailedError: Unknown column 'p.box_unit_name' in 'SELECT'
    at MysqlQueryRunner.query (/Users/macintosh/Documents/DEVPRO/Back/src/driver/mysql/MysqlQueryRunner.ts:291:19)
    at process.processTicksAndRejections (node:internal/process/task_queues:103:5)
    at async SelectQueryBuilder.loadRawResults (/Users/macintosh/Documents/DEVPRO/Back/src/query-builder/SelectQueryBuilder.ts:3897:25)
    at async SelectQueryBuilder.executeEntitiesAndRawResults (/Users/macintosh/Documents/DEVPRO/Back/src/query-builder/SelectQueryBuilder.ts:3619:26)
    at async SelectQueryBuilder.getRawAndEntities (/Users/macintosh/Documents/DEVPRO/Back/src/query-builder/SelectQueryBuilder.ts:1676:29)
    at async SelectQueryBuilder.getMany (/Users/macintosh/Documents/DEVPRO/Back/src/query-builder/SelectQueryBuilder.ts:1766:25)
    at async /Users/macintosh/Documents/DEVPRO/Back/node_modules/@nestjs/core/router/router-execution-context.js:47:62
    at async /Users/macintosh/Documents/DEVPRO/Back/node_modules/@nestjs/core/router/router-proxy.js:9:17
2026-07-28 17:02:16 [error]: QueryFailedError: Unknown column 'p.box_unit_name' in 'SELECT'
    at MysqlQueryRunner.query (/Users/macintosh/Documents/DEVPRO/Back/src/driver/mysql/MysqlQueryRunner.ts:291:19)
    at process.processTicksAndRejections (node:internal/process/task_queues:103:5)
    at async SelectQueryBuilder.loadRawResults (/Users/macintosh/Documents/DEVPRO/Back/src/query-builder/SelectQueryBuilder.ts:3897:25)
    at async SelectQueryBuilder.executeEntitiesAndRawResults (/Users/macintosh/Documents/DEVPRO/Back/src/query-builder/SelectQueryBuilder.ts:3619:26)
    at async SelectQueryBuilder.getRawAndEntities (/Users/macintosh/Documents/DEVPRO/Back/src/query-builder/SelectQueryBuilder.ts:1676:29)
    at async SelectQueryBuilder.getMany (/Users/macintosh/Documents/DEVPRO/Back/src/query-builder/SelectQueryBuilder.ts:1766:25)
    at async /Users/macintosh/Documents/DEVPRO/Back/node_modules/@nestjs/core/router/router-execution-context.js:47:62
    at async /Users/macintosh/Documents/DEVPRO/Back/node_modules/@nestjs/core/router/router-proxy.js:9:17
2026-07-28 17:03:16 [error]: QueryFailedError: Unknown column 'p.box_unit_name' in 'SELECT'
    at MysqlQueryRunner.query (/Users/macintosh/Documents/DEVPRO/Back/src/driver/mysql/MysqlQueryRunner.ts:291:19)
    at process.processTicksAndRejections (node:internal/process/task_queues:103:5)
    at async SelectQueryBuilder.loadRawResults (/Users/macintosh/Documents/DEVPRO/Back/src/query-builder/SelectQueryBuilder.ts:3897:25)
    at async SelectQueryBuilder.executeEntitiesAndRawResults (/Users/macintosh/Documents/DEVPRO/Back/src/query-builder/SelectQueryBuilder.ts:3619:26)
    at async SelectQueryBuilder.getRawAndEntities (/Users/macintosh/Documents/DEVPRO/Back/src/query-builder/SelectQueryBuilder.ts:1676:29)
    at async SelectQueryBuilder.getMany (/Users/macintosh/Documents/DEVPRO/Back/src/query-builder/SelectQueryBuilder.ts:1766:25)
    at async /Users/macintosh/Documents/DEVPRO/Back/node_modules/@nestjs/core/router/router-execution-context.js:47:62
    at async /Users/macintosh/Documents/DEVPRO/Back/node_modules/@nestjs/core/router/router-proxy.js:9:17
2026-07-28 17:04:16 [error]: QueryFailedError: Unknown column 'p.box_unit_name' in 'SELECT'
    at MysqlQueryRunner.query (/Users/macintosh/Documents/DEVPRO/Back/src/driver/mysql/MysqlQueryRunner.ts:291:19)
    at process.processTicksAndRejections (node:internal/process/task_queues:103:5)
    at async SelectQueryBuilder.loadRawResults (/Users/macintosh/Documents/DEVPRO/Back/src/query-builder/SelectQueryBuilder.ts:3897:25)
    at async SelectQueryBuilder.executeEntitiesAndRawResults (/Users/macintosh/Documents/DEVPRO/Back/src/query-builder/SelectQueryBuilder.ts:3619:26)
    at async SelectQueryBuilder.getRawAndEntities (/Users/macintosh/Documents/DEVPRO/Back/src/query-builder/SelectQueryBuilder.ts:1676:29)
    at async SelectQueryBuilder.getMany (/Users/macintosh/Documents/DEVPRO/Back/src/query-builder/SelectQueryBuilder.ts:1766:25)
    at async /Users/macintosh/Documents/DEVPRO/Back/node_modules/@nestjs/core/router/router-execution-context.js:47:62
    at async /Users/macintosh/Documents/DEVPRO/Back/node_modules/@nestjs/core/router/router-proxy.js:9:17
2026-07-28 17:05:16 [error]: QueryFailedError: Unknown column 'p.box_unit_name' in 'SELECT'
    at MysqlQueryRunner.query (/Users/macintosh/Documents/DEVPRO/Back/src/driver/mysql/MysqlQueryRunner.ts:291:19)
    at process.processTicksAndRejections (node:internal/process/task_queues:103:5)
    at async SelectQueryBuilder.loadRawResults (/Users/macintosh/Documents/DEVPRO/Back/src/query-builder/SelectQueryBuilder.ts:3897:25)
    at async SelectQueryBuilder.executeEntitiesAndRawResults (/Users/macintosh/Documents/DEVPRO/Back/src/query-builder/SelectQueryBuilder.ts:3619:26)
    at async SelectQueryBuilder.getRawAndEntities (/Users/macintosh/Documents/DEVPRO/Back/src/query-builder/SelectQueryBuilder.ts:1676:29)
    at async SelectQueryBuilder.getMany (/Users/macintosh/Documents/DEVPRO/Back/src/query-builder/SelectQueryBuilder.ts:1766:25)
    at async /Users/macintosh/Documents/DEVPRO/Back/node_modules/@nestjs/core/router/router-execution-context.js:47:62
    at async /Users/macintosh/Documents/DEVPRO/Back/node_modules/@nestjs/core/router/router-proxy.js:9:17
2026-07-28 17:06:16 [error]: QueryFailedError: Unknown column 'p.box_unit_name' in 'SELECT'
    at MysqlQueryRunner.query (/Users/macintosh/Documents/DEVPRO/Back/src/driver/mysql/MysqlQueryRunner.ts:291:19)
    at process.processTicksAndRejections (node:internal/process/task_queues:103:5)
    at async SelectQueryBuilder.loadRawResults (/Users/macintosh/Documents/DEVPRO/Back/src/query-builder/SelectQueryBuilder.ts:3897:25)
    at async SelectQueryBuilder.executeEntitiesAndRawResults (/Users/macintosh/Documents/DEVPRO/Back/src/query-builder/SelectQueryBuilder.ts:3619:26)
    at async SelectQueryBuilder.getRawAndEntities (/Users/macintosh/Documents/DEVPRO/Back/src/query-builder/SelectQueryBuilder.ts:1676:29)
    at async SelectQueryBuilder.getMany (/Users/macintosh/Documents/DEVPRO/Back/src/query-builder/SelectQueryBuilder.ts:1766:25)
    at async /Users/macintosh/Documents/DEVPRO/Back/node_modules/@nestjs/core/router/router-execution-context.js:47:62
    at async /Users/macintosh/Documents/DEVPRO/Back/node_modules/@nestjs/core/router/router-proxy.js:9:17
2026-07-28 17:07:16 [error]: QueryFailedError: Unknown column 'p.box_unit_name' in 'SELECT'
    at MysqlQueryRunner.query (/Users/macintosh/Documents/DEVPRO/Back/src/driver/mysql/MysqlQueryRunner.ts:291:19)
    at process.processTicksAndRejections (node:internal/process/task_queues:103:5)
    at async SelectQueryBuilder.loadRawResults (/Users/macintosh/Documents/DEVPRO/Back/src/query-builder/SelectQueryBuilder.ts:3897:25)
    at async SelectQueryBuilder.executeEntitiesAndRawResults (/Users/macintosh/Documents/DEVPRO/Back/src/query-builder/SelectQueryBuilder.ts:3619:26)
    at async SelectQueryBuilder.getRawAndEntities (/Users/macintosh/Documents/DEVPRO/Back/src/query-builder/SelectQueryBuilder.ts:1676:29)
    at async SelectQueryBuilder.getMany (/Users/macintosh/Documents/DEVPRO/Back/src/query-builder/SelectQueryBuilder.ts:1766:25)
    at async /Users/macintosh/Documents/DEVPRO/Back/node_modules/@nestjs/core/router/router-execution-context.js:47:62
    at async /Users/macintosh/Documents/DEVPRO/Back/node_modules/@nestjs/core/router/router-proxy.js:9:17
2026-07-28 17:08:16 [error]: QueryFailedError: Unknown column 'p.box_unit_name' in 'SELECT'
    at MysqlQueryRunner.query (/Users/macintosh/Documents/DEVPRO/Back/src/driver/mysql/MysqlQueryRunner.ts:291:19)
    at process.processTicksAndRejections (node:internal/process/task_queues:103:5)
    at async SelectQueryBuilder.loadRawResults (/Users/macintosh/Documents/DEVPRO/Back/src/query-builder/SelectQueryBuilder.ts:3897:25)
    at async SelectQueryBuilder.executeEntitiesAndRawResults (/Users/macintosh/Documents/DEVPRO/Back/src/query-builder/SelectQueryBuilder.ts:3619:26)
    at async SelectQueryBuilder.getRawAndEntities (/Users/macintosh/Documents/DEVPRO/Back/src/query-builder/SelectQueryBuilder.ts:1676:29)
    at async SelectQueryBuilder.getMany (/Users/macintosh/Documents/DEVPRO/Back/src/query-builder/SelectQueryBuilder.ts:1766:25)
    at async /Users/macintosh/Documents/DEVPRO/Back/node_modules/@nestjs/core/router/router-execution-context.js:47:62
    at async /Users/macintosh/Documents/DEVPRO/Back/node_modules/@nestjs/core/router/router-proxy.js:9:17
2026-07-28 17:09:16 [error]: QueryFailedError: Unknown column 'p.box_unit_name' in 'SELECT'
    at MysqlQueryRunner.query (/Users/macintosh/Documents/DEVPRO/Back/src/driver/mysql/MysqlQueryRunner.ts:291:19)
    at process.processTicksAndRejections (node:internal/process/task_queues:103:5)
    at async SelectQueryBuilder.loadRawResults (/Users/macintosh/Documents/DEVPRO/Back/src/query-builder/SelectQueryBuilder.ts:3897:25)
    at async SelectQueryBuilder.executeEntitiesAndRawResults (/Users/macintosh/Documents/DEVPRO/Back/src/query-builder/SelectQueryBuilder.ts:3619:26)
    at async SelectQueryBuilder.getRawAndEntities (/Users/macintosh/Documents/DEVPRO/Back/src/query-builder/SelectQueryBuilder.ts:1676:29)
    at async SelectQueryBuilder.getMany (/Users/macintosh/Documents/DEVPRO/Back/src/query-builder/SelectQueryBuilder.ts:1766:25)
    at async /Users/macintosh/Documents/DEVPRO/Back/node_modules/@nestjs/core/router/router-execution-context.js:47:62
    at async /Users/macintosh/Documents/DEVPRO/Back/node_modules/@nestjs/core/router/router-proxy.js:9:17
2026-07-28 17:10:16 [error]: QueryFailedError: Unknown column 'p.box_unit_name' in 'SELECT'
    at MysqlQueryRunner.query (/Users/macintosh/Documents/DEVPRO/Back/src/driver/mysql/MysqlQueryRunner.ts:291:19)
    at process.processTicksAndRejections (node:internal/process/task_queues:103:5)
    at async SelectQueryBuilder.loadRawResults (/Users/macintosh/Documents/DEVPRO/Back/src/query-builder/SelectQueryBuilder.ts:3897:25)
    at async SelectQueryBuilder.executeEntitiesAndRawResults (/Users/macintosh/Documents/DEVPRO/Back/src/query-builder/SelectQueryBuilder.ts:3619:26)
    at async SelectQueryBuilder.getRawAndEntities (/Users/macintosh/Documents/DEVPRO/Back/src/query-builder/SelectQueryBuilder.ts:1676:29)
    at async SelectQueryBuilder.getMany (/Users/macintosh/Documents/DEVPRO/Back/src/query-builder/SelectQueryBuilder.ts:1766:25)
    at async /Users/macintosh/Documents/DEVPRO/Back/node_modules/@nestjs/core/router/router-execution-context.js:47:62
    at async /Users/macintosh/Documents/DEVPRO/Back/node_modules/@nestjs/core/router/router-proxy.js:9:17
2026-07-28 17:11:16 [error]: QueryFailedError: Unknown column 'p.box_unit_name' in 'SELECT'
    at MysqlQueryRunner.query (/Users/macintosh/Documents/DEVPRO/Back/src/driver/mysql/MysqlQueryRunner.ts:291:19)
    at process.processTicksAndRejections (node:internal/process/task_queues:103:5)
    at async SelectQueryBuilder.loadRawResults (/Users/macintosh/Documents/DEVPRO/Back/src/query-builder/SelectQueryBuilder.ts:3897:25)
    at async SelectQueryBuilder.executeEntitiesAndRawResults (/Users/macintosh/Documents/DEVPRO/Back/src/query-builder/SelectQueryBuilder.ts:3619:26)
    at async SelectQueryBuilder.getRawAndEntities (/Users/macintosh/Documents/DEVPRO/Back/src/query-builder/SelectQueryBuilder.ts:1676:29)
    at async SelectQueryBuilder.getMany (/Users/macintosh/Documents/DEVPRO/Back/src/query-builder/SelectQueryBuilder.ts:1766:25)
    at async /Users/macintosh/Documents/DEVPRO/Back/node_modules/@nestjs/core/router/router-execution-context.js:47:62
    at async /Users/macintosh/Documents/DEVPRO/Back/node_modules/@nestjs/core/router/router-proxy.js:9:17
2026-07-28 17:12:16 [error]: QueryFailedError: Unknown column 'p.box_unit_name' in 'SELECT'
    at MysqlQueryRunner.query (/Users/macintosh/Documents/DEVPRO/Back/src/driver/mysql/MysqlQueryRunner.ts:291:19)
    at process.processTicksAndRejections (node:internal/process/task_queues:103:5)
    at async SelectQueryBuilder.loadRawResults (/Users/macintosh/Documents/DEVPRO/Back/src/query-builder/SelectQueryBuilder.ts:3897:25)
    at async SelectQueryBuilder.executeEntitiesAndRawResults (/Users/macintosh/Documents/DEVPRO/Back/src/query-builder/SelectQueryBuilder.ts:3619:26)
    at async SelectQueryBuilder.getRawAndEntities (/Users/macintosh/Documents/DEVPRO/Back/src/query-builder/SelectQueryBuilder.ts:1676:29)
    at async SelectQueryBuilder.getMany (/Users/macintosh/Documents/DEVPRO/Back/src/query-builder/SelectQueryBuilder.ts:1766:25)
    at async /Users/macintosh/Documents/DEVPRO/Back/node_modules/@nestjs/core/router/router-execution-context.js:47:62
    at async /Users/macintosh/Documents/DEVPRO/Back/node_modules/@nestjs/core/router/router-proxy.js:9:17
2026-07-28 17:13:16 [error]: QueryFailedError: Unknown column 'p.box_unit_name' in 'SELECT'
    at MysqlQueryRunner.query (/Users/macintosh/Documents/DEVPRO/Back/src/driver/mysql/MysqlQueryRunner.ts:291:19)
    at process.processTicksAndRejections (node:internal/process/task_queues:103:5)
    at async SelectQueryBuilder.loadRawResults (/Users/macintosh/Documents/DEVPRO/Back/src/query-builder/SelectQueryBuilder.ts:3897:25)
    at async SelectQueryBuilder.executeEntitiesAndRawResults (/Users/macintosh/Documents/DEVPRO/Back/src/query-builder/SelectQueryBuilder.ts:3619:26)
    at async SelectQueryBuilder.getRawAndEntities (/Users/macintosh/Documents/DEVPRO/Back/src/query-builder/SelectQueryBuilder.ts:1676:29)
    at async SelectQueryBuilder.getMany (/Users/macintosh/Documents/DEVPRO/Back/src/query-builder/SelectQueryBuilder.ts:1766:25)
    at async /Users/macintosh/Documents/DEVPRO/Back/node_modules/@nestjs/core/router/router-execution-context.js:47:62
    at async /Users/macintosh/Documents/DEVPRO/Back/node_modules/@nestjs/core/router/router-proxy.js:9:17
2026-07-28 17:14:16 [error]: QueryFailedError: Unknown column 'p.box_unit_name' in 'SELECT'
    at MysqlQueryRunner.query (/Users/macintosh/Documents/DEVPRO/Back/src/driver/mysql/MysqlQueryRunner.ts:291:19)
    at process.processTicksAndRejections (node:internal/process/task_queues:103:5)
    at async SelectQueryBuilder.loadRawResults (/Users/macintosh/Documents/DEVPRO/Back/src/query-builder/SelectQueryBuilder.ts:3897:25)
    at async SelectQueryBuilder.executeEntitiesAndRawResults (/Users/macintosh/Documents/DEVPRO/Back/src/query-builder/SelectQueryBuilder.ts:3619:26)
    at async SelectQueryBuilder.getRawAndEntities (/Users/macintosh/Documents/DEVPRO/Back/src/query-builder/SelectQueryBuilder.ts:1676:29)
    at async SelectQueryBuilder.getMany (/Users/macintosh/Documents/DEVPRO/Back/src/query-builder/SelectQueryBuilder.ts:1766:25)
    at async /Users/macintosh/Documents/DEVPRO/Back/node_modules/@nestjs/core/router/router-execution-context.js:47:62
    at async /Users/macintosh/Documents/DEVPRO/Back/node_modules/@nestjs/core/router/router-proxy.js:9:17
2026-07-28 17:15:16 [error]: QueryFailedError: Unknown column 'p.box_unit_name' in 'SELECT'
    at MysqlQueryRunner.query (/Users/macintosh/Documents/DEVPRO/Back/src/driver/mysql/MysqlQueryRunner.ts:291:19)
    at process.processTicksAndRejections (node:internal/process/task_queues:103:5)
    at async SelectQueryBuilder.loadRawResults (/Users/macintosh/Documents/DEVPRO/Back/src/query-builder/SelectQueryBuilder.ts:3897:25)
    at async SelectQueryBuilder.executeEntitiesAndRawResults (/Users/macintosh/Documents/DEVPRO/Back/src/query-builder/SelectQueryBuilder.ts:3619:26)
    at async SelectQueryBuilder.getRawAndEntities (/Users/macintosh/Documents/DEVPRO/Back/src/query-builder/SelectQueryBuilder.ts:1676:29)
    at async SelectQueryBuilder.getMany (/Users/macintosh/Documents/DEVPRO/Back/src/query-builder/SelectQueryBuilder.ts:1766:25)
    at async /Users/macintosh/Documents/DEVPRO/Back/node_modules/@nestjs/core/router/router-execution-context.js:47:62
    at async /Users/macintosh/Documents/DEVPRO/Back/node_modules/@nestjs/core/router/router-proxy.js:9:17
2026-07-28 17:16:16 [error]: QueryFailedError: Unknown column 'p.box_unit_name' in 'SELECT'
    at MysqlQueryRunner.query (/Users/macintosh/Documents/DEVPRO/Back/src/driver/mysql/MysqlQueryRunner.ts:291:19)
    at process.processTicksAndRejections (node:internal/process/task_queues:103:5)
    at async SelectQueryBuilder.loadRawResults (/Users/macintosh/Documents/DEVPRO/Back/src/query-builder/SelectQueryBuilder.ts:3897:25)
    at async SelectQueryBuilder.executeEntitiesAndRawResults (/Users/macintosh/Documents/DEVPRO/Back/src/query-builder/SelectQueryBuilder.ts:3619:26)
    at async SelectQueryBuilder.getRawAndEntities (/Users/macintosh/Documents/DEVPRO/Back/src/query-builder/SelectQueryBuilder.ts:1676:29)
    at async SelectQueryBuilder.getMany (/Users/macintosh/Documents/DEVPRO/Back/src/query-builder/SelectQueryBuilder.ts:1766:25)
    at async /Users/macintosh/Documents/DEVPRO/Back/node_modules/@nestjs/core/router/router-execution-context.js:47:62
    at async /Users/macintosh/Documents/DEVPRO/Back/node_modules/@nestjs/core/router/router-proxy.js:9:17
2026-07-28 17:17:16 [error]: QueryFailedError: Unknown column 'p.box_unit_name' in 'SELECT'
    at MysqlQueryRunner.query (/Users/macintosh/Documents/DEVPRO/Back/src/driver/mysql/MysqlQueryRunner.ts:291:19)
    at process.processTicksAndRejections (node:internal/process/task_queues:103:5)
    at async SelectQueryBuilder.loadRawResults (/Users/macintosh/Documents/DEVPRO/Back/src/query-builder/SelectQueryBuilder.ts:3897:25)
    at async SelectQueryBuilder.executeEntitiesAndRawResults (/Users/macintosh/Documents/DEVPRO/Back/src/query-builder/SelectQueryBuilder.ts:3619:26)
    at async SelectQueryBuilder.getRawAndEntities (/Users/macintosh/Documents/DEVPRO/Back/src/query-builder/SelectQueryBuilder.ts:1676:29)
    at async SelectQueryBuilder.getMany (/Users/macintosh/Documents/DEVPRO/Back/src/query-builder/SelectQueryBuilder.ts:1766:25)
    at async /Users/macintosh/Documents/DEVPRO/Back/node_modules/@nestjs/core/router/router-execution-context.js:47:62
    at async /Users/macintosh/Documents/DEVPRO/Back/node_modules/@nestjs/core/router/router-proxy.js:9:17
2026-07-28 17:18:16 [error]: QueryFailedError: Unknown column 'p.box_unit_name' in 'SELECT'
    at MysqlQueryRunner.query (/Users/macintosh/Documents/DEVPRO/Back/src/driver/mysql/MysqlQueryRunner.ts:291:19)
    at process.processTicksAndRejections (node:internal/process/task_queues:103:5)
    at async SelectQueryBuilder.loadRawResults (/Users/macintosh/Documents/DEVPRO/Back/src/query-builder/SelectQueryBuilder.ts:3897:25)
    at async SelectQueryBuilder.executeEntitiesAndRawResults (/Users/macintosh/Documents/DEVPRO/Back/src/query-builder/SelectQueryBuilder.ts:3619:26)
    at async SelectQueryBuilder.getRawAndEntities (/Users/macintosh/Documents/DEVPRO/Back/src/query-builder/SelectQueryBuilder.ts:1676:29)
    at async SelectQueryBuilder.getMany (/Users/macintosh/Documents/DEVPRO/Back/src/query-builder/SelectQueryBuilder.ts:1766:25)
    at async /Users/macintosh/Documents/DEVPRO/Back/node_modules/@nestjs/core/router/router-execution-context.js:47:62
    at async /Users/macintosh/Documents/DEVPRO/Back/node_modules/@nestjs/core/router/router-proxy.js:9:17
2026-07-28 17:19:16 [error]: QueryFailedError: Unknown column 'p.box_unit_name' in 'SELECT'
    at MysqlQueryRunner.query (/Users/macintosh/Documents/DEVPRO/Back/src/driver/mysql/MysqlQueryRunner.ts:291:19)
    at process.processTicksAndRejections (node:internal/process/task_queues:103:5)
    at async SelectQueryBuilder.loadRawResults (/Users/macintosh/Documents/DEVPRO/Back/src/query-builder/SelectQueryBuilder.ts:3897:25)
    at async SelectQueryBuilder.executeEntitiesAndRawResults (/Users/macintosh/Documents/DEVPRO/Back/src/query-builder/SelectQueryBuilder.ts:3619:26)
    at async SelectQueryBuilder.getRawAndEntities (/Users/macintosh/Documents/DEVPRO/Back/src/query-builder/SelectQueryBuilder.ts:1676:29)
    at async SelectQueryBuilder.getMany (/Users/macintosh/Documents/DEVPRO/Back/src/query-builder/SelectQueryBuilder.ts:1766:25)
    at async /Users/macintosh/Documents/DEVPRO/Back/node_modules/@nestjs/core/router/router-execution-context.js:47:62
    at async /Users/macintosh/Documents/DEVPRO/Back/node_modules/@nestjs/core/router/router-proxy.js:9:17
2026-07-28 17:20:16 [error]: QueryFailedError: Unknown column 'p.box_unit_name' in 'SELECT'
    at MysqlQueryRunner.query (/Users/macintosh/Documents/DEVPRO/Back/src/driver/mysql/MysqlQueryRunner.ts:291:19)
    at process.processTicksAndRejections (node:internal/process/task_queues:103:5)
    at async SelectQueryBuilder.loadRawResults (/Users/macintosh/Documents/DEVPRO/Back/src/query-builder/SelectQueryBuilder.ts:3897:25)
    at async SelectQueryBuilder.executeEntitiesAndRawResults (/Users/macintosh/Documents/DEVPRO/Back/src/query-builder/SelectQueryBuilder.ts:3619:26)
    at async SelectQueryBuilder.getRawAndEntities (/Users/macintosh/Documents/DEVPRO/Back/src/query-builder/SelectQueryBuilder.ts:1676:29)
    at async SelectQueryBuilder.getMany (/Users/macintosh/Documents/DEVPRO/Back/src/query-builder/SelectQueryBuilder.ts:1766:25)
    at async /Users/macintosh/Documents/DEVPRO/Back/node_modules/@nestjs/core/router/router-execution-context.js:47:62
    at async /Users/macintosh/Documents/DEVPRO/Back/node_modules/@nestjs/core/router/router-proxy.js:9:17
2026-07-28 17:21:16 [error]: QueryFailedError: Unknown column 'p.box_unit_name' in 'SELECT'
    at MysqlQueryRunner.query (/Users/macintosh/Documents/DEVPRO/Back/src/driver/mysql/MysqlQueryRunner.ts:291:19)
    at process.processTicksAndRejections (node:internal/process/task_queues:103:5)
    at async SelectQueryBuilder.loadRawResults (/Users/macintosh/Documents/DEVPRO/Back/src/query-builder/SelectQueryBuilder.ts:3897:25)
    at async SelectQueryBuilder.executeEntitiesAndRawResults (/Users/macintosh/Documents/DEVPRO/Back/src/query-builder/SelectQueryBuilder.ts:3619:26)
    at async SelectQueryBuilder.getRawAndEntities (/Users/macintosh/Documents/DEVPRO/Back/src/query-builder/SelectQueryBuilder.ts:1676:29)
    at async SelectQueryBuilder.getMany (/Users/macintosh/Documents/DEVPRO/Back/src/query-builder/SelectQueryBuilder.ts:1766:25)
    at async /Users/macintosh/Documents/DEVPRO/Back/node_modules/@nestjs/core/router/router-execution-context.js:47:62
    at async /Users/macintosh/Documents/DEVPRO/Back/node_modules/@nestjs/core/router/router-proxy.js:9:17
2026-07-28 17:22:16 [error]: QueryFailedError: Unknown column 'p.box_unit_name' in 'SELECT'
    at MysqlQueryRunner.query (/Users/macintosh/Documents/DEVPRO/Back/src/driver/mysql/MysqlQueryRunner.ts:291:19)
    at process.processTicksAndRejections (node:internal/process/task_queues:103:5)
    at async SelectQueryBuilder.loadRawResults (/Users/macintosh/Documents/DEVPRO/Back/src/query-builder/SelectQueryBuilder.ts:3897:25)
    at async SelectQueryBuilder.executeEntitiesAndRawResults (/Users/macintosh/Documents/DEVPRO/Back/src/query-builder/SelectQueryBuilder.ts:3619:26)
    at async SelectQueryBuilder.getRawAndEntities (/Users/macintosh/Documents/DEVPRO/Back/src/query-builder/SelectQueryBuilder.ts:1676:29)
    at async SelectQueryBuilder.getMany (/Users/macintosh/Documents/DEVPRO/Back/src/query-builder/SelectQueryBuilder.ts:1766:25)
    at async /Users/macintosh/Documents/DEVPRO/Back/node_modules/@nestjs/core/router/router-execution-context.js:47:62
    at async /Users/macintosh/Documents/DEVPRO/Back/node_modules/@nestjs/core/router/router-proxy.js:9:17
2026-07-28 17:23:16 [error]: QueryFailedError: Unknown column 'p.box_unit_name' in 'SELECT'
    at MysqlQueryRunner.query (/Users/macintosh/Documents/DEVPRO/Back/src/driver/mysql/MysqlQueryRunner.ts:291:19)
    at process.processTicksAndRejections (node:internal/process/task_queues:103:5)
    at async SelectQueryBuilder.loadRawResults (/Users/macintosh/Documents/DEVPRO/Back/src/query-builder/SelectQueryBuilder.ts:3897:25)
    at async SelectQueryBuilder.executeEntitiesAndRawResults (/Users/macintosh/Documents/DEVPRO/Back/src/query-builder/SelectQueryBuilder.ts:3619:26)
    at async SelectQueryBuilder.getRawAndEntities (/Users/macintosh/Documents/DEVPRO/Back/src/query-builder/SelectQueryBuilder.ts:1676:29)
    at async SelectQueryBuilder.getMany (/Users/macintosh/Documents/DEVPRO/Back/src/query-builder/SelectQueryBuilder.ts:1766:25)
    at async /Users/macintosh/Documents/DEVPRO/Back/node_modules/@nestjs/core/router/router-execution-context.js:47:62
    at async /Users/macintosh/Documents/DEVPRO/Back/node_modules/@nestjs/core/router/router-proxy.js:9:17
2026-07-28 17:24:16 [error]: QueryFailedError: Unknown column 'p.box_unit_name' in 'SELECT'
    at MysqlQueryRunner.query (/Users/macintosh/Documents/DEVPRO/Back/src/driver/mysql/MysqlQueryRunner.ts:291:19)
    at process.processTicksAndRejections (node:internal/process/task_queues:103:5)
    at async SelectQueryBuilder.loadRawResults (/Users/macintosh/Documents/DEVPRO/Back/src/query-builder/SelectQueryBuilder.ts:3897:25)
    at async SelectQueryBuilder.executeEntitiesAndRawResults (/Users/macintosh/Documents/DEVPRO/Back/src/query-builder/SelectQueryBuilder.ts:3619:26)
    at async SelectQueryBuilder.getRawAndEntities (/Users/macintosh/Documents/DEVPRO/Back/src/query-builder/SelectQueryBuilder.ts:1676:29)
    at async SelectQueryBuilder.getMany (/Users/macintosh/Documents/DEVPRO/Back/src/query-builder/SelectQueryBuilder.ts:1766:25)
    at async /Users/macintosh/Documents/DEVPRO/Back/node_modules/@nestjs/core/router/router-execution-context.js:47:62
    at async /Users/macintosh/Documents/DEVPRO/Back/node_modules/@nestjs/core/router/router-proxy.js:9:17
2026-07-28 17:25:16 [error]: QueryFailedError: Unknown column 'p.box_unit_name' in 'SELECT'
    at MysqlQueryRunner.query (/Users/macintosh/Documents/DEVPRO/Back/src/driver/mysql/MysqlQueryRunner.ts:291:19)
    at process.processTicksAndRejections (node:internal/process/task_queues:103:5)
    at async SelectQueryBuilder.loadRawResults (/Users/macintosh/Documents/DEVPRO/Back/src/query-builder/SelectQueryBuilder.ts:3897:25)
    at async SelectQueryBuilder.executeEntitiesAndRawResults (/Users/macintosh/Documents/DEVPRO/Back/src/query-builder/SelectQueryBuilder.ts:3619:26)
    at async SelectQueryBuilder.getRawAndEntities (/Users/macintosh/Documents/DEVPRO/Back/src/query-builder/SelectQueryBuilder.ts:1676:29)
    at async SelectQueryBuilder.getMany (/Users/macintosh/Documents/DEVPRO/Back/src/query-builder/SelectQueryBuilder.ts:1766:25)
    at async /Users/macintosh/Documents/DEVPRO/Back/node_modules/@nestjs/core/router/router-execution-context.js:47:62
    at async /Users/macintosh/Documents/DEVPRO/Back/node_modules/@nestjs/core/router/router-proxy.js:9:17
2026-07-28 17:26:16 [error]: QueryFailedError: Unknown column 'p.box_unit_name' in 'SELECT'
    at MysqlQueryRunner.query (/Users/macintosh/Documents/DEVPRO/Back/src/driver/mysql/MysqlQueryRunner.ts:291:19)
    at process.processTicksAndRejections (node:internal/process/task_queues:103:5)
    at async SelectQueryBuilder.loadRawResults (/Users/macintosh/Documents/DEVPRO/Back/src/query-builder/SelectQueryBuilder.ts:3897:25)
    at async SelectQueryBuilder.executeEntitiesAndRawResults (/Users/macintosh/Documents/DEVPRO/Back/src/query-builder/SelectQueryBuilder.ts:3619:26)
    at async SelectQueryBuilder.getRawAndEntities (/Users/macintosh/Documents/DEVPRO/Back/src/query-builder/SelectQueryBuilder.ts:1676:29)
    at async SelectQueryBuilder.getMany (/Users/macintosh/Documents/DEVPRO/Back/src/query-builder/SelectQueryBuilder.ts:1766:25)
    at async /Users/macintosh/Documents/DEVPRO/Back/node_modules/@nestjs/core/router/router-execution-context.js:47:62
    at async /Users/macintosh/Documents/DEVPRO/Back/node_modules/@nestjs/core/router/router-proxy.js:9:17
2026-07-28 17:27:16 [error]: QueryFailedError: Unknown column 'p.box_unit_name' in 'SELECT'
    at MysqlQueryRunner.query (/Users/macintosh/Documents/DEVPRO/Back/src/driver/mysql/MysqlQueryRunner.ts:291:19)
    at process.processTicksAndRejections (node:internal/process/task_queues:103:5)
    at async SelectQueryBuilder.loadRawResults (/Users/macintosh/Documents/DEVPRO/Back/src/query-builder/SelectQueryBuilder.ts:3897:25)
    at async SelectQueryBuilder.executeEntitiesAndRawResults (/Users/macintosh/Documents/DEVPRO/Back/src/query-builder/SelectQueryBuilder.ts:3619:26)
    at async SelectQueryBuilder.getRawAndEntities (/Users/macintosh/Documents/DEVPRO/Back/src/query-builder/SelectQueryBuilder.ts:1676:29)
    at async SelectQueryBuilder.getMany (/Users/macintosh/Documents/DEVPRO/Back/src/query-builder/SelectQueryBuilder.ts:1766:25)
    at async /Users/macintosh/Documents/DEVPRO/Back/node_modules/@nestjs/core/router/router-execution-context.js:47:62
    at async /Users/macintosh/Documents/DEVPRO/Back/node_modules/@nestjs/core/router/router-proxy.js:9:17
2026-07-28 17:28:16 [error]: QueryFailedError: Unknown column 'p.box_unit_name' in 'SELECT'
    at MysqlQueryRunner.query (/Users/macintosh/Documents/DEVPRO/Back/src/driver/mysql/MysqlQueryRunner.ts:291:19)
    at process.processTicksAndRejections (node:internal/process/task_queues:103:5)
    at async SelectQueryBuilder.loadRawResults (/Users/macintosh/Documents/DEVPRO/Back/src/query-builder/SelectQueryBuilder.ts:3897:25)
    at async SelectQueryBuilder.executeEntitiesAndRawResults (/Users/macintosh/Documents/DEVPRO/Back/src/query-builder/SelectQueryBuilder.ts:3619:26)
    at async SelectQueryBuilder.getRawAndEntities (/Users/macintosh/Documents/DEVPRO/Back/src/query-builder/SelectQueryBuilder.ts:1676:29)
    at async SelectQueryBuilder.getMany (/Users/macintosh/Documents/DEVPRO/Back/src/query-builder/SelectQueryBuilder.ts:1766:25)
    at async /Users/macintosh/Documents/DEVPRO/Back/node_modules/@nestjs/core/router/router-execution-context.js:47:62
    at async /Users/macintosh/Documents/DEVPRO/Back/node_modules/@nestjs/core/router/router-proxy.js:9:17
2026-07-28 17:29:16 [error]: QueryFailedError: Unknown column 'p.box_unit_name' in 'SELECT'
    at MysqlQueryRunner.query (/Users/macintosh/Documents/DEVPRO/Back/src/driver/mysql/MysqlQueryRunner.ts:291:19)
    at process.processTicksAndRejections (node:internal/process/task_queues:103:5)
    at async SelectQueryBuilder.loadRawResults (/Users/macintosh/Documents/DEVPRO/Back/src/query-builder/SelectQueryBuilder.ts:3897:25)
    at async SelectQueryBuilder.executeEntitiesAndRawResults (/Users/macintosh/Documents/DEVPRO/Back/src/query-builder/SelectQueryBuilder.ts:3619:26)
    at async SelectQueryBuilder.getRawAndEntities (/Users/macintosh/Documents/DEVPRO/Back/src/query-builder/SelectQueryBuilder.ts:1676:29)
    at async SelectQueryBuilder.getMany (/Users/macintosh/Documents/DEVPRO/Back/src/query-builder/SelectQueryBuilder.ts:1766:25)
    at async /Users/macintosh/Documents/DEVPRO/Back/node_modules/@nestjs/core/router/router-execution-context.js:47:62
    at async /Users/macintosh/Documents/DEVPRO/Back/node_modules/@nestjs/core/router/router-proxy.js:9:17
2026-07-28 17:30:16 [error]: QueryFailedError: Unknown column 'p.box_unit_name' in 'SELECT'
    at MysqlQueryRunner.query (/Users/macintosh/Documents/DEVPRO/Back/src/driver/mysql/MysqlQueryRunner.ts:291:19)
    at process.processTicksAndRejections (node:internal/process/task_queues:103:5)
    at async SelectQueryBuilder.loadRawResults (/Users/macintosh/Documents/DEVPRO/Back/src/query-builder/SelectQueryBuilder.ts:3897:25)
    at async SelectQueryBuilder.executeEntitiesAndRawResults (/Users/macintosh/Documents/DEVPRO/Back/src/query-builder/SelectQueryBuilder.ts:3619:26)
    at async SelectQueryBuilder.getRawAndEntities (/Users/macintosh/Documents/DEVPRO/Back/src/query-builder/SelectQueryBuilder.ts:1676:29)
    at async SelectQueryBuilder.getMany (/Users/macintosh/Documents/DEVPRO/Back/src/query-builder/SelectQueryBuilder.ts:1766:25)
    at async /Users/macintosh/Documents/DEVPRO/Back/node_modules/@nestjs/core/router/router-execution-context.js:47:62
    at async /Users/macintosh/Documents/DEVPRO/Back/node_modules/@nestjs/core/router/router-proxy.js:9:17
2026-07-28 17:31:16 [error]: QueryFailedError: Unknown column 'p.box_unit_name' in 'SELECT'
    at MysqlQueryRunner.query (/Users/macintosh/Documents/DEVPRO/Back/src/driver/mysql/MysqlQueryRunner.ts:291:19)
    at process.processTicksAndRejections (node:internal/process/task_queues:103:5)
    at async SelectQueryBuilder.loadRawResults (/Users/macintosh/Documents/DEVPRO/Back/src/query-builder/SelectQueryBuilder.ts:3897:25)
    at async SelectQueryBuilder.executeEntitiesAndRawResults (/Users/macintosh/Documents/DEVPRO/Back/src/query-builder/SelectQueryBuilder.ts:3619:26)
    at async SelectQueryBuilder.getRawAndEntities (/Users/macintosh/Documents/DEVPRO/Back/src/query-builder/SelectQueryBuilder.ts:1676:29)
    at async SelectQueryBuilder.getMany (/Users/macintosh/Documents/DEVPRO/Back/src/query-builder/SelectQueryBuilder.ts:1766:25)
    at async /Users/macintosh/Documents/DEVPRO/Back/node_modules/@nestjs/core/router/router-execution-context.js:47:62
    at async /Users/macintosh/Documents/DEVPRO/Back/node_modules/@nestjs/core/router/router-proxy.js:9:17
2026-07-28 17:32:16 [error]: QueryFailedError: Unknown column 'p.box_unit_name' in 'SELECT'
    at MysqlQueryRunner.query (/Users/macintosh/Documents/DEVPRO/Back/src/driver/mysql/MysqlQueryRunner.ts:291:19)
    at process.processTicksAndRejections (node:internal/process/task_queues:103:5)
    at async SelectQueryBuilder.loadRawResults (/Users/macintosh/Documents/DEVPRO/Back/src/query-builder/SelectQueryBuilder.ts:3897:25)
    at async SelectQueryBuilder.executeEntitiesAndRawResults (/Users/macintosh/Documents/DEVPRO/Back/src/query-builder/SelectQueryBuilder.ts:3619:26)
    at async SelectQueryBuilder.getRawAndEntities (/Users/macintosh/Documents/DEVPRO/Back/src/query-builder/SelectQueryBuilder.ts:1676:29)
    at async SelectQueryBuilder.getMany (/Users/macintosh/Documents/DEVPRO/Back/src/query-builder/SelectQueryBuilder.ts:1766:25)
    at async /Users/macintosh/Documents/DEVPRO/Back/node_modules/@nestjs/core/router/router-execution-context.js:47:62
    at async /Users/macintosh/Documents/DEVPRO/Back/node_modules/@nestjs/core/router/router-proxy.js:9:17
2026-07-28 17:33:16 [error]: QueryFailedError: Unknown column 'p.box_unit_name' in 'SELECT'
    at MysqlQueryRunner.query (/Users/macintosh/Documents/DEVPRO/Back/src/driver/mysql/MysqlQueryRunner.ts:291:19)
    at process.processTicksAndRejections (node:internal/process/task_queues:103:5)
    at async SelectQueryBuilder.loadRawResults (/Users/macintosh/Documents/DEVPRO/Back/src/query-builder/SelectQueryBuilder.ts:3897:25)
    at async SelectQueryBuilder.executeEntitiesAndRawResults (/Users/macintosh/Documents/DEVPRO/Back/src/query-builder/SelectQueryBuilder.ts:3619:26)
    at async SelectQueryBuilder.getRawAndEntities (/Users/macintosh/Documents/DEVPRO/Back/src/query-builder/SelectQueryBuilder.ts:1676:29)
    at async SelectQueryBuilder.getMany (/Users/macintosh/Documents/DEVPRO/Back/src/query-builder/SelectQueryBuilder.ts:1766:25)
    at async /Users/macintosh/Documents/DEVPRO/Back/node_modules/@nestjs/core/router/router-execution-context.js:47:62
    at async /Users/macintosh/Documents/DEVPRO/Back/node_modules/@nestjs/core/router/router-proxy.js:9:17
2026-07-28 17:34:16 [error]: QueryFailedError: Unknown column 'p.box_unit_name' in 'SELECT'
    at MysqlQueryRunner.query (/Users/macintosh/Documents/DEVPRO/Back/src/driver/mysql/MysqlQueryRunner.ts:291:19)
    at process.processTicksAndRejections (node:internal/process/task_queues:103:5)
    at async SelectQueryBuilder.loadRawResults (/Users/macintosh/Documents/DEVPRO/Back/src/query-builder/SelectQueryBuilder.ts:3897:25)
    at async SelectQueryBuilder.executeEntitiesAndRawResults (/Users/macintosh/Documents/DEVPRO/Back/src/query-builder/SelectQueryBuilder.ts:3619:26)
    at async SelectQueryBuilder.getRawAndEntities (/Users/macintosh/Documents/DEVPRO/Back/src/query-builder/SelectQueryBuilder.ts:1676:29)
    at async SelectQueryBuilder.getMany (/Users/macintosh/Documents/DEVPRO/Back/src/query-builder/SelectQueryBuilder.ts:1766:25)
    at async /Users/macintosh/Documents/DEVPRO/Back/node_modules/@nestjs/core/router/router-execution-context.js:47:62
    at async /Users/macintosh/Documents/DEVPRO/Back/node_modules/@nestjs/core/router/router-proxy.js:9:17
2026-07-28 17:35:16 [error]: QueryFailedError: Unknown column 'p.box_unit_name' in 'SELECT'
    at MysqlQueryRunner.query (/Users/macintosh/Documents/DEVPRO/Back/src/driver/mysql/MysqlQueryRunner.ts:291:19)
    at process.processTicksAndRejections (node:internal/process/task_queues:103:5)
    at async SelectQueryBuilder.loadRawResults (/Users/macintosh/Documents/DEVPRO/Back/src/query-builder/SelectQueryBuilder.ts:3897:25)
    at async SelectQueryBuilder.executeEntitiesAndRawResults (/Users/macintosh/Documents/DEVPRO/Back/src/query-builder/SelectQueryBuilder.ts:3619:26)
    at async SelectQueryBuilder.getRawAndEntities (/Users/macintosh/Documents/DEVPRO/Back/src/query-builder/SelectQueryBuilder.ts:1676:29)
    at async SelectQueryBuilder.getMany (/Users/macintosh/Documents/DEVPRO/Back/src/query-builder/SelectQueryBuilder.ts:1766:25)
    at async /Users/macintosh/Documents/DEVPRO/Back/node_modules/@nestjs/core/router/router-execution-context.js:47:62
    at async /Users/macintosh/Documents/DEVPRO/Back/node_modules/@nestjs/core/router/router-proxy.js:9:17
2026-07-28 17:36:16 [error]: QueryFailedError: Unknown column 'p.box_unit_name' in 'SELECT'
    at MysqlQueryRunner.query (/Users/macintosh/Documents/DEVPRO/Back/src/driver/mysql/MysqlQueryRunner.ts:291:19)
    at process.processTicksAndRejections (node:internal/process/task_queues:103:5)
    at async SelectQueryBuilder.loadRawResults (/Users/macintosh/Documents/DEVPRO/Back/src/query-builder/SelectQueryBuilder.ts:3897:25)
    at async SelectQueryBuilder.executeEntitiesAndRawResults (/Users/macintosh/Documents/DEVPRO/Back/src/query-builder/SelectQueryBuilder.ts:3619:26)
    at async SelectQueryBuilder.getRawAndEntities (/Users/macintosh/Documents/DEVPRO/Back/src/query-builder/SelectQueryBuilder.ts:1676:29)
    at async SelectQueryBuilder.getMany (/Users/macintosh/Documents/DEVPRO/Back/src/query-builder/SelectQueryBuilder.ts:1766:25)
    at async /Users/macintosh/Documents/DEVPRO/Back/node_modules/@nestjs/core/router/router-execution-context.js:47:62
    at async /Users/macintosh/Documents/DEVPRO/Back/node_modules/@nestjs/core/router/router-proxy.js:9:17
2026-07-28 17:37:16 [error]: QueryFailedError: Unknown column 'p.box_unit_name' in 'SELECT'
    at MysqlQueryRunner.query (/Users/macintosh/Documents/DEVPRO/Back/src/driver/mysql/MysqlQueryRunner.ts:291:19)
    at process.processTicksAndRejections (node:internal/process/task_queues:103:5)
    at async SelectQueryBuilder.loadRawResults (/Users/macintosh/Documents/DEVPRO/Back/src/query-builder/SelectQueryBuilder.ts:3897:25)
    at async SelectQueryBuilder.executeEntitiesAndRawResults (/Users/macintosh/Documents/DEVPRO/Back/src/query-builder/SelectQueryBuilder.ts:3619:26)
    at async SelectQueryBuilder.getRawAndEntities (/Users/macintosh/Documents/DEVPRO/Back/src/query-builder/SelectQueryBuilder.ts:1676:29)
    at async SelectQueryBuilder.getMany (/Users/macintosh/Documents/DEVPRO/Back/src/query-builder/SelectQueryBuilder.ts:1766:25)
    at async /Users/macintosh/Documents/DEVPRO/Back/node_modules/@nestjs/core/router/router-execution-context.js:47:62
    at async /Users/macintosh/Documents/DEVPRO/Back/node_modules/@nestjs/core/router/router-proxy.js:9:17
2026-07-28 17:38:16 [error]: QueryFailedError: Unknown column 'p.box_unit_name' in 'SELECT'
    at MysqlQueryRunner.query (/Users/macintosh/Documents/DEVPRO/Back/src/driver/mysql/MysqlQueryRunner.ts:291:19)
    at process.processTicksAndRejections (node:internal/process/task_queues:103:5)
    at async SelectQueryBuilder.loadRawResults (/Users/macintosh/Documents/DEVPRO/Back/src/query-builder/SelectQueryBuilder.ts:3897:25)
    at async SelectQueryBuilder.executeEntitiesAndRawResults (/Users/macintosh/Documents/DEVPRO/Back/src/query-builder/SelectQueryBuilder.ts:3619:26)
    at async SelectQueryBuilder.getRawAndEntities (/Users/macintosh/Documents/DEVPRO/Back/src/query-builder/SelectQueryBuilder.ts:1676:29)
    at async SelectQueryBuilder.getMany (/Users/macintosh/Documents/DEVPRO/Back/src/query-builder/SelectQueryBuilder.ts:1766:25)
    at async /Users/macintosh/Documents/DEVPRO/Back/node_modules/@nestjs/core/router/router-execution-context.js:47:62
    at async /Users/macintosh/Documents/DEVPRO/Back/node_modules/@nestjs/core/router/router-proxy.js:9:17
2026-07-28 17:39:16 [error]: QueryFailedError: Unknown column 'p.box_unit_name' in 'SELECT'
    at MysqlQueryRunner.query (/Users/macintosh/Documents/DEVPRO/Back/src/driver/mysql/MysqlQueryRunner.ts:291:19)
    at process.processTicksAndRejections (node:internal/process/task_queues:103:5)
    at async SelectQueryBuilder.loadRawResults (/Users/macintosh/Documents/DEVPRO/Back/src/query-builder/SelectQueryBuilder.ts:3897:25)
    at async SelectQueryBuilder.executeEntitiesAndRawResults (/Users/macintosh/Documents/DEVPRO/Back/src/query-builder/SelectQueryBuilder.ts:3619:26)
    at async SelectQueryBuilder.getRawAndEntities (/Users/macintosh/Documents/DEVPRO/Back/src/query-builder/SelectQueryBuilder.ts:1676:29)
    at async SelectQueryBuilder.getMany (/Users/macintosh/Documents/DEVPRO/Back/src/query-builder/SelectQueryBuilder.ts:1766:25)
    at async /Users/macintosh/Documents/DEVPRO/Back/node_modules/@nestjs/core/router/router-execution-context.js:47:62
    at async /Users/macintosh/Documents/DEVPRO/Back/node_modules/@nestjs/core/router/router-proxy.js:9:17
2026-07-28 17:40:16 [error]: QueryFailedError: Unknown column 'p.box_unit_name' in 'SELECT'
    at MysqlQueryRunner.query (/Users/macintosh/Documents/DEVPRO/Back/src/driver/mysql/MysqlQueryRunner.ts:291:19)
    at process.processTicksAndRejections (node:internal/process/task_queues:103:5)
    at async SelectQueryBuilder.loadRawResults (/Users/macintosh/Documents/DEVPRO/Back/src/query-builder/SelectQueryBuilder.ts:3897:25)
    at async SelectQueryBuilder.executeEntitiesAndRawResults (/Users/macintosh/Documents/DEVPRO/Back/src/query-builder/SelectQueryBuilder.ts:3619:26)
    at async SelectQueryBuilder.getRawAndEntities (/Users/macintosh/Documents/DEVPRO/Back/src/query-builder/SelectQueryBuilder.ts:1676:29)
    at async SelectQueryBuilder.getMany (/Users/macintosh/Documents/DEVPRO/Back/src/query-builder/SelectQueryBuilder.ts:1766:25)
    at async /Users/macintosh/Documents/DEVPRO/Back/node_modules/@nestjs/core/router/router-execution-context.js:47:62
    at async /Users/macintosh/Documents/DEVPRO/Back/node_modules/@nestjs/core/router/router-proxy.js:9:17
2026-07-28 17:41:16 [error]: QueryFailedError: Unknown column 'p.box_unit_name' in 'SELECT'
    at MysqlQueryRunner.query (/Users/macintosh/Documents/DEVPRO/Back/src/driver/mysql/MysqlQueryRunner.ts:291:19)
    at process.processTicksAndRejections (node:internal/process/task_queues:103:5)
    at async SelectQueryBuilder.loadRawResults (/Users/macintosh/Documents/DEVPRO/Back/src/query-builder/SelectQueryBuilder.ts:3897:25)
    at async SelectQueryBuilder.executeEntitiesAndRawResults (/Users/macintosh/Documents/DEVPRO/Back/src/query-builder/SelectQueryBuilder.ts:3619:26)
    at async SelectQueryBuilder.getRawAndEntities (/Users/macintosh/Documents/DEVPRO/Back/src/query-builder/SelectQueryBuilder.ts:1676:29)
    at async SelectQueryBuilder.getMany (/Users/macintosh/Documents/DEVPRO/Back/src/query-builder/SelectQueryBuilder.ts:1766:25)
    at async /Users/macintosh/Documents/DEVPRO/Back/node_modules/@nestjs/core/router/router-execution-context.js:47:62
    at async /Users/macintosh/Documents/DEVPRO/Back/node_modules/@nestjs/core/router/router-proxy.js:9:17
2026-07-28 17:42:16 [error]: QueryFailedError: Unknown column 'p.box_unit_name' in 'SELECT'
    at MysqlQueryRunner.query (/Users/macintosh/Documents/DEVPRO/Back/src/driver/mysql/MysqlQueryRunner.ts:291:19)
    at process.processTicksAndRejections (node:internal/process/task_queues:103:5)
    at async SelectQueryBuilder.loadRawResults (/Users/macintosh/Documents/DEVPRO/Back/src/query-builder/SelectQueryBuilder.ts:3897:25)
    at async SelectQueryBuilder.executeEntitiesAndRawResults (/Users/macintosh/Documents/DEVPRO/Back/src/query-builder/SelectQueryBuilder.ts:3619:26)
    at async SelectQueryBuilder.getRawAndEntities (/Users/macintosh/Documents/DEVPRO/Back/src/query-builder/SelectQueryBuilder.ts:1676:29)
    at async SelectQueryBuilder.getMany (/Users/macintosh/Documents/DEVPRO/Back/src/query-builder/SelectQueryBuilder.ts:1766:25)
    at async /Users/macintosh/Documents/DEVPRO/Back/node_modules/@nestjs/core/router/router-execution-context.js:47:62
    at async /Users/macintosh/Documents/DEVPRO/Back/node_modules/@nestjs/core/router/router-proxy.js:9:17
2026-07-28 17:43:16 [error]: QueryFailedError: Unknown column 'p.box_unit_name' in 'SELECT'
    at MysqlQueryRunner.query (/Users/macintosh/Documents/DEVPRO/Back/src/driver/mysql/MysqlQueryRunner.ts:291:19)
    at process.processTicksAndRejections (node:internal/process/task_queues:103:5)
    at async SelectQueryBuilder.loadRawResults (/Users/macintosh/Documents/DEVPRO/Back/src/query-builder/SelectQueryBuilder.ts:3897:25)
    at async SelectQueryBuilder.executeEntitiesAndRawResults (/Users/macintosh/Documents/DEVPRO/Back/src/query-builder/SelectQueryBuilder.ts:3619:26)
    at async SelectQueryBuilder.getRawAndEntities (/Users/macintosh/Documents/DEVPRO/Back/src/query-builder/SelectQueryBuilder.ts:1676:29)
    at async SelectQueryBuilder.getMany (/Users/macintosh/Documents/DEVPRO/Back/src/query-builder/SelectQueryBuilder.ts:1766:25)
    at async /Users/macintosh/Documents/DEVPRO/Back/node_modules/@nestjs/core/router/router-execution-context.js:47:62
    at async /Users/macintosh/Documents/DEVPRO/Back/node_modules/@nestjs/core/router/router-proxy.js:9:17
2026-07-28 17:44:16 [error]: QueryFailedError: Unknown column 'p.box_unit_name' in 'SELECT'
    at MysqlQueryRunner.query (/Users/macintosh/Documents/DEVPRO/Back/src/driver/mysql/MysqlQueryRunner.ts:291:19)
    at process.processTicksAndRejections (node:internal/process/task_queues:103:5)
    at async SelectQueryBuilder.loadRawResults (/Users/macintosh/Documents/DEVPRO/Back/src/query-builder/SelectQueryBuilder.ts:3897:25)
    at async SelectQueryBuilder.executeEntitiesAndRawResults (/Users/macintosh/Documents/DEVPRO/Back/src/query-builder/SelectQueryBuilder.ts:3619:26)
    at async SelectQueryBuilder.getRawAndEntities (/Users/macintosh/Documents/DEVPRO/Back/src/query-builder/SelectQueryBuilder.ts:1676:29)
    at async SelectQueryBuilder.getMany (/Users/macintosh/Documents/DEVPRO/Back/src/query-builder/SelectQueryBuilder.ts:1766:25)
    at async /Users/macintosh/Documents/DEVPRO/Back/node_modules/@nestjs/core/router/router-execution-context.js:47:62
    at async /Users/macintosh/Documents/DEVPRO/Back/node_modules/@nestjs/core/router/router-proxy.js:9:17
2026-07-28 17:45:16 [error]: QueryFailedError: Unknown column 'p.box_unit_name' in 'SELECT'
    at MysqlQueryRunner.query (/Users/macintosh/Documents/DEVPRO/Back/src/driver/mysql/MysqlQueryRunner.ts:291:19)
    at process.processTicksAndRejections (node:internal/process/task_queues:103:5)
    at async SelectQueryBuilder.loadRawResults (/Users/macintosh/Documents/DEVPRO/Back/src/query-builder/SelectQueryBuilder.ts:3897:25)
    at async SelectQueryBuilder.executeEntitiesAndRawResults (/Users/macintosh/Documents/DEVPRO/Back/src/query-builder/SelectQueryBuilder.ts:3619:26)
    at async SelectQueryBuilder.getRawAndEntities (/Users/macintosh/Documents/DEVPRO/Back/src/query-builder/SelectQueryBuilder.ts:1676:29)
    at async SelectQueryBuilder.getMany (/Users/macintosh/Documents/DEVPRO/Back/src/query-builder/SelectQueryBuilder.ts:1766:25)
    at async /Users/macintosh/Documents/DEVPRO/Back/node_modules/@nestjs/core/router/router-execution-context.js:47:62
    at async /Users/macintosh/Documents/DEVPRO/Back/node_modules/@nestjs/core/router/router-proxy.js:9:17
2026-07-28 17:46:16 [error]: QueryFailedError: Unknown column 'p.box_unit_name' in 'SELECT'
    at MysqlQueryRunner.query (/Users/macintosh/Documents/DEVPRO/Back/src/driver/mysql/MysqlQueryRunner.ts:291:19)
    at process.processTicksAndRejections (node:internal/process/task_queues:103:5)
    at async SelectQueryBuilder.loadRawResults (/Users/macintosh/Documents/DEVPRO/Back/src/query-builder/SelectQueryBuilder.ts:3897:25)
    at async SelectQueryBuilder.executeEntitiesAndRawResults (/Users/macintosh/Documents/DEVPRO/Back/src/query-builder/SelectQueryBuilder.ts:3619:26)
    at async SelectQueryBuilder.getRawAndEntities (/Users/macintosh/Documents/DEVPRO/Back/src/query-builder/SelectQueryBuilder.ts:1676:29)
    at async SelectQueryBuilder.getMany (/Users/macintosh/Documents/DEVPRO/Back/src/query-builder/SelectQueryBuilder.ts:1766:25)
    at async /Users/macintosh/Documents/DEVPRO/Back/node_modules/@nestjs/core/router/router-execution-context.js:47:62
    at async /Users/macintosh/Documents/DEVPRO/Back/node_modules/@nestjs/core/router/router-proxy.js:9:17
2026-07-28 17:47:16 [error]: QueryFailedError: Unknown column 'p.box_unit_name' in 'SELECT'
    at MysqlQueryRunner.query (/Users/macintosh/Documents/DEVPRO/Back/src/driver/mysql/MysqlQueryRunner.ts:291:19)
    at process.processTicksAndRejections (node:internal/process/task_queues:103:5)
    at async SelectQueryBuilder.loadRawResults (/Users/macintosh/Documents/DEVPRO/Back/src/query-builder/SelectQueryBuilder.ts:3897:25)
    at async SelectQueryBuilder.executeEntitiesAndRawResults (/Users/macintosh/Documents/DEVPRO/Back/src/query-builder/SelectQueryBuilder.ts:3619:26)
    at async SelectQueryBuilder.getRawAndEntities (/Users/macintosh/Documents/DEVPRO/Back/src/query-builder/SelectQueryBuilder.ts:1676:29)
    at async SelectQueryBuilder.getMany (/Users/macintosh/Documents/DEVPRO/Back/src/query-builder/SelectQueryBuilder.ts:1766:25)
    at async /Users/macintosh/Documents/DEVPRO/Back/node_modules/@nestjs/core/router/router-execution-context.js:47:62
    at async /Users/macintosh/Documents/DEVPRO/Back/node_modules/@nestjs/core/router/router-proxy.js:9:17
2026-07-28 17:48:16 [error]: QueryFailedError: Unknown column 'p.box_unit_name' in 'SELECT'
    at MysqlQueryRunner.query (/Users/macintosh/Documents/DEVPRO/Back/src/driver/mysql/MysqlQueryRunner.ts:291:19)
    at process.processTicksAndRejections (node:internal/process/task_queues:103:5)
    at async SelectQueryBuilder.loadRawResults (/Users/macintosh/Documents/DEVPRO/Back/src/query-builder/SelectQueryBuilder.ts:3897:25)
    at async SelectQueryBuilder.executeEntitiesAndRawResults (/Users/macintosh/Documents/DEVPRO/Back/src/query-builder/SelectQueryBuilder.ts:3619:26)
    at async SelectQueryBuilder.getRawAndEntities (/Users/macintosh/Documents/DEVPRO/Back/src/query-builder/SelectQueryBuilder.ts:1676:29)
    at async SelectQueryBuilder.getMany (/Users/macintosh/Documents/DEVPRO/Back/src/query-builder/SelectQueryBuilder.ts:1766:25)
    at async /Users/macintosh/Documents/DEVPRO/Back/node_modules/@nestjs/core/router/router-execution-context.js:47:62
    at async /Users/macintosh/Documents/DEVPRO/Back/node_modules/@nestjs/core/router/router-proxy.js:9:17
2026-07-28 17:49:16 [error]: QueryFailedError: Unknown column 'p.box_unit_name' in 'SELECT'
    at MysqlQueryRunner.query (/Users/macintosh/Documents/DEVPRO/Back/src/driver/mysql/MysqlQueryRunner.ts:291:19)
    at process.processTicksAndRejections (node:internal/process/task_queues:103:5)
    at async SelectQueryBuilder.loadRawResults (/Users/macintosh/Documents/DEVPRO/Back/src/query-builder/SelectQueryBuilder.ts:3897:25)
    at async SelectQueryBuilder.executeEntitiesAndRawResults (/Users/macintosh/Documents/DEVPRO/Back/src/query-builder/SelectQueryBuilder.ts:3619:26)
    at async SelectQueryBuilder.getRawAndEntities (/Users/macintosh/Documents/DEVPRO/Back/src/query-builder/SelectQueryBuilder.ts:1676:29)
    at async SelectQueryBuilder.getMany (/Users/macintosh/Documents/DEVPRO/Back/src/query-builder/SelectQueryBuilder.ts:1766:25)
    at async /Users/macintosh/Documents/DEVPRO/Back/node_modules/@nestjs/core/router/router-execution-context.js:47:62
    at async /Users/macintosh/Documents/DEVPRO/Back/node_modules/@nestjs/core/router/router-proxy.js:9:17
2026-07-28 17:50:16 [error]: QueryFailedError: Unknown column 'p.box_unit_name' in 'SELECT'
    at MysqlQueryRunner.query (/Users/macintosh/Documents/DEVPRO/Back/src/driver/mysql/MysqlQueryRunner.ts:291:19)
    at process.processTicksAndRejections (node:internal/process/task_queues:103:5)
    at async SelectQueryBuilder.loadRawResults (/Users/macintosh/Documents/DEVPRO/Back/src/query-builder/SelectQueryBuilder.ts:3897:25)
    at async SelectQueryBuilder.executeEntitiesAndRawResults (/Users/macintosh/Documents/DEVPRO/Back/src/query-builder/SelectQueryBuilder.ts:3619:26)
    at async SelectQueryBuilder.getRawAndEntities (/Users/macintosh/Documents/DEVPRO/Back/src/query-builder/SelectQueryBuilder.ts:1676:29)
    at async SelectQueryBuilder.getMany (/Users/macintosh/Documents/DEVPRO/Back/src/query-builder/SelectQueryBuilder.ts:1766:25)
    at async /Users/macintosh/Documents/DEVPRO/Back/node_modules/@nestjs/core/router/router-execution-context.js:47:62
    at async /Users/macintosh/Documents/DEVPRO/Back/node_modules/@nestjs/core/router/router-proxy.js:9:17
2026-07-28 17:51:16 [error]: QueryFailedError: Unknown column 'p.box_unit_name' in 'SELECT'
    at MysqlQueryRunner.query (/Users/macintosh/Documents/DEVPRO/Back/src/driver/mysql/MysqlQueryRunner.ts:291:19)
    at process.processTicksAndRejections (node:internal/process/task_queues:103:5)
    at async SelectQueryBuilder.loadRawResults (/Users/macintosh/Documents/DEVPRO/Back/src/query-builder/SelectQueryBuilder.ts:3897:25)
    at async SelectQueryBuilder.executeEntitiesAndRawResults (/Users/macintosh/Documents/DEVPRO/Back/src/query-builder/SelectQueryBuilder.ts:3619:26)
    at async SelectQueryBuilder.getRawAndEntities (/Users/macintosh/Documents/DEVPRO/Back/src/query-builder/SelectQueryBuilder.ts:1676:29)
    at async SelectQueryBuilder.getMany (/Users/macintosh/Documents/DEVPRO/Back/src/query-builder/SelectQueryBuilder.ts:1766:25)
    at async /Users/macintosh/Documents/DEVPRO/Back/node_modules/@nestjs/core/router/router-execution-context.js:47:62
    at async /Users/macintosh/Documents/DEVPRO/Back/node_modules/@nestjs/core/router/router-proxy.js:9:17
2026-07-28 17:52:16 [error]: QueryFailedError: Unknown column 'p.box_unit_name' in 'SELECT'
    at MysqlQueryRunner.query (/Users/macintosh/Documents/DEVPRO/Back/src/driver/mysql/MysqlQueryRunner.ts:291:19)
    at process.processTicksAndRejections (node:internal/process/task_queues:103:5)
    at async SelectQueryBuilder.loadRawResults (/Users/macintosh/Documents/DEVPRO/Back/src/query-builder/SelectQueryBuilder.ts:3897:25)
    at async SelectQueryBuilder.executeEntitiesAndRawResults (/Users/macintosh/Documents/DEVPRO/Back/src/query-builder/SelectQueryBuilder.ts:3619:26)
    at async SelectQueryBuilder.getRawAndEntities (/Users/macintosh/Documents/DEVPRO/Back/src/query-builder/SelectQueryBuilder.ts:1676:29)
    at async SelectQueryBuilder.getMany (/Users/macintosh/Documents/DEVPRO/Back/src/query-builder/SelectQueryBuilder.ts:1766:25)
    at async /Users/macintosh/Documents/DEVPRO/Back/node_modules/@nestjs/core/router/router-execution-context.js:47:62
    at async /Users/macintosh/Documents/DEVPRO/Back/node_modules/@nestjs/core/router/router-proxy.js:9:17
2026-07-28 17:53:16 [error]: QueryFailedError: Unknown column 'p.box_unit_name' in 'SELECT'
    at MysqlQueryRunner.query (/Users/macintosh/Documents/DEVPRO/Back/src/driver/mysql/MysqlQueryRunner.ts:291:19)
    at process.processTicksAndRejections (node:internal/process/task_queues:103:5)
    at async SelectQueryBuilder.loadRawResults (/Users/macintosh/Documents/DEVPRO/Back/src/query-builder/SelectQueryBuilder.ts:3897:25)
    at async SelectQueryBuilder.executeEntitiesAndRawResults (/Users/macintosh/Documents/DEVPRO/Back/src/query-builder/SelectQueryBuilder.ts:3619:26)
    at async SelectQueryBuilder.getRawAndEntities (/Users/macintosh/Documents/DEVPRO/Back/src/query-builder/SelectQueryBuilder.ts:1676:29)
    at async SelectQueryBuilder.getMany (/Users/macintosh/Documents/DEVPRO/Back/src/query-builder/SelectQueryBuilder.ts:1766:25)
    at async /Users/macintosh/Documents/DEVPRO/Back/node_modules/@nestjs/core/router/router-execution-context.js:47:62
    at async /Users/macintosh/Documents/DEVPRO/Back/node_modules/@nestjs/core/router/router-proxy.js:9:17
2026-07-28 17:54:16 [error]: QueryFailedError: Unknown column 'p.box_unit_name' in 'SELECT'
    at MysqlQueryRunner.query (/Users/macintosh/Documents/DEVPRO/Back/src/driver/mysql/MysqlQueryRunner.ts:291:19)
    at process.processTicksAndRejections (node:internal/process/task_queues:103:5)
    at async SelectQueryBuilder.loadRawResults (/Users/macintosh/Documents/DEVPRO/Back/src/query-builder/SelectQueryBuilder.ts:3897:25)
    at async SelectQueryBuilder.executeEntitiesAndRawResults (/Users/macintosh/Documents/DEVPRO/Back/src/query-builder/SelectQueryBuilder.ts:3619:26)
    at async SelectQueryBuilder.getRawAndEntities (/Users/macintosh/Documents/DEVPRO/Back/src/query-builder/SelectQueryBuilder.ts:1676:29)
    at async SelectQueryBuilder.getMany (/Users/macintosh/Documents/DEVPRO/Back/src/query-builder/SelectQueryBuilder.ts:1766:25)
    at async /Users/macintosh/Documents/DEVPRO/Back/node_modules/@nestjs/core/router/router-execution-context.js:47:62
    at async /Users/macintosh/Documents/DEVPRO/Back/node_modules/@nestjs/core/router/router-proxy.js:9:17
2026-07-28 17:55:16 [error]: QueryFailedError: Unknown column 'p.box_unit_name' in 'SELECT'
    at MysqlQueryRunner.query (/Users/macintosh/Documents/DEVPRO/Back/src/driver/mysql/MysqlQueryRunner.ts:291:19)
    at process.processTicksAndRejections (node:internal/process/task_queues:103:5)
    at async SelectQueryBuilder.loadRawResults (/Users/macintosh/Documents/DEVPRO/Back/src/query-builder/SelectQueryBuilder.ts:3897:25)
    at async SelectQueryBuilder.executeEntitiesAndRawResults (/Users/macintosh/Documents/DEVPRO/Back/src/query-builder/SelectQueryBuilder.ts:3619:26)
    at async SelectQueryBuilder.getRawAndEntities (/Users/macintosh/Documents/DEVPRO/Back/src/query-builder/SelectQueryBuilder.ts:1676:29)
    at async SelectQueryBuilder.getMany (/Users/macintosh/Documents/DEVPRO/Back/src/query-builder/SelectQueryBuilder.ts:1766:25)
    at async /Users/macintosh/Documents/DEVPRO/Back/node_modules/@nestjs/core/router/router-execution-context.js:47:62
    at async /Users/macintosh/Documents/DEVPRO/Back/node_modules/@nestjs/core/router/router-proxy.js:9:17
2026-07-28 17:56:16 [error]: QueryFailedError: Unknown column 'p.box_unit_name' in 'SELECT'
    at MysqlQueryRunner.query (/Users/macintosh/Documents/DEVPRO/Back/src/driver/mysql/MysqlQueryRunner.ts:291:19)
    at process.processTicksAndRejections (node:internal/process/task_queues:103:5)
    at async SelectQueryBuilder.loadRawResults (/Users/macintosh/Documents/DEVPRO/Back/src/query-builder/SelectQueryBuilder.ts:3897:25)
    at async SelectQueryBuilder.executeEntitiesAndRawResults (/Users/macintosh/Documents/DEVPRO/Back/src/query-builder/SelectQueryBuilder.ts:3619:26)
    at async SelectQueryBuilder.getRawAndEntities (/Users/macintosh/Documents/DEVPRO/Back/src/query-builder/SelectQueryBuilder.ts:1676:29)
    at async SelectQueryBuilder.getMany (/Users/macintosh/Documents/DEVPRO/Back/src/query-builder/SelectQueryBuilder.ts:1766:25)
    at async /Users/macintosh/Documents/DEVPRO/Back/node_modules/@nestjs/core/router/router-execution-context.js:47:62
    at async /Users/macintosh/Documents/DEVPRO/Back/node_modules/@nestjs/core/router/router-proxy.js:9:17
2026-07-28 17:57:16 [error]: QueryFailedError: Unknown column 'p.box_unit_name' in 'SELECT'
    at MysqlQueryRunner.query (/Users/macintosh/Documents/DEVPRO/Back/src/driver/mysql/MysqlQueryRunner.ts:291:19)
    at process.processTicksAndRejections (node:internal/process/task_queues:103:5)
    at async SelectQueryBuilder.loadRawResults (/Users/macintosh/Documents/DEVPRO/Back/src/query-builder/SelectQueryBuilder.ts:3897:25)
    at async SelectQueryBuilder.executeEntitiesAndRawResults (/Users/macintosh/Documents/DEVPRO/Back/src/query-builder/SelectQueryBuilder.ts:3619:26)
    at async SelectQueryBuilder.getRawAndEntities (/Users/macintosh/Documents/DEVPRO/Back/src/query-builder/SelectQueryBuilder.ts:1676:29)
    at async SelectQueryBuilder.getMany (/Users/macintosh/Documents/DEVPRO/Back/src/query-builder/SelectQueryBuilder.ts:1766:25)
    at async /Users/macintosh/Documents/DEVPRO/Back/node_modules/@nestjs/core/router/router-execution-context.js:47:62
    at async /Users/macintosh/Documents/DEVPRO/Back/node_modules/@nestjs/core/router/router-proxy.js:9:17
2026-07-28 17:58:16 [error]: QueryFailedError: Unknown column 'p.box_unit_name' in 'SELECT'
    at MysqlQueryRunner.query (/Users/macintosh/Documents/DEVPRO/Back/src/driver/mysql/MysqlQueryRunner.ts:291:19)
    at process.processTicksAndRejections (node:internal/process/task_queues:103:5)
    at async SelectQueryBuilder.loadRawResults (/Users/macintosh/Documents/DEVPRO/Back/src/query-builder/SelectQueryBuilder.ts:3897:25)
    at async SelectQueryBuilder.executeEntitiesAndRawResults (/Users/macintosh/Documents/DEVPRO/Back/src/query-builder/SelectQueryBuilder.ts:3619:26)
    at async SelectQueryBuilder.getRawAndEntities (/Users/macintosh/Documents/DEVPRO/Back/src/query-builder/SelectQueryBuilder.ts:1676:29)
    at async SelectQueryBuilder.getMany (/Users/macintosh/Documents/DEVPRO/Back/src/query-builder/SelectQueryBuilder.ts:1766:25)
    at async /Users/macintosh/Documents/DEVPRO/Back/node_modules/@nestjs/core/router/router-execution-context.js:47:62
    at async /Users/macintosh/Documents/DEVPRO/Back/node_modules/@nestjs/core/router/router-proxy.js:9:17
2026-07-28 17:59:16 [error]: QueryFailedError: Unknown column 'p.box_unit_name' in 'SELECT'
    at MysqlQueryRunner.query (/Users/macintosh/Documents/DEVPRO/Back/src/driver/mysql/MysqlQueryRunner.ts:291:19)
    at process.processTicksAndRejections (node:internal/process/task_queues:103:5)
    at async SelectQueryBuilder.loadRawResults (/Users/macintosh/Documents/DEVPRO/Back/src/query-builder/SelectQueryBuilder.ts:3897:25)
    at async SelectQueryBuilder.executeEntitiesAndRawResults (/Users/macintosh/Documents/DEVPRO/Back/src/query-builder/SelectQueryBuilder.ts:3619:26)
    at async SelectQueryBuilder.getRawAndEntities (/Users/macintosh/Documents/DEVPRO/Back/src/query-builder/SelectQueryBuilder.ts:1676:29)
    at async SelectQueryBuilder.getMany (/Users/macintosh/Documents/DEVPRO/Back/src/query-builder/SelectQueryBuilder.ts:1766:25)
    at async /Users/macintosh/Documents/DEVPRO/Back/node_modules/@nestjs/core/router/router-execution-context.js:47:62
    at async /Users/macintosh/Documents/DEVPRO/Back/node_modules/@nestjs/core/router/router-proxy.js:9:17
2026-07-28 18:00:16 [error]: QueryFailedError: Unknown column 'p.box_unit_name' in 'SELECT'
    at MysqlQueryRunner.query (/Users/macintosh/Documents/DEVPRO/Back/src/driver/mysql/MysqlQueryRunner.ts:291:19)
    at process.processTicksAndRejections (node:internal/process/task_queues:103:5)
    at async SelectQueryBuilder.loadRawResults (/Users/macintosh/Documents/DEVPRO/Back/src/query-builder/SelectQueryBuilder.ts:3897:25)
    at async SelectQueryBuilder.executeEntitiesAndRawResults (/Users/macintosh/Documents/DEVPRO/Back/src/query-builder/SelectQueryBuilder.ts:3619:26)
    at async SelectQueryBuilder.getRawAndEntities (/Users/macintosh/Documents/DEVPRO/Back/src/query-builder/SelectQueryBuilder.ts:1676:29)
    at async SelectQueryBuilder.getMany (/Users/macintosh/Documents/DEVPRO/Back/src/query-builder/SelectQueryBuilder.ts:1766:25)
    at async /Users/macintosh/Documents/DEVPRO/Back/node_modules/@nestjs/core/router/router-execution-context.js:47:62
    at async /Users/macintosh/Documents/DEVPRO/Back/node_modules/@nestjs/core/router/router-proxy.js:9:17
2026-07-28 18:01:16 [error]: QueryFailedError: Unknown column 'p.box_unit_name' in 'SELECT'
    at MysqlQueryRunner.query (/Users/macintosh/Documents/DEVPRO/Back/src/driver/mysql/MysqlQueryRunner.ts:291:19)
    at process.processTicksAndRejections (node:internal/process/task_queues:103:5)
    at async SelectQueryBuilder.loadRawResults (/Users/macintosh/Documents/DEVPRO/Back/src/query-builder/SelectQueryBuilder.ts:3897:25)
    at async SelectQueryBuilder.executeEntitiesAndRawResults (/Users/macintosh/Documents/DEVPRO/Back/src/query-builder/SelectQueryBuilder.ts:3619:26)
    at async SelectQueryBuilder.getRawAndEntities (/Users/macintosh/Documents/DEVPRO/Back/src/query-builder/SelectQueryBuilder.ts:1676:29)
    at async SelectQueryBuilder.getMany (/Users/macintosh/Documents/DEVPRO/Back/src/query-builder/SelectQueryBuilder.ts:1766:25)
    at async /Users/macintosh/Documents/DEVPRO/Back/node_modules/@nestjs/core/router/router-execution-context.js:47:62
    at async /Users/macintosh/Documents/DEVPRO/Back/node_modules/@nestjs/core/router/router-proxy.js:9:17
2026-07-28 18:02:16 [error]: QueryFailedError: Unknown column 'p.box_unit_name' in 'SELECT'
    at MysqlQueryRunner.query (/Users/macintosh/Documents/DEVPRO/Back/src/driver/mysql/MysqlQueryRunner.ts:291:19)
    at process.processTicksAndRejections (node:internal/process/task_queues:103:5)
    at async SelectQueryBuilder.loadRawResults (/Users/macintosh/Documents/DEVPRO/Back/src/query-builder/SelectQueryBuilder.ts:3897:25)
    at async SelectQueryBuilder.executeEntitiesAndRawResults (/Users/macintosh/Documents/DEVPRO/Back/src/query-builder/SelectQueryBuilder.ts:3619:26)
    at async SelectQueryBuilder.getRawAndEntities (/Users/macintosh/Documents/DEVPRO/Back/src/query-builder/SelectQueryBuilder.ts:1676:29)
    at async SelectQueryBuilder.getMany (/Users/macintosh/Documents/DEVPRO/Back/src/query-builder/SelectQueryBuilder.ts:1766:25)
    at async /Users/macintosh/Documents/DEVPRO/Back/node_modules/@nestjs/core/router/router-execution-context.js:47:62
    at async /Users/macintosh/Documents/DEVPRO/Back/node_modules/@nestjs/core/router/router-proxy.js:9:17
2026-07-28 18:03:16 [error]: QueryFailedError: Unknown column 'p.box_unit_name' in 'SELECT'
    at MysqlQueryRunner.query (/Users/macintosh/Documents/DEVPRO/Back/src/driver/mysql/MysqlQueryRunner.ts:291:19)
    at process.processTicksAndRejections (node:internal/process/task_queues:103:5)
    at async SelectQueryBuilder.loadRawResults (/Users/macintosh/Documents/DEVPRO/Back/src/query-builder/SelectQueryBuilder.ts:3897:25)
    at async SelectQueryBuilder.executeEntitiesAndRawResults (/Users/macintosh/Documents/DEVPRO/Back/src/query-builder/SelectQueryBuilder.ts:3619:26)
    at async SelectQueryBuilder.getRawAndEntities (/Users/macintosh/Documents/DEVPRO/Back/src/query-builder/SelectQueryBuilder.ts:1676:29)
    at async SelectQueryBuilder.getMany (/Users/macintosh/Documents/DEVPRO/Back/src/query-builder/SelectQueryBuilder.ts:1766:25)
    at async /Users/macintosh/Documents/DEVPRO/Back/node_modules/@nestjs/core/router/router-execution-context.js:47:62
    at async /Users/macintosh/Documents/DEVPRO/Back/node_modules/@nestjs/core/router/router-proxy.js:9:17
2026-07-28 18:04:16 [error]: QueryFailedError: Unknown column 'p.box_unit_name' in 'SELECT'
    at MysqlQueryRunner.query (/Users/macintosh/Documents/DEVPRO/Back/src/driver/mysql/MysqlQueryRunner.ts:291:19)
    at process.processTicksAndRejections (node:internal/process/task_queues:103:5)
    at async SelectQueryBuilder.loadRawResults (/Users/macintosh/Documents/DEVPRO/Back/src/query-builder/SelectQueryBuilder.ts:3897:25)
    at async SelectQueryBuilder.executeEntitiesAndRawResults (/Users/macintosh/Documents/DEVPRO/Back/src/query-builder/SelectQueryBuilder.ts:3619:26)
    at async SelectQueryBuilder.getRawAndEntities (/Users/macintosh/Documents/DEVPRO/Back/src/query-builder/SelectQueryBuilder.ts:1676:29)
    at async SelectQueryBuilder.getMany (/Users/macintosh/Documents/DEVPRO/Back/src/query-builder/SelectQueryBuilder.ts:1766:25)
    at async /Users/macintosh/Documents/DEVPRO/Back/node_modules/@nestjs/core/router/router-execution-context.js:47:62
    at async /Users/macintosh/Documents/DEVPRO/Back/node_modules/@nestjs/core/router/router-proxy.js:9:17
2026-07-28 18:05:16 [error]: QueryFailedError: Unknown column 'p.box_unit_name' in 'SELECT'
    at MysqlQueryRunner.query (/Users/macintosh/Documents/DEVPRO/Back/src/driver/mysql/MysqlQueryRunner.ts:291:19)
    at process.processTicksAndRejections (node:internal/process/task_queues:103:5)
    at async SelectQueryBuilder.loadRawResults (/Users/macintosh/Documents/DEVPRO/Back/src/query-builder/SelectQueryBuilder.ts:3897:25)
    at async SelectQueryBuilder.executeEntitiesAndRawResults (/Users/macintosh/Documents/DEVPRO/Back/src/query-builder/SelectQueryBuilder.ts:3619:26)
    at async SelectQueryBuilder.getRawAndEntities (/Users/macintosh/Documents/DEVPRO/Back/src/query-builder/SelectQueryBuilder.ts:1676:29)
    at async SelectQueryBuilder.getMany (/Users/macintosh/Documents/DEVPRO/Back/src/query-builder/SelectQueryBuilder.ts:1766:25)
    at async /Users/macintosh/Documents/DEVPRO/Back/node_modules/@nestjs/core/router/router-execution-context.js:47:62
    at async /Users/macintosh/Documents/DEVPRO/Back/node_modules/@nestjs/core/router/router-proxy.js:9:17
2026-07-28 18:06:16 [error]: QueryFailedError: Unknown column 'p.box_unit_name' in 'SELECT'
    at MysqlQueryRunner.query (/Users/macintosh/Documents/DEVPRO/Back/src/driver/mysql/MysqlQueryRunner.ts:291:19)
    at process.processTicksAndRejections (node:internal/process/task_queues:103:5)
    at async SelectQueryBuilder.loadRawResults (/Users/macintosh/Documents/DEVPRO/Back/src/query-builder/SelectQueryBuilder.ts:3897:25)
    at async SelectQueryBuilder.executeEntitiesAndRawResults (/Users/macintosh/Documents/DEVPRO/Back/src/query-builder/SelectQueryBuilder.ts:3619:26)
    at async SelectQueryBuilder.getRawAndEntities (/Users/macintosh/Documents/DEVPRO/Back/src/query-builder/SelectQueryBuilder.ts:1676:29)
    at async SelectQueryBuilder.getMany (/Users/macintosh/Documents/DEVPRO/Back/src/query-builder/SelectQueryBuilder.ts:1766:25)
    at async /Users/macintosh/Documents/DEVPRO/Back/node_modules/@nestjs/core/router/router-execution-context.js:47:62
    at async /Users/macintosh/Documents/DEVPRO/Back/node_modules/@nestjs/core/router/router-proxy.js:9:17
2026-07-28 18:07:16 [error]: QueryFailedError: Unknown column 'p.box_unit_name' in 'SELECT'
    at MysqlQueryRunner.query (/Users/macintosh/Documents/DEVPRO/Back/src/driver/mysql/MysqlQueryRunner.ts:291:19)
    at process.processTicksAndRejections (node:internal/process/task_queues:103:5)
    at async SelectQueryBuilder.loadRawResults (/Users/macintosh/Documents/DEVPRO/Back/src/query-builder/SelectQueryBuilder.ts:3897:25)
    at async SelectQueryBuilder.executeEntitiesAndRawResults (/Users/macintosh/Documents/DEVPRO/Back/src/query-builder/SelectQueryBuilder.ts:3619:26)
    at async SelectQueryBuilder.getRawAndEntities (/Users/macintosh/Documents/DEVPRO/Back/src/query-builder/SelectQueryBuilder.ts:1676:29)
    at async SelectQueryBuilder.getMany (/Users/macintosh/Documents/DEVPRO/Back/src/query-builder/SelectQueryBuilder.ts:1766:25)
    at async /Users/macintosh/Documents/DEVPRO/Back/node_modules/@nestjs/core/router/router-execution-context.js:47:62
    at async /Users/macintosh/Documents/DEVPRO/Back/node_modules/@nestjs/core/router/router-proxy.js:9:17
2026-07-28 18:08:16 [error]: QueryFailedError: Unknown column 'p.box_unit_name' in 'SELECT'
    at MysqlQueryRunner.query (/Users/macintosh/Documents/DEVPRO/Back/src/driver/mysql/MysqlQueryRunner.ts:291:19)
    at process.processTicksAndRejections (node:internal/process/task_queues:103:5)
    at async SelectQueryBuilder.loadRawResults (/Users/macintosh/Documents/DEVPRO/Back/src/query-builder/SelectQueryBuilder.ts:3897:25)
    at async SelectQueryBuilder.executeEntitiesAndRawResults (/Users/macintosh/Documents/DEVPRO/Back/src/query-builder/SelectQueryBuilder.ts:3619:26)
    at async SelectQueryBuilder.getRawAndEntities (/Users/macintosh/Documents/DEVPRO/Back/src/query-builder/SelectQueryBuilder.ts:1676:29)
    at async SelectQueryBuilder.getMany (/Users/macintosh/Documents/DEVPRO/Back/src/query-builder/SelectQueryBuilder.ts:1766:25)
    at async /Users/macintosh/Documents/DEVPRO/Back/node_modules/@nestjs/core/router/router-execution-context.js:47:62
    at async /Users/macintosh/Documents/DEVPRO/Back/node_modules/@nestjs/core/router/router-proxy.js:9:17
2026-07-28 18:09:16 [error]: QueryFailedError: Unknown column 'p.box_unit_name' in 'SELECT'
    at MysqlQueryRunner.query (/Users/macintosh/Documents/DEVPRO/Back/src/driver/mysql/MysqlQueryRunner.ts:291:19)
    at process.processTicksAndRejections (node:internal/process/task_queues:103:5)
    at async SelectQueryBuilder.loadRawResults (/Users/macintosh/Documents/DEVPRO/Back/src/query-builder/SelectQueryBuilder.ts:3897:25)
    at async SelectQueryBuilder.executeEntitiesAndRawResults (/Users/macintosh/Documents/DEVPRO/Back/src/query-builder/SelectQueryBuilder.ts:3619:26)
    at async SelectQueryBuilder.getRawAndEntities (/Users/macintosh/Documents/DEVPRO/Back/src/query-builder/SelectQueryBuilder.ts:1676:29)
    at async SelectQueryBuilder.getMany (/Users/macintosh/Documents/DEVPRO/Back/src/query-builder/SelectQueryBuilder.ts:1766:25)
    at async /Users/macintosh/Documents/DEVPRO/Back/node_modules/@nestjs/core/router/router-execution-context.js:47:62
    at async /Users/macintosh/Documents/DEVPRO/Back/node_modules/@nestjs/core/router/router-proxy.js:9:17
2026-07-28 18:10:16 [error]: QueryFailedError: Unknown column 'p.box_unit_name' in 'SELECT'
    at MysqlQueryRunner.query (/Users/macintosh/Documents/DEVPRO/Back/src/driver/mysql/MysqlQueryRunner.ts:291:19)
    at process.processTicksAndRejections (node:internal/process/task_queues:103:5)
    at async SelectQueryBuilder.loadRawResults (/Users/macintosh/Documents/DEVPRO/Back/src/query-builder/SelectQueryBuilder.ts:3897:25)
    at async SelectQueryBuilder.executeEntitiesAndRawResults (/Users/macintosh/Documents/DEVPRO/Back/src/query-builder/SelectQueryBuilder.ts:3619:26)
    at async SelectQueryBuilder.getRawAndEntities (/Users/macintosh/Documents/DEVPRO/Back/src/query-builder/SelectQueryBuilder.ts:1676:29)
    at async SelectQueryBuilder.getMany (/Users/macintosh/Documents/DEVPRO/Back/src/query-builder/SelectQueryBuilder.ts:1766:25)
    at async /Users/macintosh/Documents/DEVPRO/Back/node_modules/@nestjs/core/router/router-execution-context.js:47:62
    at async /Users/macintosh/Documents/DEVPRO/Back/node_modules/@nestjs/core/router/router-proxy.js:9:17
2026-07-28 18:11:16 [error]: QueryFailedError: Unknown column 'p.box_unit_name' in 'SELECT'
    at MysqlQueryRunner.query (/Users/macintosh/Documents/DEVPRO/Back/src/driver/mysql/MysqlQueryRunner.ts:291:19)
    at process.processTicksAndRejections (node:internal/process/task_queues:103:5)
    at async SelectQueryBuilder.loadRawResults (/Users/macintosh/Documents/DEVPRO/Back/src/query-builder/SelectQueryBuilder.ts:3897:25)
    at async SelectQueryBuilder.executeEntitiesAndRawResults (/Users/macintosh/Documents/DEVPRO/Back/src/query-builder/SelectQueryBuilder.ts:3619:26)
    at async SelectQueryBuilder.getRawAndEntities (/Users/macintosh/Documents/DEVPRO/Back/src/query-builder/SelectQueryBuilder.ts:1676:29)
    at async SelectQueryBuilder.getMany (/Users/macintosh/Documents/DEVPRO/Back/src/query-builder/SelectQueryBuilder.ts:1766:25)
    at async /Users/macintosh/Documents/DEVPRO/Back/node_modules/@nestjs/core/router/router-execution-context.js:47:62
    at async /Users/macintosh/Documents/DEVPRO/Back/node_modules/@nestjs/core/router/router-proxy.js:9:17
2026-07-28 18:12:16 [error]: QueryFailedError: Unknown column 'p.box_unit_name' in 'SELECT'
    at MysqlQueryRunner.query (/Users/macintosh/Documents/DEVPRO/Back/src/driver/mysql/MysqlQueryRunner.ts:291:19)
    at process.processTicksAndRejections (node:internal/process/task_queues:103:5)
    at async SelectQueryBuilder.loadRawResults (/Users/macintosh/Documents/DEVPRO/Back/src/query-builder/SelectQueryBuilder.ts:3897:25)
    at async SelectQueryBuilder.executeEntitiesAndRawResults (/Users/macintosh/Documents/DEVPRO/Back/src/query-builder/SelectQueryBuilder.ts:3619:26)
    at async SelectQueryBuilder.getRawAndEntities (/Users/macintosh/Documents/DEVPRO/Back/src/query-builder/SelectQueryBuilder.ts:1676:29)
    at async SelectQueryBuilder.getMany (/Users/macintosh/Documents/DEVPRO/Back/src/query-builder/SelectQueryBuilder.ts:1766:25)
    at async /Users/macintosh/Documents/DEVPRO/Back/node_modules/@nestjs/core/router/router-execution-context.js:47:62
    at async /Users/macintosh/Documents/DEVPRO/Back/node_modules/@nestjs/core/router/router-proxy.js:9:17
2026-07-28 18:13:16 [error]: QueryFailedError: Unknown column 'p.box_unit_name' in 'SELECT'
    at MysqlQueryRunner.query (/Users/macintosh/Documents/DEVPRO/Back/src/driver/mysql/MysqlQueryRunner.ts:291:19)
    at process.processTicksAndRejections (node:internal/process/task_queues:103:5)
    at async SelectQueryBuilder.loadRawResults (/Users/macintosh/Documents/DEVPRO/Back/src/query-builder/SelectQueryBuilder.ts:3897:25)
    at async SelectQueryBuilder.executeEntitiesAndRawResults (/Users/macintosh/Documents/DEVPRO/Back/src/query-builder/SelectQueryBuilder.ts:3619:26)
    at async SelectQueryBuilder.getRawAndEntities (/Users/macintosh/Documents/DEVPRO/Back/src/query-builder/SelectQueryBuilder.ts:1676:29)
    at async SelectQueryBuilder.getMany (/Users/macintosh/Documents/DEVPRO/Back/src/query-builder/SelectQueryBuilder.ts:1766:25)
    at async /Users/macintosh/Documents/DEVPRO/Back/node_modules/@nestjs/core/router/router-execution-context.js:47:62
    at async /Users/macintosh/Documents/DEVPRO/Back/node_modules/@nestjs/core/router/router-proxy.js:9:17
2026-07-28 18:14:16 [error]: QueryFailedError: Unknown column 'p.box_unit_name' in 'SELECT'
    at MysqlQueryRunner.query (/Users/macintosh/Documents/DEVPRO/Back/src/driver/mysql/MysqlQueryRunner.ts:291:19)
    at process.processTicksAndRejections (node:internal/process/task_queues:103:5)
    at async SelectQueryBuilder.loadRawResults (/Users/macintosh/Documents/DEVPRO/Back/src/query-builder/SelectQueryBuilder.ts:3897:25)
    at async SelectQueryBuilder.executeEntitiesAndRawResults (/Users/macintosh/Documents/DEVPRO/Back/src/query-builder/SelectQueryBuilder.ts:3619:26)
    at async SelectQueryBuilder.getRawAndEntities (/Users/macintosh/Documents/DEVPRO/Back/src/query-builder/SelectQueryBuilder.ts:1676:29)
    at async SelectQueryBuilder.getMany (/Users/macintosh/Documents/DEVPRO/Back/src/query-builder/SelectQueryBuilder.ts:1766:25)
    at async /Users/macintosh/Documents/DEVPRO/Back/node_modules/@nestjs/core/router/router-execution-context.js:47:62
    at async /Users/macintosh/Documents/DEVPRO/Back/node_modules/@nestjs/core/router/router-proxy.js:9:17
2026-07-28 18:15:16 [error]: QueryFailedError: Unknown column 'p.box_unit_name' in 'SELECT'
    at MysqlQueryRunner.query (/Users/macintosh/Documents/DEVPRO/Back/src/driver/mysql/MysqlQueryRunner.ts:291:19)
    at process.processTicksAndRejections (node:internal/process/task_queues:103:5)
    at async SelectQueryBuilder.loadRawResults (/Users/macintosh/Documents/DEVPRO/Back/src/query-builder/SelectQueryBuilder.ts:3897:25)
    at async SelectQueryBuilder.executeEntitiesAndRawResults (/Users/macintosh/Documents/DEVPRO/Back/src/query-builder/SelectQueryBuilder.ts:3619:26)
    at async SelectQueryBuilder.getRawAndEntities (/Users/macintosh/Documents/DEVPRO/Back/src/query-builder/SelectQueryBuilder.ts:1676:29)
    at async SelectQueryBuilder.getMany (/Users/macintosh/Documents/DEVPRO/Back/src/query-builder/SelectQueryBuilder.ts:1766:25)
    at async /Users/macintosh/Documents/DEVPRO/Back/node_modules/@nestjs/core/router/router-execution-context.js:47:62
    at async /Users/macintosh/Documents/DEVPRO/Back/node_modules/@nestjs/core/router/router-proxy.js:9:17
2026-07-28 18:16:16 [error]: QueryFailedError: Unknown column 'p.box_unit_name' in 'SELECT'
    at MysqlQueryRunner.query (/Users/macintosh/Documents/DEVPRO/Back/src/driver/mysql/MysqlQueryRunner.ts:291:19)
    at process.processTicksAndRejections (node:internal/process/task_queues:103:5)
    at async SelectQueryBuilder.loadRawResults (/Users/macintosh/Documents/DEVPRO/Back/src/query-builder/SelectQueryBuilder.ts:3897:25)
    at async SelectQueryBuilder.executeEntitiesAndRawResults (/Users/macintosh/Documents/DEVPRO/Back/src/query-builder/SelectQueryBuilder.ts:3619:26)
    at async SelectQueryBuilder.getRawAndEntities (/Users/macintosh/Documents/DEVPRO/Back/src/query-builder/SelectQueryBuilder.ts:1676:29)
    at async SelectQueryBuilder.getMany (/Users/macintosh/Documents/DEVPRO/Back/src/query-builder/SelectQueryBuilder.ts:1766:25)
    at async /Users/macintosh/Documents/DEVPRO/Back/node_modules/@nestjs/core/router/router-execution-context.js:47:62
    at async /Users/macintosh/Documents/DEVPRO/Back/node_modules/@nestjs/core/router/router-proxy.js:9:17
2026-07-28 18:17:16 [error]: QueryFailedError: Unknown column 'p.box_unit_name' in 'SELECT'
    at MysqlQueryRunner.query (/Users/macintosh/Documents/DEVPRO/Back/src/driver/mysql/MysqlQueryRunner.ts:291:19)
    at process.processTicksAndRejections (node:internal/process/task_queues:103:5)
    at async SelectQueryBuilder.loadRawResults (/Users/macintosh/Documents/DEVPRO/Back/src/query-builder/SelectQueryBuilder.ts:3897:25)
    at async SelectQueryBuilder.executeEntitiesAndRawResults (/Users/macintosh/Documents/DEVPRO/Back/src/query-builder/SelectQueryBuilder.ts:3619:26)
    at async SelectQueryBuilder.getRawAndEntities (/Users/macintosh/Documents/DEVPRO/Back/src/query-builder/SelectQueryBuilder.ts:1676:29)
    at async SelectQueryBuilder.getMany (/Users/macintosh/Documents/DEVPRO/Back/src/query-builder/SelectQueryBuilder.ts:1766:25)
    at async /Users/macintosh/Documents/DEVPRO/Back/node_modules/@nestjs/core/router/router-execution-context.js:47:62
    at async /Users/macintosh/Documents/DEVPRO/Back/node_modules/@nestjs/core/router/router-proxy.js:9:17
2026-07-28 18:18:16 [error]: QueryFailedError: Unknown column 'p.box_unit_name' in 'SELECT'
    at MysqlQueryRunner.query (/Users/macintosh/Documents/DEVPRO/Back/src/driver/mysql/MysqlQueryRunner.ts:291:19)
    at process.processTicksAndRejections (node:internal/process/task_queues:103:5)
    at async SelectQueryBuilder.loadRawResults (/Users/macintosh/Documents/DEVPRO/Back/src/query-builder/SelectQueryBuilder.ts:3897:25)
    at async SelectQueryBuilder.executeEntitiesAndRawResults (/Users/macintosh/Documents/DEVPRO/Back/src/query-builder/SelectQueryBuilder.ts:3619:26)
    at async SelectQueryBuilder.getRawAndEntities (/Users/macintosh/Documents/DEVPRO/Back/src/query-builder/SelectQueryBuilder.ts:1676:29)
    at async SelectQueryBuilder.getMany (/Users/macintosh/Documents/DEVPRO/Back/src/query-builder/SelectQueryBuilder.ts:1766:25)
    at async /Users/macintosh/Documents/DEVPRO/Back/node_modules/@nestjs/core/router/router-execution-context.js:47:62
    at async /Users/macintosh/Documents/DEVPRO/Back/node_modules/@nestjs/core/router/router-proxy.js:9:17
2026-07-28 18:19:16 [error]: QueryFailedError: Unknown column 'p.box_unit_name' in 'SELECT'
    at MysqlQueryRunner.query (/Users/macintosh/Documents/DEVPRO/Back/src/driver/mysql/MysqlQueryRunner.ts:291:19)
    at process.processTicksAndRejections (node:internal/process/task_queues:103:5)
    at async SelectQueryBuilder.loadRawResults (/Users/macintosh/Documents/DEVPRO/Back/src/query-builder/SelectQueryBuilder.ts:3897:25)
    at async SelectQueryBuilder.executeEntitiesAndRawResults (/Users/macintosh/Documents/DEVPRO/Back/src/query-builder/SelectQueryBuilder.ts:3619:26)
    at async SelectQueryBuilder.getRawAndEntities (/Users/macintosh/Documents/DEVPRO/Back/src/query-builder/SelectQueryBuilder.ts:1676:29)
    at async SelectQueryBuilder.getMany (/Users/macintosh/Documents/DEVPRO/Back/src/query-builder/SelectQueryBuilder.ts:1766:25)
    at async /Users/macintosh/Documents/DEVPRO/Back/node_modules/@nestjs/core/router/router-execution-context.js:47:62
    at async /Users/macintosh/Documents/DEVPRO/Back/node_modules/@nestjs/core/router/router-proxy.js:9:17
2026-07-28 18:20:16 [error]: QueryFailedError: Unknown column 'p.box_unit_name' in 'SELECT'
    at MysqlQueryRunner.query (/Users/macintosh/Documents/DEVPRO/Back/src/driver/mysql/MysqlQueryRunner.ts:291:19)
    at process.processTicksAndRejections (node:internal/process/task_queues:103:5)
    at async SelectQueryBuilder.loadRawResults (/Users/macintosh/Documents/DEVPRO/Back/src/query-builder/SelectQueryBuilder.ts:3897:25)
    at async SelectQueryBuilder.executeEntitiesAndRawResults (/Users/macintosh/Documents/DEVPRO/Back/src/query-builder/SelectQueryBuilder.ts:3619:26)
    at async SelectQueryBuilder.getRawAndEntities (/Users/macintosh/Documents/DEVPRO/Back/src/query-builder/SelectQueryBuilder.ts:1676:29)
    at async SelectQueryBuilder.getMany (/Users/macintosh/Documents/DEVPRO/Back/src/query-builder/SelectQueryBuilder.ts:1766:25)
    at async /Users/macintosh/Documents/DEVPRO/Back/node_modules/@nestjs/core/router/router-execution-context.js:47:62
    at async /Users/macintosh/Documents/DEVPRO/Back/node_modules/@nestjs/core/router/router-proxy.js:9:17
2026-07-28 18:21:16 [error]: QueryFailedError: Unknown column 'p.box_unit_name' in 'SELECT'
    at MysqlQueryRunner.query (/Users/macintosh/Documents/DEVPRO/Back/src/driver/mysql/MysqlQueryRunner.ts:291:19)
    at process.processTicksAndRejections (node:internal/process/task_queues:103:5)
    at async SelectQueryBuilder.loadRawResults (/Users/macintosh/Documents/DEVPRO/Back/src/query-builder/SelectQueryBuilder.ts:3897:25)
    at async SelectQueryBuilder.executeEntitiesAndRawResults (/Users/macintosh/Documents/DEVPRO/Back/src/query-builder/SelectQueryBuilder.ts:3619:26)
    at async SelectQueryBuilder.getRawAndEntities (/Users/macintosh/Documents/DEVPRO/Back/src/query-builder/SelectQueryBuilder.ts:1676:29)
    at async SelectQueryBuilder.getMany (/Users/macintosh/Documents/DEVPRO/Back/src/query-builder/SelectQueryBuilder.ts:1766:25)
    at async /Users/macintosh/Documents/DEVPRO/Back/node_modules/@nestjs/core/router/router-execution-context.js:47:62
    at async /Users/macintosh/Documents/DEVPRO/Back/node_modules/@nestjs/core/router/router-proxy.js:9:17
2026-07-28 18:22:16 [error]: QueryFailedError: Unknown column 'p.box_unit_name' in 'SELECT'
    at MysqlQueryRunner.query (/Users/macintosh/Documents/DEVPRO/Back/src/driver/mysql/MysqlQueryRunner.ts:291:19)
    at process.processTicksAndRejections (node:internal/process/task_queues:103:5)
    at async SelectQueryBuilder.loadRawResults (/Users/macintosh/Documents/DEVPRO/Back/src/query-builder/SelectQueryBuilder.ts:3897:25)
    at async SelectQueryBuilder.executeEntitiesAndRawResults (/Users/macintosh/Documents/DEVPRO/Back/src/query-builder/SelectQueryBuilder.ts:3619:26)
    at async SelectQueryBuilder.getRawAndEntities (/Users/macintosh/Documents/DEVPRO/Back/src/query-builder/SelectQueryBuilder.ts:1676:29)
    at async SelectQueryBuilder.getMany (/Users/macintosh/Documents/DEVPRO/Back/src/query-builder/SelectQueryBuilder.ts:1766:25)
    at async /Users/macintosh/Documents/DEVPRO/Back/node_modules/@nestjs/core/router/router-execution-context.js:47:62
    at async /Users/macintosh/Documents/DEVPRO/Back/node_modules/@nestjs/core/router/router-proxy.js:9:17
2026-07-28 18:23:16 [error]: QueryFailedError: Unknown column 'p.box_unit_name' in 'SELECT'
    at MysqlQueryRunner.query (/Users/macintosh/Documents/DEVPRO/Back/src/driver/mysql/MysqlQueryRunner.ts:291:19)
    at process.processTicksAndRejections (node:internal/process/task_queues:103:5)
    at async SelectQueryBuilder.loadRawResults (/Users/macintosh/Documents/DEVPRO/Back/src/query-builder/SelectQueryBuilder.ts:3897:25)
    at async SelectQueryBuilder.executeEntitiesAndRawResults (/Users/macintosh/Documents/DEVPRO/Back/src/query-builder/SelectQueryBuilder.ts:3619:26)
    at async SelectQueryBuilder.getRawAndEntities (/Users/macintosh/Documents/DEVPRO/Back/src/query-builder/SelectQueryBuilder.ts:1676:29)
    at async SelectQueryBuilder.getMany (/Users/macintosh/Documents/DEVPRO/Back/src/query-builder/SelectQueryBuilder.ts:1766:25)
    at async /Users/macintosh/Documents/DEVPRO/Back/node_modules/@nestjs/core/router/router-execution-context.js:47:62
    at async /Users/macintosh/Documents/DEVPRO/Back/node_modules/@nestjs/core/router/router-proxy.js:9:17
2026-07-28 18:24:16 [error]: QueryFailedError: Unknown column 'p.box_unit_name' in 'SELECT'
    at MysqlQueryRunner.query (/Users/macintosh/Documents/DEVPRO/Back/src/driver/mysql/MysqlQueryRunner.ts:291:19)
    at process.processTicksAndRejections (node:internal/process/task_queues:103:5)
    at async SelectQueryBuilder.loadRawResults (/Users/macintosh/Documents/DEVPRO/Back/src/query-builder/SelectQueryBuilder.ts:3897:25)
    at async SelectQueryBuilder.executeEntitiesAndRawResults (/Users/macintosh/Documents/DEVPRO/Back/src/query-builder/SelectQueryBuilder.ts:3619:26)
    at async SelectQueryBuilder.getRawAndEntities (/Users/macintosh/Documents/DEVPRO/Back/src/query-builder/SelectQueryBuilder.ts:1676:29)
    at async SelectQueryBuilder.getMany (/Users/macintosh/Documents/DEVPRO/Back/src/query-builder/SelectQueryBuilder.ts:1766:25)
    at async /Users/macintosh/Documents/DEVPRO/Back/node_modules/@nestjs/core/router/router-execution-context.js:47:62
    at async /Users/macintosh/Documents/DEVPRO/Back/node_modules/@nestjs/core/router/router-proxy.js:9:17
2026-07-28 18:25:16 [error]: QueryFailedError: Unknown column 'p.box_unit_name' in 'SELECT'
    at MysqlQueryRunner.query (/Users/macintosh/Documents/DEVPRO/Back/src/driver/mysql/MysqlQueryRunner.ts:291:19)
    at process.processTicksAndRejections (node:internal/process/task_queues:103:5)
    at async SelectQueryBuilder.loadRawResults (/Users/macintosh/Documents/DEVPRO/Back/src/query-builder/SelectQueryBuilder.ts:3897:25)
    at async SelectQueryBuilder.executeEntitiesAndRawResults (/Users/macintosh/Documents/DEVPRO/Back/src/query-builder/SelectQueryBuilder.ts:3619:26)
    at async SelectQueryBuilder.getRawAndEntities (/Users/macintosh/Documents/DEVPRO/Back/src/query-builder/SelectQueryBuilder.ts:1676:29)
    at async SelectQueryBuilder.getMany (/Users/macintosh/Documents/DEVPRO/Back/src/query-builder/SelectQueryBuilder.ts:1766:25)
    at async /Users/macintosh/Documents/DEVPRO/Back/node_modules/@nestjs/core/router/router-execution-context.js:47:62
    at async /Users/macintosh/Documents/DEVPRO/Back/node_modules/@nestjs/core/router/router-proxy.js:9:17
2026-07-28 18:26:16 [error]: QueryFailedError: Unknown column 'p.box_unit_name' in 'SELECT'
    at MysqlQueryRunner.query (/Users/macintosh/Documents/DEVPRO/Back/src/driver/mysql/MysqlQueryRunner.ts:291:19)
    at process.processTicksAndRejections (node:internal/process/task_queues:103:5)
    at async SelectQueryBuilder.loadRawResults (/Users/macintosh/Documents/DEVPRO/Back/src/query-builder/SelectQueryBuilder.ts:3897:25)
    at async SelectQueryBuilder.executeEntitiesAndRawResults (/Users/macintosh/Documents/DEVPRO/Back/src/query-builder/SelectQueryBuilder.ts:3619:26)
    at async SelectQueryBuilder.getRawAndEntities (/Users/macintosh/Documents/DEVPRO/Back/src/query-builder/SelectQueryBuilder.ts:1676:29)
    at async SelectQueryBuilder.getMany (/Users/macintosh/Documents/DEVPRO/Back/src/query-builder/SelectQueryBuilder.ts:1766:25)
    at async /Users/macintosh/Documents/DEVPRO/Back/node_modules/@nestjs/core/router/router-execution-context.js:47:62
    at async /Users/macintosh/Documents/DEVPRO/Back/node_modules/@nestjs/core/router/router-proxy.js:9:17
2026-07-28 18:27:16 [error]: QueryFailedError: Unknown column 'p.box_unit_name' in 'SELECT'
    at MysqlQueryRunner.query (/Users/macintosh/Documents/DEVPRO/Back/src/driver/mysql/MysqlQueryRunner.ts:291:19)
    at process.processTicksAndRejections (node:internal/process/task_queues:103:5)
    at async SelectQueryBuilder.loadRawResults (/Users/macintosh/Documents/DEVPRO/Back/src/query-builder/SelectQueryBuilder.ts:3897:25)
    at async SelectQueryBuilder.executeEntitiesAndRawResults (/Users/macintosh/Documents/DEVPRO/Back/src/query-builder/SelectQueryBuilder.ts:3619:26)
    at async SelectQueryBuilder.getRawAndEntities (/Users/macintosh/Documents/DEVPRO/Back/src/query-builder/SelectQueryBuilder.ts:1676:29)
    at async SelectQueryBuilder.getMany (/Users/macintosh/Documents/DEVPRO/Back/src/query-builder/SelectQueryBuilder.ts:1766:25)
    at async /Users/macintosh/Documents/DEVPRO/Back/node_modules/@nestjs/core/router/router-execution-context.js:47:62
    at async /Users/macintosh/Documents/DEVPRO/Back/node_modules/@nestjs/core/router/router-proxy.js:9:17
2026-07-28 18:28:16 [error]: QueryFailedError: Unknown column 'p.box_unit_name' in 'SELECT'
    at MysqlQueryRunner.query (/Users/macintosh/Documents/DEVPRO/Back/src/driver/mysql/MysqlQueryRunner.ts:291:19)
    at process.processTicksAndRejections (node:internal/process/task_queues:103:5)
    at async SelectQueryBuilder.loadRawResults (/Users/macintosh/Documents/DEVPRO/Back/src/query-builder/SelectQueryBuilder.ts:3897:25)
    at async SelectQueryBuilder.executeEntitiesAndRawResults (/Users/macintosh/Documents/DEVPRO/Back/src/query-builder/SelectQueryBuilder.ts:3619:26)
    at async SelectQueryBuilder.getRawAndEntities (/Users/macintosh/Documents/DEVPRO/Back/src/query-builder/SelectQueryBuilder.ts:1676:29)
    at async SelectQueryBuilder.getMany (/Users/macintosh/Documents/DEVPRO/Back/src/query-builder/SelectQueryBuilder.ts:1766:25)
    at async /Users/macintosh/Documents/DEVPRO/Back/node_modules/@nestjs/core/router/router-execution-context.js:47:62
    at async /Users/macintosh/Documents/DEVPRO/Back/node_modules/@nestjs/core/router/router-proxy.js:9:17
2026-07-28 18:29:16 [error]: QueryFailedError: Unknown column 'p.box_unit_name' in 'SELECT'
    at MysqlQueryRunner.query (/Users/macintosh/Documents/DEVPRO/Back/src/driver/mysql/MysqlQueryRunner.ts:291:19)
    at process.processTicksAndRejections (node:internal/process/task_queues:103:5)
    at async SelectQueryBuilder.loadRawResults (/Users/macintosh/Documents/DEVPRO/Back/src/query-builder/SelectQueryBuilder.ts:3897:25)
    at async SelectQueryBuilder.executeEntitiesAndRawResults (/Users/macintosh/Documents/DEVPRO/Back/src/query-builder/SelectQueryBuilder.ts:3619:26)
    at async SelectQueryBuilder.getRawAndEntities (/Users/macintosh/Documents/DEVPRO/Back/src/query-builder/SelectQueryBuilder.ts:1676:29)
    at async SelectQueryBuilder.getMany (/Users/macintosh/Documents/DEVPRO/Back/src/query-builder/SelectQueryBuilder.ts:1766:25)
    at async /Users/macintosh/Documents/DEVPRO/Back/node_modules/@nestjs/core/router/router-execution-context.js:47:62
    at async /Users/macintosh/Documents/DEVPRO/Back/node_modules/@nestjs/core/router/router-proxy.js:9:17
2026-07-28 18:30:16 [error]: QueryFailedError: Unknown column 'p.box_unit_name' in 'SELECT'
    at MysqlQueryRunner.query (/Users/macintosh/Documents/DEVPRO/Back/src/driver/mysql/MysqlQueryRunner.ts:291:19)
    at process.processTicksAndRejections (node:internal/process/task_queues:103:5)
    at async SelectQueryBuilder.loadRawResults (/Users/macintosh/Documents/DEVPRO/Back/src/query-builder/SelectQueryBuilder.ts:3897:25)
    at async SelectQueryBuilder.executeEntitiesAndRawResults (/Users/macintosh/Documents/DEVPRO/Back/src/query-builder/SelectQueryBuilder.ts:3619:26)
    at async SelectQueryBuilder.getRawAndEntities (/Users/macintosh/Documents/DEVPRO/Back/src/query-builder/SelectQueryBuilder.ts:1676:29)
    at async SelectQueryBuilder.getMany (/Users/macintosh/Documents/DEVPRO/Back/src/query-builder/SelectQueryBuilder.ts:1766:25)
    at async /Users/macintosh/Documents/DEVPRO/Back/node_modules/@nestjs/core/router/router-execution-context.js:47:62
    at async /Users/macintosh/Documents/DEVPRO/Back/node_modules/@nestjs/core/router/router-proxy.js:9:17
2026-07-28 18:31:16 [error]: QueryFailedError: Unknown column 'p.box_unit_name' in 'SELECT'
    at MysqlQueryRunner.query (/Users/macintosh/Documents/DEVPRO/Back/src/driver/mysql/MysqlQueryRunner.ts:291:19)
    at process.processTicksAndRejections (node:internal/process/task_queues:103:5)
    at async SelectQueryBuilder.loadRawResults (/Users/macintosh/Documents/DEVPRO/Back/src/query-builder/SelectQueryBuilder.ts:3897:25)
    at async SelectQueryBuilder.executeEntitiesAndRawResults (/Users/macintosh/Documents/DEVPRO/Back/src/query-builder/SelectQueryBuilder.ts:3619:26)
    at async SelectQueryBuilder.getRawAndEntities (/Users/macintosh/Documents/DEVPRO/Back/src/query-builder/SelectQueryBuilder.ts:1676:29)
    at async SelectQueryBuilder.getMany (/Users/macintosh/Documents/DEVPRO/Back/src/query-builder/SelectQueryBuilder.ts:1766:25)
    at async /Users/macintosh/Documents/DEVPRO/Back/node_modules/@nestjs/core/router/router-execution-context.js:47:62
    at async /Users/macintosh/Documents/DEVPRO/Back/node_modules/@nestjs/core/router/router-proxy.js:9:17
2026-07-28 18:32:16 [error]: QueryFailedError: Unknown column 'p.box_unit_name' in 'SELECT'
    at MysqlQueryRunner.query (/Users/macintosh/Documents/DEVPRO/Back/src/driver/mysql/MysqlQueryRunner.ts:291:19)
    at process.processTicksAndRejections (node:internal/process/task_queues:103:5)
    at async SelectQueryBuilder.loadRawResults (/Users/macintosh/Documents/DEVPRO/Back/src/query-builder/SelectQueryBuilder.ts:3897:25)
    at async SelectQueryBuilder.executeEntitiesAndRawResults (/Users/macintosh/Documents/DEVPRO/Back/src/query-builder/SelectQueryBuilder.ts:3619:26)
    at async SelectQueryBuilder.getRawAndEntities (/Users/macintosh/Documents/DEVPRO/Back/src/query-builder/SelectQueryBuilder.ts:1676:29)
    at async SelectQueryBuilder.getMany (/Users/macintosh/Documents/DEVPRO/Back/src/query-builder/SelectQueryBuilder.ts:1766:25)
    at async /Users/macintosh/Documents/DEVPRO/Back/node_modules/@nestjs/core/router/router-execution-context.js:47:62
    at async /Users/macintosh/Documents/DEVPRO/Back/node_modules/@nestjs/core/router/router-proxy.js:9:17
2026-07-28 18:33:16 [error]: QueryFailedError: Unknown column 'p.box_unit_name' in 'SELECT'
    at MysqlQueryRunner.query (/Users/macintosh/Documents/DEVPRO/Back/src/driver/mysql/MysqlQueryRunner.ts:291:19)
    at process.processTicksAndRejections (node:internal/process/task_queues:103:5)
    at async SelectQueryBuilder.loadRawResults (/Users/macintosh/Documents/DEVPRO/Back/src/query-builder/SelectQueryBuilder.ts:3897:25)
    at async SelectQueryBuilder.executeEntitiesAndRawResults (/Users/macintosh/Documents/DEVPRO/Back/src/query-builder/SelectQueryBuilder.ts:3619:26)
    at async SelectQueryBuilder.getRawAndEntities (/Users/macintosh/Documents/DEVPRO/Back/src/query-builder/SelectQueryBuilder.ts:1676:29)
    at async SelectQueryBuilder.getMany (/Users/macintosh/Documents/DEVPRO/Back/src/query-builder/SelectQueryBuilder.ts:1766:25)
    at async /Users/macintosh/Documents/DEVPRO/Back/node_modules/@nestjs/core/router/router-execution-context.js:47:62
    at async /Users/macintosh/Documents/DEVPRO/Back/node_modules/@nestjs/core/router/router-proxy.js:9:17
2026-07-28 18:34:16 [error]: QueryFailedError: Unknown column 'p.box_unit_name' in 'SELECT'
    at MysqlQueryRunner.query (/Users/macintosh/Documents/DEVPRO/Back/src/driver/mysql/MysqlQueryRunner.ts:291:19)
    at process.processTicksAndRejections (node:internal/process/task_queues:103:5)
    at async SelectQueryBuilder.loadRawResults (/Users/macintosh/Documents/DEVPRO/Back/src/query-builder/SelectQueryBuilder.ts:3897:25)
    at async SelectQueryBuilder.executeEntitiesAndRawResults (/Users/macintosh/Documents/DEVPRO/Back/src/query-builder/SelectQueryBuilder.ts:3619:26)
    at async SelectQueryBuilder.getRawAndEntities (/Users/macintosh/Documents/DEVPRO/Back/src/query-builder/SelectQueryBuilder.ts:1676:29)
    at async SelectQueryBuilder.getMany (/Users/macintosh/Documents/DEVPRO/Back/src/query-builder/SelectQueryBuilder.ts:1766:25)
    at async /Users/macintosh/Documents/DEVPRO/Back/node_modules/@nestjs/core/router/router-execution-context.js:47:62
    at async /Users/macintosh/Documents/DEVPRO/Back/node_modules/@nestjs/core/router/router-proxy.js:9:17
2026-07-28 18:35:16 [error]: QueryFailedError: Unknown column 'p.box_unit_name' in 'SELECT'
    at MysqlQueryRunner.query (/Users/macintosh/Documents/DEVPRO/Back/src/driver/mysql/MysqlQueryRunner.ts:291:19)
    at process.processTicksAndRejections (node:internal/process/task_queues:103:5)
    at async SelectQueryBuilder.loadRawResults (/Users/macintosh/Documents/DEVPRO/Back/src/query-builder/SelectQueryBuilder.ts:3897:25)
    at async SelectQueryBuilder.executeEntitiesAndRawResults (/Users/macintosh/Documents/DEVPRO/Back/src/query-builder/SelectQueryBuilder.ts:3619:26)
    at async SelectQueryBuilder.getRawAndEntities (/Users/macintosh/Documents/DEVPRO/Back/src/query-builder/SelectQueryBuilder.ts:1676:29)
    at async SelectQueryBuilder.getMany (/Users/macintosh/Documents/DEVPRO/Back/src/query-builder/SelectQueryBuilder.ts:1766:25)
    at async /Users/macintosh/Documents/DEVPRO/Back/node_modules/@nestjs/core/router/router-execution-context.js:47:62
    at async /Users/macintosh/Documents/DEVPRO/Back/node_modules/@nestjs/core/router/router-proxy.js:9:17
2026-07-28 18:36:16 [error]: QueryFailedError: Unknown column 'p.box_unit_name' in 'SELECT'
    at MysqlQueryRunner.query (/Users/macintosh/Documents/DEVPRO/Back/src/driver/mysql/MysqlQueryRunner.ts:291:19)
    at process.processTicksAndRejections (node:internal/process/task_queues:103:5)
    at async SelectQueryBuilder.loadRawResults (/Users/macintosh/Documents/DEVPRO/Back/src/query-builder/SelectQueryBuilder.ts:3897:25)
    at async SelectQueryBuilder.executeEntitiesAndRawResults (/Users/macintosh/Documents/DEVPRO/Back/src/query-builder/SelectQueryBuilder.ts:3619:26)
    at async SelectQueryBuilder.getRawAndEntities (/Users/macintosh/Documents/DEVPRO/Back/src/query-builder/SelectQueryBuilder.ts:1676:29)
    at async SelectQueryBuilder.getMany (/Users/macintosh/Documents/DEVPRO/Back/src/query-builder/SelectQueryBuilder.ts:1766:25)
    at async /Users/macintosh/Documents/DEVPRO/Back/node_modules/@nestjs/core/router/router-execution-context.js:47:62
    at async /Users/macintosh/Documents/DEVPRO/Back/node_modules/@nestjs/core/router/router-proxy.js:9:17
2026-07-28 18:37:16 [error]: QueryFailedError: Unknown column 'p.box_unit_name' in 'SELECT'
    at MysqlQueryRunner.query (/Users/macintosh/Documents/DEVPRO/Back/src/driver/mysql/MysqlQueryRunner.ts:291:19)
    at process.processTicksAndRejections (node:internal/process/task_queues:103:5)
    at async SelectQueryBuilder.loadRawResults (/Users/macintosh/Documents/DEVPRO/Back/src/query-builder/SelectQueryBuilder.ts:3897:25)
    at async SelectQueryBuilder.executeEntitiesAndRawResults (/Users/macintosh/Documents/DEVPRO/Back/src/query-builder/SelectQueryBuilder.ts:3619:26)
    at async SelectQueryBuilder.getRawAndEntities (/Users/macintosh/Documents/DEVPRO/Back/src/query-builder/SelectQueryBuilder.ts:1676:29)
    at async SelectQueryBuilder.getMany (/Users/macintosh/Documents/DEVPRO/Back/src/query-builder/SelectQueryBuilder.ts:1766:25)
    at async /Users/macintosh/Documents/DEVPRO/Back/node_modules/@nestjs/core/router/router-execution-context.js:47:62
    at async /Users/macintosh/Documents/DEVPRO/Back/node_modules/@nestjs/core/router/router-proxy.js:9:17
2026-07-28 18:38:16 [error]: QueryFailedError: Unknown column 'p.box_unit_name' in 'SELECT'
    at MysqlQueryRunner.query (/Users/macintosh/Documents/DEVPRO/Back/src/driver/mysql/MysqlQueryRunner.ts:291:19)
    at process.processTicksAndRejections (node:internal/process/task_queues:103:5)
    at async SelectQueryBuilder.loadRawResults (/Users/macintosh/Documents/DEVPRO/Back/src/query-builder/SelectQueryBuilder.ts:3897:25)
    at async SelectQueryBuilder.executeEntitiesAndRawResults (/Users/macintosh/Documents/DEVPRO/Back/src/query-builder/SelectQueryBuilder.ts:3619:26)
    at async SelectQueryBuilder.getRawAndEntities (/Users/macintosh/Documents/DEVPRO/Back/src/query-builder/SelectQueryBuilder.ts:1676:29)
    at async SelectQueryBuilder.getMany (/Users/macintosh/Documents/DEVPRO/Back/src/query-builder/SelectQueryBuilder.ts:1766:25)
    at async /Users/macintosh/Documents/DEVPRO/Back/node_modules/@nestjs/core/router/router-execution-context.js:47:62
    at async /Users/macintosh/Documents/DEVPRO/Back/node_modules/@nestjs/core/router/router-proxy.js:9:17
2026-07-28 18:39:16 [error]: QueryFailedError: Unknown column 'p.box_unit_name' in 'SELECT'
    at MysqlQueryRunner.query (/Users/macintosh/Documents/DEVPRO/Back/src/driver/mysql/MysqlQueryRunner.ts:291:19)
    at process.processTicksAndRejections (node:internal/process/task_queues:103:5)
    at async SelectQueryBuilder.loadRawResults (/Users/macintosh/Documents/DEVPRO/Back/src/query-builder/SelectQueryBuilder.ts:3897:25)
    at async SelectQueryBuilder.executeEntitiesAndRawResults (/Users/macintosh/Documents/DEVPRO/Back/src/query-builder/SelectQueryBuilder.ts:3619:26)
    at async SelectQueryBuilder.getRawAndEntities (/Users/macintosh/Documents/DEVPRO/Back/src/query-builder/SelectQueryBuilder.ts:1676:29)
    at async SelectQueryBuilder.getMany (/Users/macintosh/Documents/DEVPRO/Back/src/query-builder/SelectQueryBuilder.ts:1766:25)
    at async /Users/macintosh/Documents/DEVPRO/Back/node_modules/@nestjs/core/router/router-execution-context.js:47:62
    at async /Users/macintosh/Documents/DEVPRO/Back/node_modules/@nestjs/core/router/router-proxy.js:9:17
2026-07-28 18:40:16 [error]: QueryFailedError: Unknown column 'p.box_unit_name' in 'SELECT'
    at MysqlQueryRunner.query (/Users/macintosh/Documents/DEVPRO/Back/src/driver/mysql/MysqlQueryRunner.ts:291:19)
    at process.processTicksAndRejections (node:internal/process/task_queues:103:5)
    at async SelectQueryBuilder.loadRawResults (/Users/macintosh/Documents/DEVPRO/Back/src/query-builder/SelectQueryBuilder.ts:3897:25)
    at async SelectQueryBuilder.executeEntitiesAndRawResults (/Users/macintosh/Documents/DEVPRO/Back/src/query-builder/SelectQueryBuilder.ts:3619:26)
    at async SelectQueryBuilder.getRawAndEntities (/Users/macintosh/Documents/DEVPRO/Back/src/query-builder/SelectQueryBuilder.ts:1676:29)
    at async SelectQueryBuilder.getMany (/Users/macintosh/Documents/DEVPRO/Back/src/query-builder/SelectQueryBuilder.ts:1766:25)
    at async /Users/macintosh/Documents/DEVPRO/Back/node_modules/@nestjs/core/router/router-execution-context.js:47:62
    at async /Users/macintosh/Documents/DEVPRO/Back/node_modules/@nestjs/core/router/router-proxy.js:9:17
2026-07-28 18:41:16 [error]: QueryFailedError: Unknown column 'p.box_unit_name' in 'SELECT'
    at MysqlQueryRunner.query (/Users/macintosh/Documents/DEVPRO/Back/src/driver/mysql/MysqlQueryRunner.ts:291:19)
    at process.processTicksAndRejections (node:internal/process/task_queues:103:5)
    at async SelectQueryBuilder.loadRawResults (/Users/macintosh/Documents/DEVPRO/Back/src/query-builder/SelectQueryBuilder.ts:3897:25)
    at async SelectQueryBuilder.executeEntitiesAndRawResults (/Users/macintosh/Documents/DEVPRO/Back/src/query-builder/SelectQueryBuilder.ts:3619:26)
    at async SelectQueryBuilder.getRawAndEntities (/Users/macintosh/Documents/DEVPRO/Back/src/query-builder/SelectQueryBuilder.ts:1676:29)
    at async SelectQueryBuilder.getMany (/Users/macintosh/Documents/DEVPRO/Back/src/query-builder/SelectQueryBuilder.ts:1766:25)
    at async /Users/macintosh/Documents/DEVPRO/Back/node_modules/@nestjs/core/router/router-execution-context.js:47:62
    at async /Users/macintosh/Documents/DEVPRO/Back/node_modules/@nestjs/core/router/router-proxy.js:9:17
2026-07-28 18:42:16 [error]: QueryFailedError: Unknown column 'p.box_unit_name' in 'SELECT'
    at MysqlQueryRunner.query (/Users/macintosh/Documents/DEVPRO/Back/src/driver/mysql/MysqlQueryRunner.ts:291:19)
    at process.processTicksAndRejections (node:internal/process/task_queues:103:5)
    at async SelectQueryBuilder.loadRawResults (/Users/macintosh/Documents/DEVPRO/Back/src/query-builder/SelectQueryBuilder.ts:3897:25)
    at async SelectQueryBuilder.executeEntitiesAndRawResults (/Users/macintosh/Documents/DEVPRO/Back/src/query-builder/SelectQueryBuilder.ts:3619:26)
    at async SelectQueryBuilder.getRawAndEntities (/Users/macintosh/Documents/DEVPRO/Back/src/query-builder/SelectQueryBuilder.ts:1676:29)
    at async SelectQueryBuilder.getMany (/Users/macintosh/Documents/DEVPRO/Back/src/query-builder/SelectQueryBuilder.ts:1766:25)
    at async /Users/macintosh/Documents/DEVPRO/Back/node_modules/@nestjs/core/router/router-execution-context.js:47:62
    at async /Users/macintosh/Documents/DEVPRO/Back/node_modules/@nestjs/core/router/router-proxy.js:9:17
2026-07-28 18:43:16 [error]: QueryFailedError: Unknown column 'p.box_unit_name' in 'SELECT'
    at MysqlQueryRunner.query (/Users/macintosh/Documents/DEVPRO/Back/src/driver/mysql/MysqlQueryRunner.ts:291:19)
    at process.processTicksAndRejections (node:internal/process/task_queues:103:5)
    at async SelectQueryBuilder.loadRawResults (/Users/macintosh/Documents/DEVPRO/Back/src/query-builder/SelectQueryBuilder.ts:3897:25)
    at async SelectQueryBuilder.executeEntitiesAndRawResults (/Users/macintosh/Documents/DEVPRO/Back/src/query-builder/SelectQueryBuilder.ts:3619:26)
    at async SelectQueryBuilder.getRawAndEntities (/Users/macintosh/Documents/DEVPRO/Back/src/query-builder/SelectQueryBuilder.ts:1676:29)
    at async SelectQueryBuilder.getMany (/Users/macintosh/Documents/DEVPRO/Back/src/query-builder/SelectQueryBuilder.ts:1766:25)
    at async /Users/macintosh/Documents/DEVPRO/Back/node_modules/@nestjs/core/router/router-execution-context.js:47:62
    at async /Users/macintosh/Documents/DEVPRO/Back/node_modules/@nestjs/core/router/router-proxy.js:9:17
2026-07-28 18:44:16 [error]: QueryFailedError: Unknown column 'p.box_unit_name' in 'SELECT'
    at MysqlQueryRunner.query (/Users/macintosh/Documents/DEVPRO/Back/src/driver/mysql/MysqlQueryRunner.ts:291:19)
    at process.processTicksAndRejections (node:internal/process/task_queues:103:5)
    at async SelectQueryBuilder.loadRawResults (/Users/macintosh/Documents/DEVPRO/Back/src/query-builder/SelectQueryBuilder.ts:3897:25)
    at async SelectQueryBuilder.executeEntitiesAndRawResults (/Users/macintosh/Documents/DEVPRO/Back/src/query-builder/SelectQueryBuilder.ts:3619:26)
    at async SelectQueryBuilder.getRawAndEntities (/Users/macintosh/Documents/DEVPRO/Back/src/query-builder/SelectQueryBuilder.ts:1676:29)
    at async SelectQueryBuilder.getMany (/Users/macintosh/Documents/DEVPRO/Back/src/query-builder/SelectQueryBuilder.ts:1766:25)
    at async /Users/macintosh/Documents/DEVPRO/Back/node_modules/@nestjs/core/router/router-execution-context.js:47:62
    at async /Users/macintosh/Documents/DEVPRO/Back/node_modules/@nestjs/core/router/router-proxy.js:9:17
2026-07-28 18:45:16 [error]: QueryFailedError: Unknown column 'p.box_unit_name' in 'SELECT'
    at MysqlQueryRunner.query (/Users/macintosh/Documents/DEVPRO/Back/src/driver/mysql/MysqlQueryRunner.ts:291:19)
    at process.processTicksAndRejections (node:internal/process/task_queues:103:5)
    at async SelectQueryBuilder.loadRawResults (/Users/macintosh/Documents/DEVPRO/Back/src/query-builder/SelectQueryBuilder.ts:3897:25)
    at async SelectQueryBuilder.executeEntitiesAndRawResults (/Users/macintosh/Documents/DEVPRO/Back/src/query-builder/SelectQueryBuilder.ts:3619:26)
    at async SelectQueryBuilder.getRawAndEntities (/Users/macintosh/Documents/DEVPRO/Back/src/query-builder/SelectQueryBuilder.ts:1676:29)
    at async SelectQueryBuilder.getMany (/Users/macintosh/Documents/DEVPRO/Back/src/query-builder/SelectQueryBuilder.ts:1766:25)
    at async /Users/macintosh/Documents/DEVPRO/Back/node_modules/@nestjs/core/router/router-execution-context.js:47:62
    at async /Users/macintosh/Documents/DEVPRO/Back/node_modules/@nestjs/core/router/router-proxy.js:9:17
2026-07-28 18:46:16 [error]: QueryFailedError: Unknown column 'p.box_unit_name' in 'SELECT'
    at MysqlQueryRunner.query (/Users/macintosh/Documents/DEVPRO/Back/src/driver/mysql/MysqlQueryRunner.ts:291:19)
    at process.processTicksAndRejections (node:internal/process/task_queues:103:5)
    at async SelectQueryBuilder.loadRawResults (/Users/macintosh/Documents/DEVPRO/Back/src/query-builder/SelectQueryBuilder.ts:3897:25)
    at async SelectQueryBuilder.executeEntitiesAndRawResults (/Users/macintosh/Documents/DEVPRO/Back/src/query-builder/SelectQueryBuilder.ts:3619:26)
    at async SelectQueryBuilder.getRawAndEntities (/Users/macintosh/Documents/DEVPRO/Back/src/query-builder/SelectQueryBuilder.ts:1676:29)
    at async SelectQueryBuilder.getMany (/Users/macintosh/Documents/DEVPRO/Back/src/query-builder/SelectQueryBuilder.ts:1766:25)
    at async /Users/macintosh/Documents/DEVPRO/Back/node_modules/@nestjs/core/router/router-execution-context.js:47:62
    at async /Users/macintosh/Documents/DEVPRO/Back/node_modules/@nestjs/core/router/router-proxy.js:9:17
2026-07-28 18:47:16 [error]: QueryFailedError: Unknown column 'p.box_unit_name' in 'SELECT'
    at MysqlQueryRunner.query (/Users/macintosh/Documents/DEVPRO/Back/src/driver/mysql/MysqlQueryRunner.ts:291:19)
    at process.processTicksAndRejections (node:internal/process/task_queues:103:5)
    at async SelectQueryBuilder.loadRawResults (/Users/macintosh/Documents/DEVPRO/Back/src/query-builder/SelectQueryBuilder.ts:3897:25)
    at async SelectQueryBuilder.executeEntitiesAndRawResults (/Users/macintosh/Documents/DEVPRO/Back/src/query-builder/SelectQueryBuilder.ts:3619:26)
    at async SelectQueryBuilder.getRawAndEntities (/Users/macintosh/Documents/DEVPRO/Back/src/query-builder/SelectQueryBuilder.ts:1676:29)
    at async SelectQueryBuilder.getMany (/Users/macintosh/Documents/DEVPRO/Back/src/query-builder/SelectQueryBuilder.ts:1766:25)
    at async /Users/macintosh/Documents/DEVPRO/Back/node_modules/@nestjs/core/router/router-execution-context.js:47:62
    at async /Users/macintosh/Documents/DEVPRO/Back/node_modules/@nestjs/core/router/router-proxy.js:9:17
2026-07-28 18:48:16 [error]: QueryFailedError: Unknown column 'p.box_unit_name' in 'SELECT'
    at MysqlQueryRunner.query (/Users/macintosh/Documents/DEVPRO/Back/src/driver/mysql/MysqlQueryRunner.ts:291:19)
    at process.processTicksAndRejections (node:internal/process/task_queues:103:5)
    at async SelectQueryBuilder.loadRawResults (/Users/macintosh/Documents/DEVPRO/Back/src/query-builder/SelectQueryBuilder.ts:3897:25)
    at async SelectQueryBuilder.executeEntitiesAndRawResults (/Users/macintosh/Documents/DEVPRO/Back/src/query-builder/SelectQueryBuilder.ts:3619:26)
    at async SelectQueryBuilder.getRawAndEntities (/Users/macintosh/Documents/DEVPRO/Back/src/query-builder/SelectQueryBuilder.ts:1676:29)
    at async SelectQueryBuilder.getMany (/Users/macintosh/Documents/DEVPRO/Back/src/query-builder/SelectQueryBuilder.ts:1766:25)
    at async /Users/macintosh/Documents/DEVPRO/Back/node_modules/@nestjs/core/router/router-execution-context.js:47:62
    at async /Users/macintosh/Documents/DEVPRO/Back/node_modules/@nestjs/core/router/router-proxy.js:9:17
2026-07-28 18:49:16 [error]: QueryFailedError: Unknown column 'p.box_unit_name' in 'SELECT'
    at MysqlQueryRunner.query (/Users/macintosh/Documents/DEVPRO/Back/src/driver/mysql/MysqlQueryRunner.ts:291:19)
    at process.processTicksAndRejections (node:internal/process/task_queues:103:5)
    at async SelectQueryBuilder.loadRawResults (/Users/macintosh/Documents/DEVPRO/Back/src/query-builder/SelectQueryBuilder.ts:3897:25)
    at async SelectQueryBuilder.executeEntitiesAndRawResults (/Users/macintosh/Documents/DEVPRO/Back/src/query-builder/SelectQueryBuilder.ts:3619:26)
    at async SelectQueryBuilder.getRawAndEntities (/Users/macintosh/Documents/DEVPRO/Back/src/query-builder/SelectQueryBuilder.ts:1676:29)
    at async SelectQueryBuilder.getMany (/Users/macintosh/Documents/DEVPRO/Back/src/query-builder/SelectQueryBuilder.ts:1766:25)
    at async /Users/macintosh/Documents/DEVPRO/Back/node_modules/@nestjs/core/router/router-execution-context.js:47:62
    at async /Users/macintosh/Documents/DEVPRO/Back/node_modules/@nestjs/core/router/router-proxy.js:9:17
2026-07-28 18:50:16 [error]: QueryFailedError: Unknown column 'p.box_unit_name' in 'SELECT'
    at MysqlQueryRunner.query (/Users/macintosh/Documents/DEVPRO/Back/src/driver/mysql/MysqlQueryRunner.ts:291:19)
    at process.processTicksAndRejections (node:internal/process/task_queues:103:5)
    at async SelectQueryBuilder.loadRawResults (/Users/macintosh/Documents/DEVPRO/Back/src/query-builder/SelectQueryBuilder.ts:3897:25)
    at async SelectQueryBuilder.executeEntitiesAndRawResults (/Users/macintosh/Documents/DEVPRO/Back/src/query-builder/SelectQueryBuilder.ts:3619:26)
    at async SelectQueryBuilder.getRawAndEntities (/Users/macintosh/Documents/DEVPRO/Back/src/query-builder/SelectQueryBuilder.ts:1676:29)
    at async SelectQueryBuilder.getMany (/Users/macintosh/Documents/DEVPRO/Back/src/query-builder/SelectQueryBuilder.ts:1766:25)
    at async /Users/macintosh/Documents/DEVPRO/Back/node_modules/@nestjs/core/router/router-execution-context.js:47:62
    at async /Users/macintosh/Documents/DEVPRO/Back/node_modules/@nestjs/core/router/router-proxy.js:9:17
2026-07-28 18:51:16 [error]: QueryFailedError: Unknown column 'p.box_unit_name' in 'SELECT'
    at MysqlQueryRunner.query (/Users/macintosh/Documents/DEVPRO/Back/src/driver/mysql/MysqlQueryRunner.ts:291:19)
    at process.processTicksAndRejections (node:internal/process/task_queues:103:5)
    at async SelectQueryBuilder.loadRawResults (/Users/macintosh/Documents/DEVPRO/Back/src/query-builder/SelectQueryBuilder.ts:3897:25)
    at async SelectQueryBuilder.executeEntitiesAndRawResults (/Users/macintosh/Documents/DEVPRO/Back/src/query-builder/SelectQueryBuilder.ts:3619:26)
    at async SelectQueryBuilder.getRawAndEntities (/Users/macintosh/Documents/DEVPRO/Back/src/query-builder/SelectQueryBuilder.ts:1676:29)
    at async SelectQueryBuilder.getMany (/Users/macintosh/Documents/DEVPRO/Back/src/query-builder/SelectQueryBuilder.ts:1766:25)
    at async /Users/macintosh/Documents/DEVPRO/Back/node_modules/@nestjs/core/router/router-execution-context.js:47:62
    at async /Users/macintosh/Documents/DEVPRO/Back/node_modules/@nestjs/core/router/router-proxy.js:9:17
2026-07-28 18:52:16 [error]: QueryFailedError: Unknown column 'p.box_unit_name' in 'SELECT'
    at MysqlQueryRunner.query (/Users/macintosh/Documents/DEVPRO/Back/src/driver/mysql/MysqlQueryRunner.ts:291:19)
    at process.processTicksAndRejections (node:internal/process/task_queues:103:5)
    at async SelectQueryBuilder.loadRawResults (/Users/macintosh/Documents/DEVPRO/Back/src/query-builder/SelectQueryBuilder.ts:3897:25)
    at async SelectQueryBuilder.executeEntitiesAndRawResults (/Users/macintosh/Documents/DEVPRO/Back/src/query-builder/SelectQueryBuilder.ts:3619:26)
    at async SelectQueryBuilder.getRawAndEntities (/Users/macintosh/Documents/DEVPRO/Back/src/query-builder/SelectQueryBuilder.ts:1676:29)
    at async SelectQueryBuilder.getMany (/Users/macintosh/Documents/DEVPRO/Back/src/query-builder/SelectQueryBuilder.ts:1766:25)
    at async /Users/macintosh/Documents/DEVPRO/Back/node_modules/@nestjs/core/router/router-execution-context.js:47:62
    at async /Users/macintosh/Documents/DEVPRO/Back/node_modules/@nestjs/core/router/router-proxy.js:9:17
2026-07-28 18:53:16 [error]: QueryFailedError: Unknown column 'p.box_unit_name' in 'SELECT'
    at MysqlQueryRunner.query (/Users/macintosh/Documents/DEVPRO/Back/src/driver/mysql/MysqlQueryRunner.ts:291:19)
    at process.processTicksAndRejections (node:internal/process/task_queues:103:5)
    at async SelectQueryBuilder.loadRawResults (/Users/macintosh/Documents/DEVPRO/Back/src/query-builder/SelectQueryBuilder.ts:3897:25)
    at async SelectQueryBuilder.executeEntitiesAndRawResults (/Users/macintosh/Documents/DEVPRO/Back/src/query-builder/SelectQueryBuilder.ts:3619:26)
    at async SelectQueryBuilder.getRawAndEntities (/Users/macintosh/Documents/DEVPRO/Back/src/query-builder/SelectQueryBuilder.ts:1676:29)
    at async SelectQueryBuilder.getMany (/Users/macintosh/Documents/DEVPRO/Back/src/query-builder/SelectQueryBuilder.ts:1766:25)
    at async /Users/macintosh/Documents/DEVPRO/Back/node_modules/@nestjs/core/router/router-execution-context.js:47:62
    at async /Users/macintosh/Documents/DEVPRO/Back/node_modules/@nestjs/core/router/router-proxy.js:9:17
2026-07-28 18:54:16 [error]: QueryFailedError: Unknown column 'p.box_unit_name' in 'SELECT'
    at MysqlQueryRunner.query (/Users/macintosh/Documents/DEVPRO/Back/src/driver/mysql/MysqlQueryRunner.ts:291:19)
    at process.processTicksAndRejections (node:internal/process/task_queues:103:5)
    at async SelectQueryBuilder.loadRawResults (/Users/macintosh/Documents/DEVPRO/Back/src/query-builder/SelectQueryBuilder.ts:3897:25)
    at async SelectQueryBuilder.executeEntitiesAndRawResults (/Users/macintosh/Documents/DEVPRO/Back/src/query-builder/SelectQueryBuilder.ts:3619:26)
    at async SelectQueryBuilder.getRawAndEntities (/Users/macintosh/Documents/DEVPRO/Back/src/query-builder/SelectQueryBuilder.ts:1676:29)
    at async SelectQueryBuilder.getMany (/Users/macintosh/Documents/DEVPRO/Back/src/query-builder/SelectQueryBuilder.ts:1766:25)
    at async /Users/macintosh/Documents/DEVPRO/Back/node_modules/@nestjs/core/router/router-execution-context.js:47:62
    at async /Users/macintosh/Documents/DEVPRO/Back/node_modules/@nestjs/core/router/router-proxy.js:9:17
2026-07-28 18:55:16 [error]: QueryFailedError: Unknown column 'p.box_unit_name' in 'SELECT'
    at MysqlQueryRunner.query (/Users/macintosh/Documents/DEVPRO/Back/src/driver/mysql/MysqlQueryRunner.ts:291:19)
    at process.processTicksAndRejections (node:internal/process/task_queues:103:5)
    at async SelectQueryBuilder.loadRawResults (/Users/macintosh/Documents/DEVPRO/Back/src/query-builder/SelectQueryBuilder.ts:3897:25)
    at async SelectQueryBuilder.executeEntitiesAndRawResults (/Users/macintosh/Documents/DEVPRO/Back/src/query-builder/SelectQueryBuilder.ts:3619:26)
    at async SelectQueryBuilder.getRawAndEntities (/Users/macintosh/Documents/DEVPRO/Back/src/query-builder/SelectQueryBuilder.ts:1676:29)
    at async SelectQueryBuilder.getMany (/Users/macintosh/Documents/DEVPRO/Back/src/query-builder/SelectQueryBuilder.ts:1766:25)
    at async /Users/macintosh/Documents/DEVPRO/Back/node_modules/@nestjs/core/router/router-execution-context.js:47:62
    at async /Users/macintosh/Documents/DEVPRO/Back/node_modules/@nestjs/core/router/router-proxy.js:9:17
2026-07-28 18:56:16 [error]: QueryFailedError: Unknown column 'p.box_unit_name' in 'SELECT'
    at MysqlQueryRunner.query (/Users/macintosh/Documents/DEVPRO/Back/src/driver/mysql/MysqlQueryRunner.ts:291:19)
    at process.processTicksAndRejections (node:internal/process/task_queues:103:5)
    at async SelectQueryBuilder.loadRawResults (/Users/macintosh/Documents/DEVPRO/Back/src/query-builder/SelectQueryBuilder.ts:3897:25)
    at async SelectQueryBuilder.executeEntitiesAndRawResults (/Users/macintosh/Documents/DEVPRO/Back/src/query-builder/SelectQueryBuilder.ts:3619:26)
    at async SelectQueryBuilder.getRawAndEntities (/Users/macintosh/Documents/DEVPRO/Back/src/query-builder/SelectQueryBuilder.ts:1676:29)
    at async SelectQueryBuilder.getMany (/Users/macintosh/Documents/DEVPRO/Back/src/query-builder/SelectQueryBuilder.ts:1766:25)
    at async /Users/macintosh/Documents/DEVPRO/Back/node_modules/@nestjs/core/router/router-execution-context.js:47:62
    at async /Users/macintosh/Documents/DEVPRO/Back/node_modules/@nestjs/core/router/router-proxy.js:9:17
2026-07-28 18:57:16 [error]: QueryFailedError: Unknown column 'p.box_unit_name' in 'SELECT'
    at MysqlQueryRunner.query (/Users/macintosh/Documents/DEVPRO/Back/src/driver/mysql/MysqlQueryRunner.ts:291:19)
    at process.processTicksAndRejections (node:internal/process/task_queues:103:5)
    at async SelectQueryBuilder.loadRawResults (/Users/macintosh/Documents/DEVPRO/Back/src/query-builder/SelectQueryBuilder.ts:3897:25)
    at async SelectQueryBuilder.executeEntitiesAndRawResults (/Users/macintosh/Documents/DEVPRO/Back/src/query-builder/SelectQueryBuilder.ts:3619:26)
    at async SelectQueryBuilder.getRawAndEntities (/Users/macintosh/Documents/DEVPRO/Back/src/query-builder/SelectQueryBuilder.ts:1676:29)
    at async SelectQueryBuilder.getMany (/Users/macintosh/Documents/DEVPRO/Back/src/query-builder/SelectQueryBuilder.ts:1766:25)
    at async /Users/macintosh/Documents/DEVPRO/Back/node_modules/@nestjs/core/router/router-execution-context.js:47:62
    at async /Users/macintosh/Documents/DEVPRO/Back/node_modules/@nestjs/core/router/router-proxy.js:9:17
2026-07-28 18:58:16 [error]: QueryFailedError: Unknown column 'p.box_unit_name' in 'SELECT'
    at MysqlQueryRunner.query (/Users/macintosh/Documents/DEVPRO/Back/src/driver/mysql/MysqlQueryRunner.ts:291:19)
    at process.processTicksAndRejections (node:internal/process/task_queues:103:5)
    at async SelectQueryBuilder.loadRawResults (/Users/macintosh/Documents/DEVPRO/Back/src/query-builder/SelectQueryBuilder.ts:3897:25)
    at async SelectQueryBuilder.executeEntitiesAndRawResults (/Users/macintosh/Documents/DEVPRO/Back/src/query-builder/SelectQueryBuilder.ts:3619:26)
    at async SelectQueryBuilder.getRawAndEntities (/Users/macintosh/Documents/DEVPRO/Back/src/query-builder/SelectQueryBuilder.ts:1676:29)
    at async SelectQueryBuilder.getMany (/Users/macintosh/Documents/DEVPRO/Back/src/query-builder/SelectQueryBuilder.ts:1766:25)
    at async /Users/macintosh/Documents/DEVPRO/Back/node_modules/@nestjs/core/router/router-execution-context.js:47:62
    at async /Users/macintosh/Documents/DEVPRO/Back/node_modules/@nestjs/core/router/router-proxy.js:9:17
2026-07-28 18:58:50 [info]: Starting Nest application...
2026-07-28 18:58:50 [info]: AppModule dependencies initialized
2026-07-28 18:58:50 [info]: TypeOrmModule dependencies initialized
2026-07-28 18:58:50 [info]: PassportModule dependencies initialized
2026-07-28 18:58:50 [info]: ConfigHostModule dependencies initialized
2026-07-28 18:58:50 [info]: WinstonModule dependencies initialized
2026-07-28 18:58:50 [info]: HealthModule dependencies initialized
2026-07-28 18:58:50 [info]: HttpModule dependencies initialized
2026-07-28 18:58:50 [info]: DiscoveryModule dependencies initialized
2026-07-28 18:58:50 [info]: ConfigModule dependencies initialized
2026-07-28 18:58:50 [info]: ConfigModule dependencies initialized
2026-07-28 18:58:50 [info]: EventEmitterModule dependencies initialized
2026-07-28 18:58:50 [info]: ScheduleModule dependencies initialized
2026-07-28 18:58:50 [info]: JwtModule dependencies initialized
2026-07-28 18:58:50 [info]: TypeOrmCoreModule dependencies initialized
2026-07-28 18:58:50 [info]: TypeOrmModule dependencies initialized
2026-07-28 18:58:50 [info]: TypeOrmModule dependencies initialized
2026-07-28 18:58:50 [info]: TypeOrmModule dependencies initialized
2026-07-28 18:58:50 [info]: TypeOrmModule dependencies initialized
2026-07-28 18:58:50 [info]: TypeOrmModule dependencies initialized
2026-07-28 18:58:50 [info]: TypeOrmModule dependencies initialized
2026-07-28 18:58:50 [info]: TypeOrmModule dependencies initialized
2026-07-28 18:58:50 [info]: TypeOrmModule dependencies initialized
2026-07-28 18:58:50 [info]: TypeOrmModule dependencies initialized
2026-07-28 18:58:50 [info]: TypeOrmModule dependencies initialized
2026-07-28 18:58:50 [info]: TypeOrmModule dependencies initialized
2026-07-28 18:58:50 [info]: CategoryModule dependencies initialized
2026-07-28 18:58:50 [info]: SupplierModule dependencies initialized
2026-07-28 18:58:50 [info]: CustomerModule dependencies initialized
2026-07-28 18:58:50 [info]: AuthModule dependencies initialized
2026-07-28 18:58:50 [info]: EstablishmentsModule dependencies initialized
2026-07-28 18:58:50 [info]: UserModule dependencies initialized
2026-07-28 18:58:50 [info]: ProductModule dependencies initialized
2026-07-28 18:58:50 [info]: PurchaseOrderModule dependencies initialized
2026-07-28 18:58:50 [info]: CompanySettingsModule dependencies initialized
2026-07-28 18:58:50 [info]: SaleModule dependencies initialized
2026-07-28 18:58:50 [info]: CashModule dependencies initialized
2026-07-28 18:58:50 [info]: AuthController {/api/auth} (version: 1):
2026-07-28 18:58:50 [info]: Mapped {/api/auth/login, POST} (version: 1) route
2026-07-28 18:58:50 [info]: Mapped {/api/auth/status, GET} (version: 1) route
2026-07-28 18:58:50 [info]: UserController {/api/users} (version: 1):
2026-07-28 18:58:50 [info]: Mapped {/api/users, GET} (version: 1) route
2026-07-28 18:58:50 [info]: Mapped {/api/users/:id, GET} (version: 1) route
2026-07-28 18:58:50 [info]: Mapped {/api/users, POST} (version: 1) route
2026-07-28 18:58:50 [info]: Mapped {/api/users/:id, PUT} (version: 1) route
2026-07-28 18:58:50 [info]: Mapped {/api/users/:id, DELETE} (version: 1) route
2026-07-28 18:58:50 [info]: HealthController {/api/health} (version: 1):
2026-07-28 18:58:50 [info]: Mapped {/api/health, GET} (version: 1) route
2026-07-28 18:58:50 [info]: CategoryController {/api/categories} (version: 1):
2026-07-28 18:58:50 [info]: Mapped {/api/categories, GET} (version: 1) route
2026-07-28 18:58:50 [info]: Mapped {/api/categories/:id, GET} (version: 1) route
2026-07-28 18:58:50 [info]: Mapped {/api/categories, POST} (version: 1) route
2026-07-28 18:58:50 [info]: Mapped {/api/categories/:id, PUT} (version: 1) route
2026-07-28 18:58:50 [info]: Mapped {/api/categories/:id, DELETE} (version: 1) route
2026-07-28 18:58:50 [info]: SupplierController {/api/suppliers} (version: 1):
2026-07-28 18:58:50 [info]: Mapped {/api/suppliers, GET} (version: 1) route
2026-07-28 18:58:50 [info]: Mapped {/api/suppliers/:id, GET} (version: 1) route
2026-07-28 18:58:50 [info]: Mapped {/api/suppliers, POST} (version: 1) route
2026-07-28 18:58:50 [info]: Mapped {/api/suppliers/:id, PUT} (version: 1) route
2026-07-28 18:58:50 [info]: Mapped {/api/suppliers/:id, DELETE} (version: 1) route
2026-07-28 18:58:50 [info]: ProductController {/api/products} (version: 1):
2026-07-28 18:58:50 [info]: Mapped {/api/products, GET} (version: 1) route
2026-07-28 18:58:50 [info]: Mapped {/api/products/low-stock, GET} (version: 1) route
2026-07-28 18:58:50 [info]: Mapped {/api/products/excel/template, GET} (version: 1) route
2026-07-28 18:58:50 [info]: Mapped {/api/products/excel/import, POST} (version: 1) route
2026-07-28 18:58:50 [info]: Mapped {/api/products/barcode/:barcode, GET} (version: 1) route
2026-07-28 18:58:50 [info]: Mapped {/api/products/:id, GET} (version: 1) route
2026-07-28 18:58:50 [info]: Mapped {/api/products, POST} (version: 1) route
2026-07-28 18:58:50 [info]: Mapped {/api/products/:id, PUT} (version: 1) route
2026-07-28 18:58:50 [info]: Mapped {/api/products/:id, DELETE} (version: 1) route
2026-07-28 18:58:50 [info]: Mapped {/api/products/:id/batches, GET} (version: 1) route
2026-07-28 18:58:50 [info]: Mapped {/api/products/:id/stock/add, PATCH} (version: 1) route
2026-07-28 18:58:50 [info]: Mapped {/api/products/:id/stock/subtract, PATCH} (version: 1) route
2026-07-28 18:58:50 [info]: CustomerController {/api/customers} (version: 1):
2026-07-28 18:58:50 [info]: Mapped {/api/customers, GET} (version: 1) route
2026-07-28 18:58:50 [info]: Mapped {/api/customers/lookup/:doc, GET} (version: 1) route
2026-07-28 18:58:50 [info]: Mapped {/api/customers/:id, GET} (version: 1) route
2026-07-28 18:58:50 [info]: Mapped {/api/customers, POST} (version: 1) route
2026-07-28 18:58:50 [info]: Mapped {/api/customers/:id, PUT} (version: 1) route
2026-07-28 18:58:50 [info]: Mapped {/api/customers/:id, DELETE} (version: 1) route
2026-07-28 18:58:50 [info]: SaleController {/api/sales} (version: 1):
2026-07-28 18:58:50 [info]: Mapped {/api/sales, GET} (version: 1) route
2026-07-28 18:58:50 [info]: Mapped {/api/sales/summary, GET} (version: 1) route
2026-07-28 18:58:50 [info]: Mapped {/api/sales/comprobante/pdf/:token, GET} (version: 1) route
2026-07-28 18:58:50 [info]: Mapped {/api/sales/:id/pdf-token, GET} (version: 1) route
2026-07-28 18:58:50 [info]: Mapped {/api/sales/:id/pdf, GET} (version: 1) route
2026-07-28 18:58:50 [info]: Mapped {/api/sales/:id, GET} (version: 1) route
2026-07-28 18:58:50 [info]: Mapped {/api/sales, POST} (version: 1) route
2026-07-28 18:58:50 [info]: Mapped {/api/sales/credit-note, POST} (version: 1) route
2026-07-28 18:58:50 [info]: Mapped {/api/sales/:id/void, PATCH} (version: 1) route
2026-07-28 18:58:50 [info]: Mapped {/api/sales/:id/send-whatsapp, POST} (version: 1) route
2026-07-28 18:58:50 [info]: Mapped {/api/sales/:id/resend-sunat, POST} (version: 1) route
2026-07-28 18:58:50 [info]: CompanySettingsController {/api/company-settings} (version: 1):
2026-07-28 18:58:50 [info]: Mapped {/api/company-settings, GET} (version: 1) route
2026-07-28 18:58:50 [info]: Mapped {/api/company-settings, PUT} (version: 1) route
2026-07-28 18:58:50 [info]: Mapped {/api/company-settings/logo, POST} (version: 1) route
2026-07-28 18:58:50 [info]: Mapped {/api/company-settings/register-sunat-api, POST} (version: 1) route
2026-07-28 18:58:50 [info]: CashController {/api/caja} (version: 1):
2026-07-28 18:58:50 [info]: Mapped {/api/caja/abrir, POST} (version: 1) route
2026-07-28 18:58:50 [info]: Mapped {/api/caja/activa, GET} (version: 1) route
2026-07-28 18:58:50 [info]: Mapped {/api/caja/resumen, GET} (version: 1) route
2026-07-28 18:58:50 [info]: Mapped {/api/caja/movimiento, POST} (version: 1) route
2026-07-28 18:58:50 [info]: Mapped {/api/caja/cerrar, POST} (version: 1) route
2026-07-28 18:58:50 [info]: Mapped {/api/caja/historial, GET} (version: 1) route
2026-07-28 18:58:50 [info]: Mapped {/api/caja/sesion/:id, GET} (version: 1) route
2026-07-28 18:58:50 [info]: PurchaseOrderController {/api/purchase-orders} (version: 1):
2026-07-28 18:58:50 [info]: Mapped {/api/purchase-orders, GET} (version: 1) route
2026-07-28 18:58:50 [info]: Mapped {/api/purchase-orders/:id, GET} (version: 1) route
2026-07-28 18:58:50 [info]: Mapped {/api/purchase-orders, POST} (version: 1) route
2026-07-28 18:58:50 [info]: Mapped {/api/purchase-orders/:id/receive, PATCH} (version: 1) route
2026-07-28 18:58:50 [info]: Mapped {/api/purchase-orders/:id/cancel, PATCH} (version: 1) route
2026-07-28 18:58:50 [info]: EstablishmentsController {/api/establishments} (version: 1):
2026-07-28 18:58:50 [info]: Mapped {/api/establishments, GET} (version: 1) route
2026-07-28 18:58:50 [info]: Mapped {/api/establishments, POST} (version: 1) route
2026-07-28 18:58:50 [info]: Mapped {/api/establishments/series, GET} (version: 1) route
2026-07-28 18:58:50 [info]: Mapped {/api/establishments/series, POST} (version: 1) route
2026-07-28 18:58:50 [info]: Facturación electrónica: Adaptador inicializado.
2026-07-28 18:58:50 [info]: Facturación electrónica: Adaptador inicializado.
2026-07-28 18:58:50 [info]: Nest application successfully started
2026-07-28 20:54:47 [error]: QueryFailedError: Duplicate entry 'F001-00000014' for key 'IDX_sales_invoice_number'
    at MysqlQueryRunner.query (/Users/macintosh/Documents/DEVPRO/Back/src/driver/mysql/MysqlQueryRunner.ts:291:19)
    at process.processTicksAndRejections (node:internal/process/task_queues:103:5)
    at async InsertQueryBuilder.execute (/Users/macintosh/Documents/DEVPRO/Back/src/query-builder/InsertQueryBuilder.ts:166:33)
    at async SubjectExecutor.executeInsertOperations (/Users/macintosh/Documents/DEVPRO/Back/src/persistence/SubjectExecutor.ts:435:42)
    at async SubjectExecutor.execute (/Users/macintosh/Documents/DEVPRO/Back/src/persistence/SubjectExecutor.ts:137:9)
    at async EntityPersistExecutor.execute (/Users/macintosh/Documents/DEVPRO/Back/src/persistence/EntityPersistExecutor.ts:190:21)
    at async <anonymous> (/Users/macintosh/Documents/DEVPRO/Back/src/domain/services/sale.service.ts:306:25)
    at async EntityManager.transaction (/Users/macintosh/Documents/DEVPRO/Back/src/entity-manager/EntityManager.ts:159:28)
    at async SaleService.create (/Users/macintosh/Documents/DEVPRO/Back/src/domain/services/sale.service.ts:80:20)
    at async /Users/macintosh/Documents/DEVPRO/Back/node_modules/@nestjs/core/router/router-execution-context.js:47:62
    at async /Users/macintosh/Documents/DEVPRO/Back/node_modules/@nestjs/core/router/router-proxy.js:9:17
2026-07-28 20:54:59 [error]: QueryFailedError: Duplicate entry 'F001-00000014' for key 'IDX_sales_invoice_number'
    at MysqlQueryRunner.query (/Users/macintosh/Documents/DEVPRO/Back/src/driver/mysql/MysqlQueryRunner.ts:291:19)
    at process.processTicksAndRejections (node:internal/process/task_queues:103:5)
    at async InsertQueryBuilder.execute (/Users/macintosh/Documents/DEVPRO/Back/src/query-builder/InsertQueryBuilder.ts:166:33)
    at async SubjectExecutor.executeInsertOperations (/Users/macintosh/Documents/DEVPRO/Back/src/persistence/SubjectExecutor.ts:435:42)
    at async SubjectExecutor.execute (/Users/macintosh/Documents/DEVPRO/Back/src/persistence/SubjectExecutor.ts:137:9)
    at async EntityPersistExecutor.execute (/Users/macintosh/Documents/DEVPRO/Back/src/persistence/EntityPersistExecutor.ts:190:21)
    at async <anonymous> (/Users/macintosh/Documents/DEVPRO/Back/src/domain/services/sale.service.ts:306:25)
    at async EntityManager.transaction (/Users/macintosh/Documents/DEVPRO/Back/src/entity-manager/EntityManager.ts:159:28)
    at async SaleService.create (/Users/macintosh/Documents/DEVPRO/Back/src/domain/services/sale.service.ts:80:20)
    at async /Users/macintosh/Documents/DEVPRO/Back/node_modules/@nestjs/core/router/router-execution-context.js:47:62
    at async /Users/macintosh/Documents/DEVPRO/Back/node_modules/@nestjs/core/router/router-proxy.js:9:17
2026-07-28 20:55:00 [error]: QueryFailedError: Duplicate entry 'F001-00000014' for key 'IDX_sales_invoice_number'
    at MysqlQueryRunner.query (/Users/macintosh/Documents/DEVPRO/Back/src/driver/mysql/MysqlQueryRunner.ts:291:19)
    at process.processTicksAndRejections (node:internal/process/task_queues:103:5)
    at async InsertQueryBuilder.execute (/Users/macintosh/Documents/DEVPRO/Back/src/query-builder/InsertQueryBuilder.ts:166:33)
    at async SubjectExecutor.executeInsertOperations (/Users/macintosh/Documents/DEVPRO/Back/src/persistence/SubjectExecutor.ts:435:42)
    at async SubjectExecutor.execute (/Users/macintosh/Documents/DEVPRO/Back/src/persistence/SubjectExecutor.ts:137:9)
    at async EntityPersistExecutor.execute (/Users/macintosh/Documents/DEVPRO/Back/src/persistence/EntityPersistExecutor.ts:190:21)
    at async <anonymous> (/Users/macintosh/Documents/DEVPRO/Back/src/domain/services/sale.service.ts:306:25)
    at async EntityManager.transaction (/Users/macintosh/Documents/DEVPRO/Back/src/entity-manager/EntityManager.ts:159:28)
    at async SaleService.create (/Users/macintosh/Documents/DEVPRO/Back/src/domain/services/sale.service.ts:80:20)
    at async /Users/macintosh/Documents/DEVPRO/Back/node_modules/@nestjs/core/router/router-execution-context.js:47:62
    at async /Users/macintosh/Documents/DEVPRO/Back/node_modules/@nestjs/core/router/router-proxy.js:9:17
2026-07-28 20:55:01 [error]: QueryFailedError: Duplicate entry 'F001-00000014' for key 'IDX_sales_invoice_number'
    at MysqlQueryRunner.query (/Users/macintosh/Documents/DEVPRO/Back/src/driver/mysql/MysqlQueryRunner.ts:291:19)
    at process.processTicksAndRejections (node:internal/process/task_queues:103:5)
    at async InsertQueryBuilder.execute (/Users/macintosh/Documents/DEVPRO/Back/src/query-builder/InsertQueryBuilder.ts:166:33)
    at async SubjectExecutor.executeInsertOperations (/Users/macintosh/Documents/DEVPRO/Back/src/persistence/SubjectExecutor.ts:435:42)
    at async SubjectExecutor.execute (/Users/macintosh/Documents/DEVPRO/Back/src/persistence/SubjectExecutor.ts:137:9)
    at async EntityPersistExecutor.execute (/Users/macintosh/Documents/DEVPRO/Back/src/persistence/EntityPersistExecutor.ts:190:21)
    at async <anonymous> (/Users/macintosh/Documents/DEVPRO/Back/src/domain/services/sale.service.ts:306:25)
    at async EntityManager.transaction (/Users/macintosh/Documents/DEVPRO/Back/src/entity-manager/EntityManager.ts:159:28)
    at async SaleService.create (/Users/macintosh/Documents/DEVPRO/Back/src/domain/services/sale.service.ts:80:20)
    at async /Users/macintosh/Documents/DEVPRO/Back/node_modules/@nestjs/core/router/router-execution-context.js:47:62
    at async /Users/macintosh/Documents/DEVPRO/Back/node_modules/@nestjs/core/router/router-proxy.js:9:17
2026-07-28 21:03:26 [info]: Starting Nest application...
2026-07-28 21:03:26 [info]: AppModule dependencies initialized
2026-07-28 21:03:26 [info]: TypeOrmModule dependencies initialized
2026-07-28 21:03:26 [info]: PassportModule dependencies initialized
2026-07-28 21:03:26 [info]: ConfigHostModule dependencies initialized
2026-07-28 21:03:26 [info]: WinstonModule dependencies initialized
2026-07-28 21:03:26 [info]: HealthModule dependencies initialized
2026-07-28 21:03:26 [info]: HttpModule dependencies initialized
2026-07-28 21:03:26 [info]: DiscoveryModule dependencies initialized
2026-07-28 21:03:26 [info]: ConfigModule dependencies initialized
2026-07-28 21:03:26 [info]: ConfigModule dependencies initialized
2026-07-28 21:03:26 [info]: EventEmitterModule dependencies initialized
2026-07-28 21:03:26 [info]: ScheduleModule dependencies initialized
2026-07-28 21:03:26 [info]: JwtModule dependencies initialized
2026-07-28 21:03:26 [info]: TypeOrmCoreModule dependencies initialized
2026-07-28 21:03:26 [info]: TypeOrmModule dependencies initialized
2026-07-28 21:03:26 [info]: TypeOrmModule dependencies initialized
2026-07-28 21:03:26 [info]: TypeOrmModule dependencies initialized
2026-07-28 21:03:26 [info]: TypeOrmModule dependencies initialized
2026-07-28 21:03:26 [info]: TypeOrmModule dependencies initialized
2026-07-28 21:03:26 [info]: TypeOrmModule dependencies initialized
2026-07-28 21:03:26 [info]: TypeOrmModule dependencies initialized
2026-07-28 21:03:26 [info]: TypeOrmModule dependencies initialized
2026-07-28 21:03:26 [info]: TypeOrmModule dependencies initialized
2026-07-28 21:03:26 [info]: TypeOrmModule dependencies initialized
2026-07-28 21:03:26 [info]: TypeOrmModule dependencies initialized
2026-07-28 21:03:26 [info]: CategoryModule dependencies initialized
2026-07-28 21:03:26 [info]: SupplierModule dependencies initialized
2026-07-28 21:03:26 [info]: CustomerModule dependencies initialized
2026-07-28 21:03:26 [info]: AuthModule dependencies initialized
2026-07-28 21:03:26 [info]: EstablishmentsModule dependencies initialized
2026-07-28 21:03:26 [info]: UserModule dependencies initialized
2026-07-28 21:03:26 [info]: ProductModule dependencies initialized
2026-07-28 21:03:26 [info]: PurchaseOrderModule dependencies initialized
2026-07-28 21:03:26 [info]: CompanySettingsModule dependencies initialized
2026-07-28 21:03:26 [info]: SaleModule dependencies initialized
2026-07-28 21:03:26 [info]: CashModule dependencies initialized
2026-07-28 21:03:26 [info]: AuthController {/api/auth} (version: 1):
2026-07-28 21:03:26 [info]: Mapped {/api/auth/login, POST} (version: 1) route
2026-07-28 21:03:26 [info]: Mapped {/api/auth/status, GET} (version: 1) route
2026-07-28 21:03:26 [info]: UserController {/api/users} (version: 1):
2026-07-28 21:03:26 [info]: Mapped {/api/users, GET} (version: 1) route
2026-07-28 21:03:26 [info]: Mapped {/api/users/:id, GET} (version: 1) route
2026-07-28 21:03:26 [info]: Mapped {/api/users, POST} (version: 1) route
2026-07-28 21:03:26 [info]: Mapped {/api/users/:id, PUT} (version: 1) route
2026-07-28 21:03:26 [info]: Mapped {/api/users/:id, DELETE} (version: 1) route
2026-07-28 21:03:26 [info]: HealthController {/api/health} (version: 1):
2026-07-28 21:03:26 [info]: Mapped {/api/health, GET} (version: 1) route
2026-07-28 21:03:26 [info]: CategoryController {/api/categories} (version: 1):
2026-07-28 21:03:26 [info]: Mapped {/api/categories, GET} (version: 1) route
2026-07-28 21:03:26 [info]: Mapped {/api/categories/:id, GET} (version: 1) route
2026-07-28 21:03:26 [info]: Mapped {/api/categories, POST} (version: 1) route
2026-07-28 21:03:26 [info]: Mapped {/api/categories/:id, PUT} (version: 1) route
2026-07-28 21:03:26 [info]: Mapped {/api/categories/:id, DELETE} (version: 1) route
2026-07-28 21:03:26 [info]: SupplierController {/api/suppliers} (version: 1):
2026-07-28 21:03:26 [info]: Mapped {/api/suppliers, GET} (version: 1) route
2026-07-28 21:03:26 [info]: Mapped {/api/suppliers/:id, GET} (version: 1) route
2026-07-28 21:03:26 [info]: Mapped {/api/suppliers, POST} (version: 1) route
2026-07-28 21:03:26 [info]: Mapped {/api/suppliers/:id, PUT} (version: 1) route
2026-07-28 21:03:26 [info]: Mapped {/api/suppliers/:id, DELETE} (version: 1) route
2026-07-28 21:03:26 [info]: ProductController {/api/products} (version: 1):
2026-07-28 21:03:26 [info]: Mapped {/api/products, GET} (version: 1) route
2026-07-28 21:03:26 [info]: Mapped {/api/products/low-stock, GET} (version: 1) route
2026-07-28 21:03:26 [info]: Mapped {/api/products/excel/template, GET} (version: 1) route
2026-07-28 21:03:26 [info]: Mapped {/api/products/excel/import, POST} (version: 1) route
2026-07-28 21:03:26 [info]: Mapped {/api/products/barcode/:barcode, GET} (version: 1) route
2026-07-28 21:03:26 [info]: Mapped {/api/products/:id, GET} (version: 1) route
2026-07-28 21:03:26 [info]: Mapped {/api/products, POST} (version: 1) route
2026-07-28 21:03:26 [info]: Mapped {/api/products/:id, PUT} (version: 1) route
2026-07-28 21:03:26 [info]: Mapped {/api/products/:id, DELETE} (version: 1) route
2026-07-28 21:03:26 [info]: Mapped {/api/products/:id/batches, GET} (version: 1) route
2026-07-28 21:03:26 [info]: Mapped {/api/products/:id/stock/add, PATCH} (version: 1) route
2026-07-28 21:03:26 [info]: Mapped {/api/products/:id/stock/subtract, PATCH} (version: 1) route
2026-07-28 21:03:26 [info]: CustomerController {/api/customers} (version: 1):
2026-07-28 21:03:26 [info]: Mapped {/api/customers, GET} (version: 1) route
2026-07-28 21:03:26 [info]: Mapped {/api/customers/lookup/:doc, GET} (version: 1) route
2026-07-28 21:03:26 [info]: Mapped {/api/customers/:id, GET} (version: 1) route
2026-07-28 21:03:26 [info]: Mapped {/api/customers, POST} (version: 1) route
2026-07-28 21:03:26 [info]: Mapped {/api/customers/:id, PUT} (version: 1) route
2026-07-28 21:03:26 [info]: Mapped {/api/customers/:id, DELETE} (version: 1) route
2026-07-28 21:03:26 [info]: SaleController {/api/sales} (version: 1):
2026-07-28 21:03:26 [info]: Mapped {/api/sales, GET} (version: 1) route
2026-07-28 21:03:26 [info]: Mapped {/api/sales/summary, GET} (version: 1) route
2026-07-28 21:03:26 [info]: Mapped {/api/sales/comprobante/pdf/:token, GET} (version: 1) route
2026-07-28 21:03:26 [info]: Mapped {/api/sales/:id/pdf-token, GET} (version: 1) route
2026-07-28 21:03:26 [info]: Mapped {/api/sales/:id/pdf, GET} (version: 1) route
2026-07-28 21:03:26 [info]: Mapped {/api/sales/:id, GET} (version: 1) route
2026-07-28 21:03:26 [info]: Mapped {/api/sales, POST} (version: 1) route
2026-07-28 21:03:26 [info]: Mapped {/api/sales/credit-note, POST} (version: 1) route
2026-07-28 21:03:26 [info]: Mapped {/api/sales/:id/void, PATCH} (version: 1) route
2026-07-28 21:03:26 [info]: Mapped {/api/sales/:id/send-whatsapp, POST} (version: 1) route
2026-07-28 21:03:26 [info]: Mapped {/api/sales/:id/resend-sunat, POST} (version: 1) route
2026-07-28 21:03:26 [info]: CompanySettingsController {/api/company-settings} (version: 1):
2026-07-28 21:03:26 [info]: Mapped {/api/company-settings, GET} (version: 1) route
2026-07-28 21:03:26 [info]: Mapped {/api/company-settings, PUT} (version: 1) route
2026-07-28 21:03:26 [info]: Mapped {/api/company-settings/logo, POST} (version: 1) route
2026-07-28 21:03:26 [info]: Mapped {/api/company-settings/register-sunat-api, POST} (version: 1) route
2026-07-28 21:03:26 [info]: CashController {/api/caja} (version: 1):
2026-07-28 21:03:26 [info]: Mapped {/api/caja/abrir, POST} (version: 1) route
2026-07-28 21:03:26 [info]: Mapped {/api/caja/activa, GET} (version: 1) route
2026-07-28 21:03:26 [info]: Mapped {/api/caja/resumen, GET} (version: 1) route
2026-07-28 21:03:26 [info]: Mapped {/api/caja/movimiento, POST} (version: 1) route
2026-07-28 21:03:26 [info]: Mapped {/api/caja/cerrar, POST} (version: 1) route
2026-07-28 21:03:26 [info]: Mapped {/api/caja/historial, GET} (version: 1) route
2026-07-28 21:03:26 [info]: Mapped {/api/caja/sesion/:id, GET} (version: 1) route
2026-07-28 21:03:26 [info]: PurchaseOrderController {/api/purchase-orders} (version: 1):
2026-07-28 21:03:26 [info]: Mapped {/api/purchase-orders, GET} (version: 1) route
2026-07-28 21:03:26 [info]: Mapped {/api/purchase-orders/:id, GET} (version: 1) route
2026-07-28 21:03:26 [info]: Mapped {/api/purchase-orders, POST} (version: 1) route
2026-07-28 21:03:26 [info]: Mapped {/api/purchase-orders/:id/receive, PATCH} (version: 1) route
2026-07-28 21:03:26 [info]: Mapped {/api/purchase-orders/:id/cancel, PATCH} (version: 1) route
2026-07-28 21:03:26 [info]: EstablishmentsController {/api/establishments} (version: 1):
2026-07-28 21:03:26 [info]: Mapped {/api/establishments, GET} (version: 1) route
2026-07-28 21:03:26 [info]: Mapped {/api/establishments, POST} (version: 1) route
2026-07-28 21:03:26 [info]: Mapped {/api/establishments/series, GET} (version: 1) route
2026-07-28 21:03:26 [info]: Mapped {/api/establishments/series, POST} (version: 1) route
2026-07-28 21:03:26 [info]: Facturación electrónica: Adaptador inicializado.
2026-07-28 21:03:26 [info]: Facturación electrónica: Adaptador inicializado.
2026-07-28 21:03:26 [info]: Nest application successfully started
2026-07-28 21:08:34 [info]: Starting Nest application...
2026-07-28 21:08:34 [info]: AppModule dependencies initialized
2026-07-28 21:08:34 [info]: TypeOrmModule dependencies initialized
2026-07-28 21:08:34 [info]: PassportModule dependencies initialized
2026-07-28 21:08:34 [info]: ConfigHostModule dependencies initialized
2026-07-28 21:08:34 [info]: WinstonModule dependencies initialized
2026-07-28 21:08:34 [info]: HealthModule dependencies initialized
2026-07-28 21:08:34 [info]: HttpModule dependencies initialized
2026-07-28 21:08:34 [info]: DiscoveryModule dependencies initialized
2026-07-28 21:08:34 [info]: ConfigModule dependencies initialized
2026-07-28 21:08:34 [info]: ConfigModule dependencies initialized
2026-07-28 21:08:34 [info]: EventEmitterModule dependencies initialized
2026-07-28 21:08:34 [info]: ScheduleModule dependencies initialized
2026-07-28 21:08:34 [info]: JwtModule dependencies initialized
2026-07-28 21:08:34 [info]: TypeOrmCoreModule dependencies initialized
2026-07-28 21:08:34 [info]: TypeOrmModule dependencies initialized
2026-07-28 21:08:34 [info]: TypeOrmModule dependencies initialized
2026-07-28 21:08:34 [info]: TypeOrmModule dependencies initialized
2026-07-28 21:08:34 [info]: TypeOrmModule dependencies initialized
2026-07-28 21:08:34 [info]: TypeOrmModule dependencies initialized
2026-07-28 21:08:34 [info]: TypeOrmModule dependencies initialized
2026-07-28 21:08:34 [info]: TypeOrmModule dependencies initialized
2026-07-28 21:08:34 [info]: TypeOrmModule dependencies initialized
2026-07-28 21:08:34 [info]: TypeOrmModule dependencies initialized
2026-07-28 21:08:34 [info]: TypeOrmModule dependencies initialized
2026-07-28 21:08:34 [info]: TypeOrmModule dependencies initialized
2026-07-28 21:08:34 [info]: CategoryModule dependencies initialized
2026-07-28 21:08:34 [info]: SupplierModule dependencies initialized
2026-07-28 21:08:34 [info]: CustomerModule dependencies initialized
2026-07-28 21:08:34 [info]: AuthModule dependencies initialized
2026-07-28 21:08:34 [info]: EstablishmentsModule dependencies initialized
2026-07-28 21:08:34 [info]: UserModule dependencies initialized
2026-07-28 21:08:34 [info]: ProductModule dependencies initialized
2026-07-28 21:08:34 [info]: PurchaseOrderModule dependencies initialized
2026-07-28 21:08:34 [info]: CompanySettingsModule dependencies initialized
2026-07-28 21:08:34 [info]: SaleModule dependencies initialized
2026-07-28 21:08:34 [info]: CashModule dependencies initialized
2026-07-28 21:08:34 [info]: AuthController {/api/auth} (version: 1):
2026-07-28 21:08:34 [info]: Mapped {/api/auth/login, POST} (version: 1) route
2026-07-28 21:08:34 [info]: Mapped {/api/auth/status, GET} (version: 1) route
2026-07-28 21:08:34 [info]: UserController {/api/users} (version: 1):
2026-07-28 21:08:34 [info]: Mapped {/api/users, GET} (version: 1) route
2026-07-28 21:08:34 [info]: Mapped {/api/users/:id, GET} (version: 1) route
2026-07-28 21:08:34 [info]: Mapped {/api/users, POST} (version: 1) route
2026-07-28 21:08:34 [info]: Mapped {/api/users/:id, PUT} (version: 1) route
2026-07-28 21:08:34 [info]: Mapped {/api/users/:id, DELETE} (version: 1) route
2026-07-28 21:08:34 [info]: HealthController {/api/health} (version: 1):
2026-07-28 21:08:34 [info]: Mapped {/api/health, GET} (version: 1) route
2026-07-28 21:08:34 [info]: CategoryController {/api/categories} (version: 1):
2026-07-28 21:08:34 [info]: Mapped {/api/categories, GET} (version: 1) route
2026-07-28 21:08:34 [info]: Mapped {/api/categories/:id, GET} (version: 1) route
2026-07-28 21:08:34 [info]: Mapped {/api/categories, POST} (version: 1) route
2026-07-28 21:08:34 [info]: Mapped {/api/categories/:id, PUT} (version: 1) route
2026-07-28 21:08:34 [info]: Mapped {/api/categories/:id, DELETE} (version: 1) route
2026-07-28 21:08:34 [info]: SupplierController {/api/suppliers} (version: 1):
2026-07-28 21:08:34 [info]: Mapped {/api/suppliers, GET} (version: 1) route
2026-07-28 21:08:34 [info]: Mapped {/api/suppliers/:id, GET} (version: 1) route
2026-07-28 21:08:34 [info]: Mapped {/api/suppliers, POST} (version: 1) route
2026-07-28 21:08:34 [info]: Mapped {/api/suppliers/:id, PUT} (version: 1) route
2026-07-28 21:08:34 [info]: Mapped {/api/suppliers/:id, DELETE} (version: 1) route
2026-07-28 21:08:34 [info]: ProductController {/api/products} (version: 1):
2026-07-28 21:08:34 [info]: Mapped {/api/products, GET} (version: 1) route
2026-07-28 21:08:34 [info]: Mapped {/api/products/low-stock, GET} (version: 1) route
2026-07-28 21:08:34 [info]: Mapped {/api/products/excel/template, GET} (version: 1) route
2026-07-28 21:08:34 [info]: Mapped {/api/products/excel/import, POST} (version: 1) route
2026-07-28 21:08:34 [info]: Mapped {/api/products/barcode/:barcode, GET} (version: 1) route
2026-07-28 21:08:34 [info]: Mapped {/api/products/:id, GET} (version: 1) route
2026-07-28 21:08:34 [info]: Mapped {/api/products, POST} (version: 1) route
2026-07-28 21:08:34 [info]: Mapped {/api/products/:id, PUT} (version: 1) route
2026-07-28 21:08:34 [info]: Mapped {/api/products/:id, DELETE} (version: 1) route
2026-07-28 21:08:34 [info]: Mapped {/api/products/:id/batches, GET} (version: 1) route
2026-07-28 21:08:34 [info]: Mapped {/api/products/:id/stock/add, PATCH} (version: 1) route
2026-07-28 21:08:34 [info]: Mapped {/api/products/:id/stock/subtract, PATCH} (version: 1) route
2026-07-28 21:08:34 [info]: CustomerController {/api/customers} (version: 1):
2026-07-28 21:08:34 [info]: Mapped {/api/customers, GET} (version: 1) route
2026-07-28 21:08:34 [info]: Mapped {/api/customers/lookup/:doc, GET} (version: 1) route
2026-07-28 21:08:34 [info]: Mapped {/api/customers/:id, GET} (version: 1) route
2026-07-28 21:08:34 [info]: Mapped {/api/customers, POST} (version: 1) route
2026-07-28 21:08:34 [info]: Mapped {/api/customers/:id, PUT} (version: 1) route
2026-07-28 21:08:34 [info]: Mapped {/api/customers/:id, DELETE} (version: 1) route
2026-07-28 21:08:34 [info]: SaleController {/api/sales} (version: 1):
2026-07-28 21:08:34 [info]: Mapped {/api/sales, GET} (version: 1) route
2026-07-28 21:08:34 [info]: Mapped {/api/sales/summary, GET} (version: 1) route
2026-07-28 21:08:34 [info]: Mapped {/api/sales/comprobante/pdf/:token, GET} (version: 1) route
2026-07-28 21:08:34 [info]: Mapped {/api/sales/:id/pdf-token, GET} (version: 1) route
2026-07-28 21:08:34 [info]: Mapped {/api/sales/:id/pdf, GET} (version: 1) route
2026-07-28 21:08:34 [info]: Mapped {/api/sales/:id, GET} (version: 1) route
2026-07-28 21:08:34 [info]: Mapped {/api/sales, POST} (version: 1) route
2026-07-28 21:08:34 [info]: Mapped {/api/sales/credit-note, POST} (version: 1) route
2026-07-28 21:08:34 [info]: Mapped {/api/sales/:id/void, PATCH} (version: 1) route
2026-07-28 21:08:34 [info]: Mapped {/api/sales/:id/send-whatsapp, POST} (version: 1) route
2026-07-28 21:08:34 [info]: Mapped {/api/sales/:id/resend-sunat, POST} (version: 1) route
2026-07-28 21:08:34 [info]: CompanySettingsController {/api/company-settings} (version: 1):
2026-07-28 21:08:34 [info]: Mapped {/api/company-settings, GET} (version: 1) route
2026-07-28 21:08:34 [info]: Mapped {/api/company-settings, PUT} (version: 1) route
2026-07-28 21:08:34 [info]: Mapped {/api/company-settings/logo, POST} (version: 1) route
2026-07-28 21:08:34 [info]: Mapped {/api/company-settings/register-sunat-api, POST} (version: 1) route
2026-07-28 21:08:34 [info]: CashController {/api/caja} (version: 1):
2026-07-28 21:08:34 [info]: Mapped {/api/caja/abrir, POST} (version: 1) route
2026-07-28 21:08:34 [info]: Mapped {/api/caja/activa, GET} (version: 1) route
2026-07-28 21:08:34 [info]: Mapped {/api/caja/resumen, GET} (version: 1) route
2026-07-28 21:08:34 [info]: Mapped {/api/caja/movimiento, POST} (version: 1) route
2026-07-28 21:08:34 [info]: Mapped {/api/caja/cerrar, POST} (version: 1) route
2026-07-28 21:08:34 [info]: Mapped {/api/caja/historial, GET} (version: 1) route
2026-07-28 21:08:34 [info]: Mapped {/api/caja/sesion/:id, GET} (version: 1) route
2026-07-28 21:08:34 [info]: PurchaseOrderController {/api/purchase-orders} (version: 1):
2026-07-28 21:08:34 [info]: Mapped {/api/purchase-orders, GET} (version: 1) route
2026-07-28 21:08:34 [info]: Mapped {/api/purchase-orders/:id, GET} (version: 1) route
2026-07-28 21:08:34 [info]: Mapped {/api/purchase-orders, POST} (version: 1) route
2026-07-28 21:08:34 [info]: Mapped {/api/purchase-orders/:id/receive, PATCH} (version: 1) route
2026-07-28 21:08:34 [info]: Mapped {/api/purchase-orders/:id/cancel, PATCH} (version: 1) route
2026-07-28 21:08:34 [info]: EstablishmentsController {/api/establishments} (version: 1):
2026-07-28 21:08:34 [info]: Mapped {/api/establishments, GET} (version: 1) route
2026-07-28 21:08:34 [info]: Mapped {/api/establishments, POST} (version: 1) route
2026-07-28 21:08:34 [info]: Mapped {/api/establishments/series, GET} (version: 1) route
2026-07-28 21:08:34 [info]: Mapped {/api/establishments/series, POST} (version: 1) route
2026-07-28 21:08:34 [info]: Facturación electrónica: Adaptador inicializado.
2026-07-28 21:08:34 [info]: Facturación electrónica: Adaptador inicializado.
2026-07-28 21:08:34 [info]: Nest application successfully started
2026-07-28 21:08:44 [info]: Starting Nest application...
2026-07-28 21:08:44 [info]: AppModule dependencies initialized
2026-07-28 21:08:44 [info]: TypeOrmModule dependencies initialized
2026-07-28 21:08:44 [info]: PassportModule dependencies initialized
2026-07-28 21:08:44 [info]: ConfigHostModule dependencies initialized
2026-07-28 21:08:44 [info]: WinstonModule dependencies initialized
2026-07-28 21:08:44 [info]: HealthModule dependencies initialized
2026-07-28 21:08:44 [info]: HttpModule dependencies initialized
2026-07-28 21:08:44 [info]: DiscoveryModule dependencies initialized
2026-07-28 21:08:44 [info]: ConfigModule dependencies initialized
2026-07-28 21:08:44 [info]: ConfigModule dependencies initialized
2026-07-28 21:08:44 [info]: EventEmitterModule dependencies initialized
2026-07-28 21:08:44 [info]: ScheduleModule dependencies initialized
2026-07-28 21:08:44 [info]: JwtModule dependencies initialized
2026-07-28 21:08:44 [info]: TypeOrmCoreModule dependencies initialized
2026-07-28 21:08:44 [info]: TypeOrmModule dependencies initialized
2026-07-28 21:08:44 [info]: TypeOrmModule dependencies initialized
2026-07-28 21:08:44 [info]: TypeOrmModule dependencies initialized
2026-07-28 21:08:44 [info]: TypeOrmModule dependencies initialized
2026-07-28 21:08:44 [info]: TypeOrmModule dependencies initialized
2026-07-28 21:08:44 [info]: TypeOrmModule dependencies initialized
2026-07-28 21:08:44 [info]: TypeOrmModule dependencies initialized
2026-07-28 21:08:44 [info]: TypeOrmModule dependencies initialized
2026-07-28 21:08:44 [info]: TypeOrmModule dependencies initialized
2026-07-28 21:08:44 [info]: TypeOrmModule dependencies initialized
2026-07-28 21:08:44 [info]: TypeOrmModule dependencies initialized
2026-07-28 21:08:44 [info]: CategoryModule dependencies initialized
2026-07-28 21:08:44 [info]: SupplierModule dependencies initialized
2026-07-28 21:08:44 [info]: CustomerModule dependencies initialized
2026-07-28 21:08:44 [info]: AuthModule dependencies initialized
2026-07-28 21:08:44 [info]: EstablishmentsModule dependencies initialized
2026-07-28 21:08:44 [info]: UserModule dependencies initialized
2026-07-28 21:08:44 [info]: ProductModule dependencies initialized
2026-07-28 21:08:44 [info]: PurchaseOrderModule dependencies initialized
2026-07-28 21:08:44 [info]: CompanySettingsModule dependencies initialized
2026-07-28 21:08:44 [info]: SaleModule dependencies initialized
2026-07-28 21:08:44 [info]: CashModule dependencies initialized
2026-07-28 21:08:44 [info]: AuthController {/api/auth} (version: 1):
2026-07-28 21:08:44 [info]: Mapped {/api/auth/login, POST} (version: 1) route
2026-07-28 21:08:44 [info]: Mapped {/api/auth/status, GET} (version: 1) route
2026-07-28 21:08:44 [info]: UserController {/api/users} (version: 1):
2026-07-28 21:08:44 [info]: Mapped {/api/users, GET} (version: 1) route
2026-07-28 21:08:44 [info]: Mapped {/api/users/:id, GET} (version: 1) route
2026-07-28 21:08:44 [info]: Mapped {/api/users, POST} (version: 1) route
2026-07-28 21:08:44 [info]: Mapped {/api/users/:id, PUT} (version: 1) route
2026-07-28 21:08:44 [info]: Mapped {/api/users/:id, DELETE} (version: 1) route
2026-07-28 21:08:44 [info]: HealthController {/api/health} (version: 1):
2026-07-28 21:08:44 [info]: Mapped {/api/health, GET} (version: 1) route
2026-07-28 21:08:44 [info]: CategoryController {/api/categories} (version: 1):
2026-07-28 21:08:44 [info]: Mapped {/api/categories, GET} (version: 1) route
2026-07-28 21:08:44 [info]: Mapped {/api/categories/:id, GET} (version: 1) route
2026-07-28 21:08:44 [info]: Mapped {/api/categories, POST} (version: 1) route
2026-07-28 21:08:44 [info]: Mapped {/api/categories/:id, PUT} (version: 1) route
2026-07-28 21:08:44 [info]: Mapped {/api/categories/:id, DELETE} (version: 1) route
2026-07-28 21:08:44 [info]: SupplierController {/api/suppliers} (version: 1):
2026-07-28 21:08:44 [info]: Mapped {/api/suppliers, GET} (version: 1) route
2026-07-28 21:08:44 [info]: Mapped {/api/suppliers/:id, GET} (version: 1) route
2026-07-28 21:08:44 [info]: Mapped {/api/suppliers, POST} (version: 1) route
2026-07-28 21:08:44 [info]: Mapped {/api/suppliers/:id, PUT} (version: 1) route
2026-07-28 21:08:44 [info]: Mapped {/api/suppliers/:id, DELETE} (version: 1) route
2026-07-28 21:08:44 [info]: ProductController {/api/products} (version: 1):
2026-07-28 21:08:44 [info]: Mapped {/api/products, GET} (version: 1) route
2026-07-28 21:08:44 [info]: Mapped {/api/products/low-stock, GET} (version: 1) route
2026-07-28 21:08:44 [info]: Mapped {/api/products/excel/template, GET} (version: 1) route
2026-07-28 21:08:44 [info]: Mapped {/api/products/excel/import, POST} (version: 1) route
2026-07-28 21:08:44 [info]: Mapped {/api/products/barcode/:barcode, GET} (version: 1) route
2026-07-28 21:08:44 [info]: Mapped {/api/products/:id, GET} (version: 1) route
2026-07-28 21:08:44 [info]: Mapped {/api/products, POST} (version: 1) route
2026-07-28 21:08:44 [info]: Mapped {/api/products/:id, PUT} (version: 1) route
2026-07-28 21:08:44 [info]: Mapped {/api/products/:id, DELETE} (version: 1) route
2026-07-28 21:08:44 [info]: Mapped {/api/products/:id/batches, GET} (version: 1) route
2026-07-28 21:08:44 [info]: Mapped {/api/products/:id/stock/add, PATCH} (version: 1) route
2026-07-28 21:08:44 [info]: Mapped {/api/products/:id/stock/subtract, PATCH} (version: 1) route
2026-07-28 21:08:44 [info]: CustomerController {/api/customers} (version: 1):
2026-07-28 21:08:44 [info]: Mapped {/api/customers, GET} (version: 1) route
2026-07-28 21:08:44 [info]: Mapped {/api/customers/lookup/:doc, GET} (version: 1) route
2026-07-28 21:08:44 [info]: Mapped {/api/customers/:id, GET} (version: 1) route
2026-07-28 21:08:44 [info]: Mapped {/api/customers, POST} (version: 1) route
2026-07-28 21:08:44 [info]: Mapped {/api/customers/:id, PUT} (version: 1) route
2026-07-28 21:08:44 [info]: Mapped {/api/customers/:id, DELETE} (version: 1) route
2026-07-28 21:08:44 [info]: SaleController {/api/sales} (version: 1):
2026-07-28 21:08:44 [info]: Mapped {/api/sales, GET} (version: 1) route
2026-07-28 21:08:44 [info]: Mapped {/api/sales/summary, GET} (version: 1) route
2026-07-28 21:08:44 [info]: Mapped {/api/sales/comprobante/pdf/:token, GET} (version: 1) route
2026-07-28 21:08:44 [info]: Mapped {/api/sales/:id/pdf-token, GET} (version: 1) route
2026-07-28 21:08:44 [info]: Mapped {/api/sales/:id/pdf, GET} (version: 1) route
2026-07-28 21:08:44 [info]: Mapped {/api/sales/:id, GET} (version: 1) route
2026-07-28 21:08:44 [info]: Mapped {/api/sales, POST} (version: 1) route
2026-07-28 21:08:44 [info]: Mapped {/api/sales/credit-note, POST} (version: 1) route
2026-07-28 21:08:44 [info]: Mapped {/api/sales/:id/void, PATCH} (version: 1) route
2026-07-28 21:08:44 [info]: Mapped {/api/sales/:id/send-whatsapp, POST} (version: 1) route
2026-07-28 21:08:44 [info]: Mapped {/api/sales/:id/resend-sunat, POST} (version: 1) route
2026-07-28 21:08:44 [info]: CompanySettingsController {/api/company-settings} (version: 1):
2026-07-28 21:08:44 [info]: Mapped {/api/company-settings, GET} (version: 1) route
2026-07-28 21:08:44 [info]: Mapped {/api/company-settings, PUT} (version: 1) route
2026-07-28 21:08:44 [info]: Mapped {/api/company-settings/logo, POST} (version: 1) route
2026-07-28 21:08:44 [info]: Mapped {/api/company-settings/register-sunat-api, POST} (version: 1) route
2026-07-28 21:08:44 [info]: CashController {/api/caja} (version: 1):
2026-07-28 21:08:44 [info]: Mapped {/api/caja/abrir, POST} (version: 1) route
2026-07-28 21:08:44 [info]: Mapped {/api/caja/activa, GET} (version: 1) route
2026-07-28 21:08:44 [info]: Mapped {/api/caja/resumen, GET} (version: 1) route
2026-07-28 21:08:44 [info]: Mapped {/api/caja/movimiento, POST} (version: 1) route
2026-07-28 21:08:44 [info]: Mapped {/api/caja/cerrar, POST} (version: 1) route
2026-07-28 21:08:44 [info]: Mapped {/api/caja/historial, GET} (version: 1) route
2026-07-28 21:08:44 [info]: Mapped {/api/caja/sesion/:id, GET} (version: 1) route
2026-07-28 21:08:44 [info]: PurchaseOrderController {/api/purchase-orders} (version: 1):
2026-07-28 21:08:44 [info]: Mapped {/api/purchase-orders, GET} (version: 1) route
2026-07-28 21:08:44 [info]: Mapped {/api/purchase-orders/:id, GET} (version: 1) route
2026-07-28 21:08:44 [info]: Mapped {/api/purchase-orders, POST} (version: 1) route
2026-07-28 21:08:44 [info]: Mapped {/api/purchase-orders/:id/receive, PATCH} (version: 1) route
2026-07-28 21:08:44 [info]: Mapped {/api/purchase-orders/:id/cancel, PATCH} (version: 1) route
2026-07-28 21:08:44 [info]: EstablishmentsController {/api/establishments} (version: 1):
2026-07-28 21:08:44 [info]: Mapped {/api/establishments, GET} (version: 1) route
2026-07-28 21:08:44 [info]: Mapped {/api/establishments, POST} (version: 1) route
2026-07-28 21:08:44 [info]: Mapped {/api/establishments/series, GET} (version: 1) route
2026-07-28 21:08:44 [info]: Mapped {/api/establishments/series, POST} (version: 1) route
2026-07-28 21:08:44 [info]: Facturación electrónica: Adaptador inicializado.
2026-07-28 21:08:44 [info]: Facturación electrónica: Adaptador inicializado.
2026-07-28 21:08:44 [info]: Nest application successfully started
2026-07-28 21:13:13 [info]: Starting Nest application...
2026-07-28 21:13:13 [info]: AppModule dependencies initialized
2026-07-28 21:13:13 [info]: TypeOrmModule dependencies initialized
2026-07-28 21:13:13 [info]: PassportModule dependencies initialized
2026-07-28 21:13:13 [info]: ConfigHostModule dependencies initialized
2026-07-28 21:13:13 [info]: WinstonModule dependencies initialized
2026-07-28 21:13:13 [info]: HealthModule dependencies initialized
2026-07-28 21:13:13 [info]: HttpModule dependencies initialized
2026-07-28 21:13:13 [info]: DiscoveryModule dependencies initialized
2026-07-28 21:13:13 [info]: ConfigModule dependencies initialized
2026-07-28 21:13:13 [info]: ConfigModule dependencies initialized
2026-07-28 21:13:13 [info]: EventEmitterModule dependencies initialized
2026-07-28 21:13:13 [info]: ScheduleModule dependencies initialized
2026-07-28 21:13:13 [info]: JwtModule dependencies initialized
2026-07-28 21:13:13 [info]: TypeOrmCoreModule dependencies initialized
2026-07-28 21:13:13 [info]: TypeOrmModule dependencies initialized
2026-07-28 21:13:13 [info]: TypeOrmModule dependencies initialized
2026-07-28 21:13:13 [info]: TypeOrmModule dependencies initialized
2026-07-28 21:13:13 [info]: TypeOrmModule dependencies initialized
2026-07-28 21:13:13 [info]: TypeOrmModule dependencies initialized
2026-07-28 21:13:13 [info]: TypeOrmModule dependencies initialized
2026-07-28 21:13:13 [info]: TypeOrmModule dependencies initialized
2026-07-28 21:13:13 [info]: TypeOrmModule dependencies initialized
2026-07-28 21:13:13 [info]: TypeOrmModule dependencies initialized
2026-07-28 21:13:13 [info]: TypeOrmModule dependencies initialized
2026-07-28 21:13:13 [info]: TypeOrmModule dependencies initialized
2026-07-28 21:13:13 [info]: CategoryModule dependencies initialized
2026-07-28 21:13:13 [info]: SupplierModule dependencies initialized
2026-07-28 21:13:13 [info]: CustomerModule dependencies initialized
2026-07-28 21:13:13 [info]: AuthModule dependencies initialized
2026-07-28 21:13:13 [info]: EstablishmentsModule dependencies initialized
2026-07-28 21:13:13 [info]: UserModule dependencies initialized
2026-07-28 21:13:13 [info]: ProductModule dependencies initialized
2026-07-28 21:13:13 [info]: PurchaseOrderModule dependencies initialized
2026-07-28 21:13:13 [info]: CompanySettingsModule dependencies initialized
2026-07-28 21:13:13 [info]: SaleModule dependencies initialized
2026-07-28 21:13:13 [info]: CashModule dependencies initialized
2026-07-28 21:13:13 [info]: AuthController {/api/auth} (version: 1):
2026-07-28 21:13:13 [info]: Mapped {/api/auth/login, POST} (version: 1) route
2026-07-28 21:13:13 [info]: Mapped {/api/auth/status, GET} (version: 1) route
2026-07-28 21:13:13 [info]: UserController {/api/users} (version: 1):
2026-07-28 21:13:13 [info]: Mapped {/api/users, GET} (version: 1) route
2026-07-28 21:13:13 [info]: Mapped {/api/users/:id, GET} (version: 1) route
2026-07-28 21:13:13 [info]: Mapped {/api/users, POST} (version: 1) route
2026-07-28 21:13:13 [info]: Mapped {/api/users/:id, PUT} (version: 1) route
2026-07-28 21:13:13 [info]: Mapped {/api/users/:id, DELETE} (version: 1) route
2026-07-28 21:13:13 [info]: HealthController {/api/health} (version: 1):
2026-07-28 21:13:13 [info]: Mapped {/api/health, GET} (version: 1) route
2026-07-28 21:13:13 [info]: CategoryController {/api/categories} (version: 1):
2026-07-28 21:13:13 [info]: Mapped {/api/categories, GET} (version: 1) route
2026-07-28 21:13:13 [info]: Mapped {/api/categories/:id, GET} (version: 1) route
2026-07-28 21:13:13 [info]: Mapped {/api/categories, POST} (version: 1) route
2026-07-28 21:13:13 [info]: Mapped {/api/categories/:id, PUT} (version: 1) route
2026-07-28 21:13:13 [info]: Mapped {/api/categories/:id, DELETE} (version: 1) route
2026-07-28 21:13:13 [info]: SupplierController {/api/suppliers} (version: 1):
2026-07-28 21:13:13 [info]: Mapped {/api/suppliers, GET} (version: 1) route
2026-07-28 21:13:13 [info]: Mapped {/api/suppliers/:id, GET} (version: 1) route
2026-07-28 21:13:13 [info]: Mapped {/api/suppliers, POST} (version: 1) route
2026-07-28 21:13:13 [info]: Mapped {/api/suppliers/:id, PUT} (version: 1) route
2026-07-28 21:13:13 [info]: Mapped {/api/suppliers/:id, DELETE} (version: 1) route
2026-07-28 21:13:13 [info]: ProductController {/api/products} (version: 1):
2026-07-28 21:13:13 [info]: Mapped {/api/products, GET} (version: 1) route
2026-07-28 21:13:13 [info]: Mapped {/api/products/low-stock, GET} (version: 1) route
2026-07-28 21:13:13 [info]: Mapped {/api/products/excel/template, GET} (version: 1) route
2026-07-28 21:13:13 [info]: Mapped {/api/products/excel/import, POST} (version: 1) route
2026-07-28 21:13:13 [info]: Mapped {/api/products/barcode/:barcode, GET} (version: 1) route
2026-07-28 21:13:13 [info]: Mapped {/api/products/:id, GET} (version: 1) route
2026-07-28 21:13:13 [info]: Mapped {/api/products, POST} (version: 1) route
2026-07-28 21:13:13 [info]: Mapped {/api/products/:id, PUT} (version: 1) route
2026-07-28 21:13:13 [info]: Mapped {/api/products/:id, DELETE} (version: 1) route
2026-07-28 21:13:13 [info]: Mapped {/api/products/:id/batches, GET} (version: 1) route
2026-07-28 21:13:13 [info]: Mapped {/api/products/:id/stock/add, PATCH} (version: 1) route
2026-07-28 21:13:13 [info]: Mapped {/api/products/:id/stock/subtract, PATCH} (version: 1) route
2026-07-28 21:13:13 [info]: CustomerController {/api/customers} (version: 1):
2026-07-28 21:13:13 [info]: Mapped {/api/customers, GET} (version: 1) route
2026-07-28 21:13:13 [info]: Mapped {/api/customers/lookup/:doc, GET} (version: 1) route
2026-07-28 21:13:13 [info]: Mapped {/api/customers/:id, GET} (version: 1) route
2026-07-28 21:13:13 [info]: Mapped {/api/customers, POST} (version: 1) route
2026-07-28 21:13:13 [info]: Mapped {/api/customers/:id, PUT} (version: 1) route
2026-07-28 21:13:13 [info]: Mapped {/api/customers/:id, DELETE} (version: 1) route
2026-07-28 21:13:13 [info]: SaleController {/api/sales} (version: 1):
2026-07-28 21:13:13 [info]: Mapped {/api/sales, GET} (version: 1) route
2026-07-28 21:13:13 [info]: Mapped {/api/sales/summary, GET} (version: 1) route
2026-07-28 21:13:13 [info]: Mapped {/api/sales/comprobante/pdf/:token, GET} (version: 1) route
2026-07-28 21:13:13 [info]: Mapped {/api/sales/:id/pdf-token, GET} (version: 1) route
2026-07-28 21:13:13 [info]: Mapped {/api/sales/:id/pdf, GET} (version: 1) route
2026-07-28 21:13:13 [info]: Mapped {/api/sales/:id, GET} (version: 1) route
2026-07-28 21:13:13 [info]: Mapped {/api/sales, POST} (version: 1) route
2026-07-28 21:13:13 [info]: Mapped {/api/sales/credit-note, POST} (version: 1) route
2026-07-28 21:13:13 [info]: Mapped {/api/sales/:id/void, PATCH} (version: 1) route
2026-07-28 21:13:13 [info]: Mapped {/api/sales/:id/send-whatsapp, POST} (version: 1) route
2026-07-28 21:13:13 [info]: Mapped {/api/sales/:id/resend-sunat, POST} (version: 1) route
2026-07-28 21:13:13 [info]: CompanySettingsController {/api/company-settings} (version: 1):
2026-07-28 21:13:13 [info]: Mapped {/api/company-settings, GET} (version: 1) route
2026-07-28 21:13:13 [info]: Mapped {/api/company-settings, PUT} (version: 1) route
2026-07-28 21:13:13 [info]: Mapped {/api/company-settings/logo, POST} (version: 1) route
2026-07-28 21:13:13 [info]: Mapped {/api/company-settings/register-sunat-api, POST} (version: 1) route
2026-07-28 21:13:13 [info]: CashController {/api/caja} (version: 1):
2026-07-28 21:13:13 [info]: Mapped {/api/caja/abrir, POST} (version: 1) route
2026-07-28 21:13:13 [info]: Mapped {/api/caja/activa, GET} (version: 1) route
2026-07-28 21:13:13 [info]: Mapped {/api/caja/resumen, GET} (version: 1) route
2026-07-28 21:13:13 [info]: Mapped {/api/caja/movimiento, POST} (version: 1) route
2026-07-28 21:13:13 [info]: Mapped {/api/caja/cerrar, POST} (version: 1) route
2026-07-28 21:13:13 [info]: Mapped {/api/caja/historial, GET} (version: 1) route
2026-07-28 21:13:13 [info]: Mapped {/api/caja/sesion/:id, GET} (version: 1) route
2026-07-28 21:13:13 [info]: PurchaseOrderController {/api/purchase-orders} (version: 1):
2026-07-28 21:13:13 [info]: Mapped {/api/purchase-orders, GET} (version: 1) route
2026-07-28 21:13:13 [info]: Mapped {/api/purchase-orders/:id, GET} (version: 1) route
2026-07-28 21:13:13 [info]: Mapped {/api/purchase-orders, POST} (version: 1) route
2026-07-28 21:13:13 [info]: Mapped {/api/purchase-orders/:id/receive, PATCH} (version: 1) route
2026-07-28 21:13:13 [info]: Mapped {/api/purchase-orders/:id/cancel, PATCH} (version: 1) route
2026-07-28 21:13:13 [info]: EstablishmentsController {/api/establishments} (version: 1):
2026-07-28 21:13:13 [info]: Mapped {/api/establishments, GET} (version: 1) route
2026-07-28 21:13:13 [info]: Mapped {/api/establishments, POST} (version: 1) route
2026-07-28 21:13:13 [info]: Mapped {/api/establishments/series, GET} (version: 1) route
2026-07-28 21:13:13 [info]: Mapped {/api/establishments/series, POST} (version: 1) route
2026-07-28 21:13:13 [info]: Facturación electrónica: Adaptador inicializado.
2026-07-28 21:13:13 [info]: Facturación electrónica: Adaptador inicializado.
2026-07-28 21:13:13 [info]: Nest application successfully started
2026-07-28 21:13:25 [info]: Starting Nest application...
2026-07-28 21:13:25 [info]: AppModule dependencies initialized
2026-07-28 21:13:25 [info]: TypeOrmModule dependencies initialized
2026-07-28 21:13:25 [info]: PassportModule dependencies initialized
2026-07-28 21:13:25 [info]: ConfigHostModule dependencies initialized
2026-07-28 21:13:25 [info]: WinstonModule dependencies initialized
2026-07-28 21:13:25 [info]: HealthModule dependencies initialized
2026-07-28 21:13:25 [info]: HttpModule dependencies initialized
2026-07-28 21:13:25 [info]: DiscoveryModule dependencies initialized
2026-07-28 21:13:25 [info]: ConfigModule dependencies initialized
2026-07-28 21:13:25 [info]: ConfigModule dependencies initialized
2026-07-28 21:13:25 [info]: EventEmitterModule dependencies initialized
2026-07-28 21:13:25 [info]: ScheduleModule dependencies initialized
2026-07-28 21:13:25 [info]: JwtModule dependencies initialized
2026-07-28 21:13:25 [info]: TypeOrmCoreModule dependencies initialized
2026-07-28 21:13:25 [info]: TypeOrmModule dependencies initialized
2026-07-28 21:13:25 [info]: TypeOrmModule dependencies initialized
2026-07-28 21:13:25 [info]: TypeOrmModule dependencies initialized
2026-07-28 21:13:25 [info]: TypeOrmModule dependencies initialized
2026-07-28 21:13:25 [info]: TypeOrmModule dependencies initialized
2026-07-28 21:13:25 [info]: TypeOrmModule dependencies initialized
2026-07-28 21:13:25 [info]: TypeOrmModule dependencies initialized
2026-07-28 21:13:25 [info]: TypeOrmModule dependencies initialized
2026-07-28 21:13:25 [info]: TypeOrmModule dependencies initialized
2026-07-28 21:13:25 [info]: TypeOrmModule dependencies initialized
2026-07-28 21:13:25 [info]: TypeOrmModule dependencies initialized
2026-07-28 21:13:25 [info]: CategoryModule dependencies initialized
2026-07-28 21:13:25 [info]: SupplierModule dependencies initialized
2026-07-28 21:13:25 [info]: CustomerModule dependencies initialized
2026-07-28 21:13:25 [info]: AuthModule dependencies initialized
2026-07-28 21:13:25 [info]: EstablishmentsModule dependencies initialized
2026-07-28 21:13:25 [info]: UserModule dependencies initialized
2026-07-28 21:13:25 [info]: ProductModule dependencies initialized
2026-07-28 21:13:25 [info]: PurchaseOrderModule dependencies initialized
2026-07-28 21:13:25 [info]: CompanySettingsModule dependencies initialized
2026-07-28 21:13:25 [info]: SaleModule dependencies initialized
2026-07-28 21:13:25 [info]: CashModule dependencies initialized
2026-07-28 21:13:25 [info]: AuthController {/api/auth} (version: 1):
2026-07-28 21:13:25 [info]: Mapped {/api/auth/login, POST} (version: 1) route
2026-07-28 21:13:25 [info]: Mapped {/api/auth/status, GET} (version: 1) route
2026-07-28 21:13:25 [info]: UserController {/api/users} (version: 1):
2026-07-28 21:13:25 [info]: Mapped {/api/users, GET} (version: 1) route
2026-07-28 21:13:25 [info]: Mapped {/api/users/:id, GET} (version: 1) route
2026-07-28 21:13:25 [info]: Mapped {/api/users, POST} (version: 1) route
2026-07-28 21:13:25 [info]: Mapped {/api/users/:id, PUT} (version: 1) route
2026-07-28 21:13:25 [info]: Mapped {/api/users/:id, DELETE} (version: 1) route
2026-07-28 21:13:25 [info]: HealthController {/api/health} (version: 1):
2026-07-28 21:13:25 [info]: Mapped {/api/health, GET} (version: 1) route
2026-07-28 21:13:25 [info]: CategoryController {/api/categories} (version: 1):
2026-07-28 21:13:25 [info]: Mapped {/api/categories, GET} (version: 1) route
2026-07-28 21:13:25 [info]: Mapped {/api/categories/:id, GET} (version: 1) route
2026-07-28 21:13:25 [info]: Mapped {/api/categories, POST} (version: 1) route
2026-07-28 21:13:25 [info]: Mapped {/api/categories/:id, PUT} (version: 1) route
2026-07-28 21:13:25 [info]: Mapped {/api/categories/:id, DELETE} (version: 1) route
2026-07-28 21:13:25 [info]: SupplierController {/api/suppliers} (version: 1):
2026-07-28 21:13:25 [info]: Mapped {/api/suppliers, GET} (version: 1) route
2026-07-28 21:13:25 [info]: Mapped {/api/suppliers/:id, GET} (version: 1) route
2026-07-28 21:13:25 [info]: Mapped {/api/suppliers, POST} (version: 1) route
2026-07-28 21:13:25 [info]: Mapped {/api/suppliers/:id, PUT} (version: 1) route
2026-07-28 21:13:25 [info]: Mapped {/api/suppliers/:id, DELETE} (version: 1) route
2026-07-28 21:13:25 [info]: ProductController {/api/products} (version: 1):
2026-07-28 21:13:25 [info]: Mapped {/api/products, GET} (version: 1) route
2026-07-28 21:13:25 [info]: Mapped {/api/products/low-stock, GET} (version: 1) route
2026-07-28 21:13:25 [info]: Mapped {/api/products/excel/template, GET} (version: 1) route
2026-07-28 21:13:25 [info]: Mapped {/api/products/excel/import, POST} (version: 1) route
2026-07-28 21:13:25 [info]: Mapped {/api/products/barcode/:barcode, GET} (version: 1) route
2026-07-28 21:13:25 [info]: Mapped {/api/products/:id, GET} (version: 1) route
2026-07-28 21:13:25 [info]: Mapped {/api/products, POST} (version: 1) route
2026-07-28 21:13:25 [info]: Mapped {/api/products/:id, PUT} (version: 1) route
2026-07-28 21:13:25 [info]: Mapped {/api/products/:id, DELETE} (version: 1) route
2026-07-28 21:13:25 [info]: Mapped {/api/products/:id/batches, GET} (version: 1) route
2026-07-28 21:13:25 [info]: Mapped {/api/products/:id/stock/add, PATCH} (version: 1) route
2026-07-28 21:13:25 [info]: Mapped {/api/products/:id/stock/subtract, PATCH} (version: 1) route
2026-07-28 21:13:25 [info]: CustomerController {/api/customers} (version: 1):
2026-07-28 21:13:25 [info]: Mapped {/api/customers, GET} (version: 1) route
2026-07-28 21:13:25 [info]: Mapped {/api/customers/lookup/:doc, GET} (version: 1) route
2026-07-28 21:13:25 [info]: Mapped {/api/customers/:id, GET} (version: 1) route
2026-07-28 21:13:25 [info]: Mapped {/api/customers, POST} (version: 1) route
2026-07-28 21:13:25 [info]: Mapped {/api/customers/:id, PUT} (version: 1) route
2026-07-28 21:13:25 [info]: Mapped {/api/customers/:id, DELETE} (version: 1) route
2026-07-28 21:13:25 [info]: SaleController {/api/sales} (version: 1):
2026-07-28 21:13:25 [info]: Mapped {/api/sales, GET} (version: 1) route
2026-07-28 21:13:25 [info]: Mapped {/api/sales/summary, GET} (version: 1) route
2026-07-28 21:13:25 [info]: Mapped {/api/sales/comprobante/pdf/:token, GET} (version: 1) route
2026-07-28 21:13:25 [info]: Mapped {/api/sales/:id/pdf-token, GET} (version: 1) route
2026-07-28 21:13:25 [info]: Mapped {/api/sales/:id/pdf, GET} (version: 1) route
2026-07-28 21:13:25 [info]: Mapped {/api/sales/:id, GET} (version: 1) route
2026-07-28 21:13:25 [info]: Mapped {/api/sales, POST} (version: 1) route
2026-07-28 21:13:25 [info]: Mapped {/api/sales/credit-note, POST} (version: 1) route
2026-07-28 21:13:25 [info]: Mapped {/api/sales/:id/void, PATCH} (version: 1) route
2026-07-28 21:13:25 [info]: Mapped {/api/sales/:id/send-whatsapp, POST} (version: 1) route
2026-07-28 21:13:25 [info]: Mapped {/api/sales/:id/resend-sunat, POST} (version: 1) route
2026-07-28 21:13:25 [info]: CompanySettingsController {/api/company-settings} (version: 1):
2026-07-28 21:13:25 [info]: Mapped {/api/company-settings, GET} (version: 1) route
2026-07-28 21:13:25 [info]: Mapped {/api/company-settings, PUT} (version: 1) route
2026-07-28 21:13:25 [info]: Mapped {/api/company-settings/logo, POST} (version: 1) route
2026-07-28 21:13:25 [info]: Mapped {/api/company-settings/register-sunat-api, POST} (version: 1) route
2026-07-28 21:13:25 [info]: CashController {/api/caja} (version: 1):
2026-07-28 21:13:25 [info]: Mapped {/api/caja/abrir, POST} (version: 1) route
2026-07-28 21:13:25 [info]: Mapped {/api/caja/activa, GET} (version: 1) route
2026-07-28 21:13:25 [info]: Mapped {/api/caja/resumen, GET} (version: 1) route
2026-07-28 21:13:25 [info]: Mapped {/api/caja/movimiento, POST} (version: 1) route
2026-07-28 21:13:25 [info]: Mapped {/api/caja/cerrar, POST} (version: 1) route
2026-07-28 21:13:25 [info]: Mapped {/api/caja/historial, GET} (version: 1) route
2026-07-28 21:13:25 [info]: Mapped {/api/caja/sesion/:id, GET} (version: 1) route
2026-07-28 21:13:25 [info]: PurchaseOrderController {/api/purchase-orders} (version: 1):
2026-07-28 21:13:25 [info]: Mapped {/api/purchase-orders, GET} (version: 1) route
2026-07-28 21:13:25 [info]: Mapped {/api/purchase-orders/:id, GET} (version: 1) route
2026-07-28 21:13:25 [info]: Mapped {/api/purchase-orders, POST} (version: 1) route
2026-07-28 21:13:25 [info]: Mapped {/api/purchase-orders/:id/receive, PATCH} (version: 1) route
2026-07-28 21:13:25 [info]: Mapped {/api/purchase-orders/:id/cancel, PATCH} (version: 1) route
2026-07-28 21:13:25 [info]: EstablishmentsController {/api/establishments} (version: 1):
2026-07-28 21:13:25 [info]: Mapped {/api/establishments, GET} (version: 1) route
2026-07-28 21:13:25 [info]: Mapped {/api/establishments, POST} (version: 1) route
2026-07-28 21:13:25 [info]: Mapped {/api/establishments/series, GET} (version: 1) route
2026-07-28 21:13:25 [info]: Mapped {/api/establishments/series, POST} (version: 1) route
2026-07-28 21:13:25 [info]: Facturación electrónica: Adaptador inicializado.
2026-07-28 21:13:25 [info]: Facturación electrónica: Adaptador inicializado.
2026-07-28 21:13:25 [info]: Nest application successfully started
2026-07-28 21:19:04 [info]: Starting Nest application...
2026-07-28 21:19:04 [info]: AppModule dependencies initialized
2026-07-28 21:19:04 [info]: TypeOrmModule dependencies initialized
2026-07-28 21:19:04 [info]: PassportModule dependencies initialized
2026-07-28 21:19:04 [info]: ConfigHostModule dependencies initialized
2026-07-28 21:19:04 [info]: WinstonModule dependencies initialized
2026-07-28 21:19:04 [info]: HealthModule dependencies initialized
2026-07-28 21:19:04 [info]: HttpModule dependencies initialized
2026-07-28 21:19:04 [info]: DiscoveryModule dependencies initialized
2026-07-28 21:19:04 [info]: ConfigModule dependencies initialized
2026-07-28 21:19:04 [info]: ConfigModule dependencies initialized
2026-07-28 21:19:04 [info]: EventEmitterModule dependencies initialized
2026-07-28 21:19:04 [info]: ScheduleModule dependencies initialized
2026-07-28 21:19:04 [info]: JwtModule dependencies initialized
2026-07-28 21:19:04 [info]: TypeOrmCoreModule dependencies initialized
2026-07-28 21:19:04 [info]: TypeOrmModule dependencies initialized
2026-07-28 21:19:04 [info]: TypeOrmModule dependencies initialized
2026-07-28 21:19:04 [info]: TypeOrmModule dependencies initialized
2026-07-28 21:19:04 [info]: TypeOrmModule dependencies initialized
2026-07-28 21:19:04 [info]: TypeOrmModule dependencies initialized
2026-07-28 21:19:04 [info]: TypeOrmModule dependencies initialized
2026-07-28 21:19:04 [info]: TypeOrmModule dependencies initialized
2026-07-28 21:19:04 [info]: TypeOrmModule dependencies initialized
2026-07-28 21:19:04 [info]: TypeOrmModule dependencies initialized
2026-07-28 21:19:04 [info]: TypeOrmModule dependencies initialized
2026-07-28 21:19:04 [info]: TypeOrmModule dependencies initialized
2026-07-28 21:19:04 [info]: CategoryModule dependencies initialized
2026-07-28 21:19:04 [info]: SupplierModule dependencies initialized
2026-07-28 21:19:04 [info]: CustomerModule dependencies initialized
2026-07-28 21:19:04 [info]: AuthModule dependencies initialized
2026-07-28 21:19:04 [info]: EstablishmentsModule dependencies initialized
2026-07-28 21:19:04 [info]: UserModule dependencies initialized
2026-07-28 21:19:04 [info]: ProductModule dependencies initialized
2026-07-28 21:19:04 [info]: PurchaseOrderModule dependencies initialized
2026-07-28 21:19:04 [info]: CompanySettingsModule dependencies initialized
2026-07-28 21:19:04 [info]: SaleModule dependencies initialized
2026-07-28 21:19:04 [info]: CashModule dependencies initialized
2026-07-28 21:19:04 [info]: AuthController {/api/auth} (version: 1):
2026-07-28 21:19:04 [info]: Mapped {/api/auth/login, POST} (version: 1) route
2026-07-28 21:19:04 [info]: Mapped {/api/auth/status, GET} (version: 1) route
2026-07-28 21:19:04 [info]: UserController {/api/users} (version: 1):
2026-07-28 21:19:04 [info]: Mapped {/api/users, GET} (version: 1) route
2026-07-28 21:19:04 [info]: Mapped {/api/users/:id, GET} (version: 1) route
2026-07-28 21:19:04 [info]: Mapped {/api/users, POST} (version: 1) route
2026-07-28 21:19:04 [info]: Mapped {/api/users/:id, PUT} (version: 1) route
2026-07-28 21:19:04 [info]: Mapped {/api/users/:id, DELETE} (version: 1) route
2026-07-28 21:19:04 [info]: HealthController {/api/health} (version: 1):
2026-07-28 21:19:04 [info]: Mapped {/api/health, GET} (version: 1) route
2026-07-28 21:19:04 [info]: CategoryController {/api/categories} (version: 1):
2026-07-28 21:19:04 [info]: Mapped {/api/categories, GET} (version: 1) route
2026-07-28 21:19:04 [info]: Mapped {/api/categories/:id, GET} (version: 1) route
2026-07-28 21:19:04 [info]: Mapped {/api/categories, POST} (version: 1) route
2026-07-28 21:19:04 [info]: Mapped {/api/categories/:id, PUT} (version: 1) route
2026-07-28 21:19:04 [info]: Mapped {/api/categories/:id, DELETE} (version: 1) route
2026-07-28 21:19:04 [info]: SupplierController {/api/suppliers} (version: 1):
2026-07-28 21:19:04 [info]: Mapped {/api/suppliers, GET} (version: 1) route
2026-07-28 21:19:04 [info]: Mapped {/api/suppliers/:id, GET} (version: 1) route
2026-07-28 21:19:04 [info]: Mapped {/api/suppliers, POST} (version: 1) route
2026-07-28 21:19:04 [info]: Mapped {/api/suppliers/:id, PUT} (version: 1) route
2026-07-28 21:19:04 [info]: Mapped {/api/suppliers/:id, DELETE} (version: 1) route
2026-07-28 21:19:04 [info]: ProductController {/api/products} (version: 1):
2026-07-28 21:19:04 [info]: Mapped {/api/products, GET} (version: 1) route
2026-07-28 21:19:04 [info]: Mapped {/api/products/low-stock, GET} (version: 1) route
2026-07-28 21:19:04 [info]: Mapped {/api/products/excel/template, GET} (version: 1) route
2026-07-28 21:19:04 [info]: Mapped {/api/products/excel/import, POST} (version: 1) route
2026-07-28 21:19:04 [info]: Mapped {/api/products/barcode/:barcode, GET} (version: 1) route
2026-07-28 21:19:04 [info]: Mapped {/api/products/:id, GET} (version: 1) route
2026-07-28 21:19:04 [info]: Mapped {/api/products, POST} (version: 1) route
2026-07-28 21:19:04 [info]: Mapped {/api/products/:id, PUT} (version: 1) route
2026-07-28 21:19:04 [info]: Mapped {/api/products/:id, DELETE} (version: 1) route
2026-07-28 21:19:04 [info]: Mapped {/api/products/:id/batches, GET} (version: 1) route
2026-07-28 21:19:04 [info]: Mapped {/api/products/:id/stock/add, PATCH} (version: 1) route
2026-07-28 21:19:04 [info]: Mapped {/api/products/:id/stock/subtract, PATCH} (version: 1) route
2026-07-28 21:19:04 [info]: CustomerController {/api/customers} (version: 1):
2026-07-28 21:19:04 [info]: Mapped {/api/customers, GET} (version: 1) route
2026-07-28 21:19:04 [info]: Mapped {/api/customers/lookup/:doc, GET} (version: 1) route
2026-07-28 21:19:04 [info]: Mapped {/api/customers/:id, GET} (version: 1) route
2026-07-28 21:19:04 [info]: Mapped {/api/customers, POST} (version: 1) route
2026-07-28 21:19:04 [info]: Mapped {/api/customers/:id, PUT} (version: 1) route
2026-07-28 21:19:04 [info]: Mapped {/api/customers/:id, DELETE} (version: 1) route
2026-07-28 21:19:04 [info]: SaleController {/api/sales} (version: 1):
2026-07-28 21:19:04 [info]: Mapped {/api/sales, GET} (version: 1) route
2026-07-28 21:19:04 [info]: Mapped {/api/sales/summary, GET} (version: 1) route
2026-07-28 21:19:04 [info]: Mapped {/api/sales/comprobante/pdf/:token, GET} (version: 1) route
2026-07-28 21:19:04 [info]: Mapped {/api/sales/:id/pdf-token, GET} (version: 1) route
2026-07-28 21:19:04 [info]: Mapped {/api/sales/:id/pdf, GET} (version: 1) route
2026-07-28 21:19:04 [info]: Mapped {/api/sales/:id, GET} (version: 1) route
2026-07-28 21:19:04 [info]: Mapped {/api/sales, POST} (version: 1) route
2026-07-28 21:19:04 [info]: Mapped {/api/sales/credit-note, POST} (version: 1) route
2026-07-28 21:19:04 [info]: Mapped {/api/sales/:id/void, PATCH} (version: 1) route
2026-07-28 21:19:04 [info]: Mapped {/api/sales/:id/send-whatsapp, POST} (version: 1) route
2026-07-28 21:19:04 [info]: Mapped {/api/sales/:id/resend-sunat, POST} (version: 1) route
2026-07-28 21:19:04 [info]: CompanySettingsController {/api/company-settings} (version: 1):
2026-07-28 21:19:04 [info]: Mapped {/api/company-settings, GET} (version: 1) route
2026-07-28 21:19:04 [info]: Mapped {/api/company-settings, PUT} (version: 1) route
2026-07-28 21:19:04 [info]: Mapped {/api/company-settings/logo, POST} (version: 1) route
2026-07-28 21:19:04 [info]: Mapped {/api/company-settings/register-sunat-api, POST} (version: 1) route
2026-07-28 21:19:04 [info]: CashController {/api/caja} (version: 1):
2026-07-28 21:19:04 [info]: Mapped {/api/caja/abrir, POST} (version: 1) route
2026-07-28 21:19:04 [info]: Mapped {/api/caja/activa, GET} (version: 1) route
2026-07-28 21:19:04 [info]: Mapped {/api/caja/resumen, GET} (version: 1) route
2026-07-28 21:19:04 [info]: Mapped {/api/caja/movimiento, POST} (version: 1) route
2026-07-28 21:19:04 [info]: Mapped {/api/caja/cerrar, POST} (version: 1) route
2026-07-28 21:19:04 [info]: Mapped {/api/caja/historial, GET} (version: 1) route
2026-07-28 21:19:04 [info]: Mapped {/api/caja/sesion/:id, GET} (version: 1) route
2026-07-28 21:19:04 [info]: PurchaseOrderController {/api/purchase-orders} (version: 1):
2026-07-28 21:19:04 [info]: Mapped {/api/purchase-orders, GET} (version: 1) route
2026-07-28 21:19:04 [info]: Mapped {/api/purchase-orders/:id, GET} (version: 1) route
2026-07-28 21:19:04 [info]: Mapped {/api/purchase-orders, POST} (version: 1) route
2026-07-28 21:19:04 [info]: Mapped {/api/purchase-orders/:id/receive, PATCH} (version: 1) route
2026-07-28 21:19:04 [info]: Mapped {/api/purchase-orders/:id/cancel, PATCH} (version: 1) route
2026-07-28 21:19:04 [info]: EstablishmentsController {/api/establishments} (version: 1):
2026-07-28 21:19:04 [info]: Mapped {/api/establishments, GET} (version: 1) route
2026-07-28 21:19:04 [info]: Mapped {/api/establishments, POST} (version: 1) route
2026-07-28 21:19:04 [info]: Mapped {/api/establishments/series, GET} (version: 1) route
2026-07-28 21:19:04 [info]: Mapped {/api/establishments/series, POST} (version: 1) route
2026-07-28 21:19:04 [info]: Facturación electrónica: Adaptador inicializado.
2026-07-28 21:19:04 [info]: Facturación electrónica: Adaptador inicializado.
2026-07-28 21:19:04 [info]: Nest application successfully started
2026-07-28 21:19:24 [info]: Starting Nest application...
2026-07-28 21:19:24 [info]: AppModule dependencies initialized
2026-07-28 21:19:24 [info]: TypeOrmModule dependencies initialized
2026-07-28 21:19:24 [info]: PassportModule dependencies initialized
2026-07-28 21:19:24 [info]: ConfigHostModule dependencies initialized
2026-07-28 21:19:24 [info]: WinstonModule dependencies initialized
2026-07-28 21:19:24 [info]: HealthModule dependencies initialized
2026-07-28 21:19:24 [info]: HttpModule dependencies initialized
2026-07-28 21:19:24 [info]: DiscoveryModule dependencies initialized
2026-07-28 21:19:24 [info]: ConfigModule dependencies initialized
2026-07-28 21:19:24 [info]: ConfigModule dependencies initialized
2026-07-28 21:19:24 [info]: EventEmitterModule dependencies initialized
2026-07-28 21:19:24 [info]: ScheduleModule dependencies initialized
2026-07-28 21:19:24 [info]: JwtModule dependencies initialized
2026-07-28 21:19:24 [info]: TypeOrmCoreModule dependencies initialized
2026-07-28 21:19:24 [info]: TypeOrmModule dependencies initialized
2026-07-28 21:19:24 [info]: TypeOrmModule dependencies initialized
2026-07-28 21:19:24 [info]: TypeOrmModule dependencies initialized
2026-07-28 21:19:24 [info]: TypeOrmModule dependencies initialized
2026-07-28 21:19:24 [info]: TypeOrmModule dependencies initialized
2026-07-28 21:19:24 [info]: TypeOrmModule dependencies initialized
2026-07-28 21:19:24 [info]: TypeOrmModule dependencies initialized
2026-07-28 21:19:24 [info]: TypeOrmModule dependencies initialized
2026-07-28 21:19:24 [info]: TypeOrmModule dependencies initialized
2026-07-28 21:19:24 [info]: TypeOrmModule dependencies initialized
2026-07-28 21:19:24 [info]: TypeOrmModule dependencies initialized
2026-07-28 21:19:24 [info]: CategoryModule dependencies initialized
2026-07-28 21:19:24 [info]: SupplierModule dependencies initialized
2026-07-28 21:19:24 [info]: CustomerModule dependencies initialized
2026-07-28 21:19:24 [info]: AuthModule dependencies initialized
2026-07-28 21:19:24 [info]: EstablishmentsModule dependencies initialized
2026-07-28 21:19:24 [info]: UserModule dependencies initialized
2026-07-28 21:19:24 [info]: ProductModule dependencies initialized
2026-07-28 21:19:24 [info]: PurchaseOrderModule dependencies initialized
2026-07-28 21:19:24 [info]: CompanySettingsModule dependencies initialized
2026-07-28 21:19:24 [info]: SaleModule dependencies initialized
2026-07-28 21:19:24 [info]: CashModule dependencies initialized
2026-07-28 21:19:25 [info]: AuthController {/api/auth} (version: 1):
2026-07-28 21:19:25 [info]: Mapped {/api/auth/login, POST} (version: 1) route
2026-07-28 21:19:25 [info]: Mapped {/api/auth/status, GET} (version: 1) route
2026-07-28 21:19:25 [info]: UserController {/api/users} (version: 1):
2026-07-28 21:19:25 [info]: Mapped {/api/users, GET} (version: 1) route
2026-07-28 21:19:25 [info]: Mapped {/api/users/:id, GET} (version: 1) route
2026-07-28 21:19:25 [info]: Mapped {/api/users, POST} (version: 1) route
2026-07-28 21:19:25 [info]: Mapped {/api/users/:id, PUT} (version: 1) route
2026-07-28 21:19:25 [info]: Mapped {/api/users/:id, DELETE} (version: 1) route
2026-07-28 21:19:25 [info]: HealthController {/api/health} (version: 1):
2026-07-28 21:19:25 [info]: Mapped {/api/health, GET} (version: 1) route
2026-07-28 21:19:25 [info]: CategoryController {/api/categories} (version: 1):
2026-07-28 21:19:25 [info]: Mapped {/api/categories, GET} (version: 1) route
2026-07-28 21:19:25 [info]: Mapped {/api/categories/:id, GET} (version: 1) route
2026-07-28 21:19:25 [info]: Mapped {/api/categories, POST} (version: 1) route
2026-07-28 21:19:25 [info]: Mapped {/api/categories/:id, PUT} (version: 1) route
2026-07-28 21:19:25 [info]: Mapped {/api/categories/:id, DELETE} (version: 1) route
2026-07-28 21:19:25 [info]: SupplierController {/api/suppliers} (version: 1):
2026-07-28 21:19:25 [info]: Mapped {/api/suppliers, GET} (version: 1) route
2026-07-28 21:19:25 [info]: Mapped {/api/suppliers/:id, GET} (version: 1) route
2026-07-28 21:19:25 [info]: Mapped {/api/suppliers, POST} (version: 1) route
2026-07-28 21:19:25 [info]: Mapped {/api/suppliers/:id, PUT} (version: 1) route
2026-07-28 21:19:25 [info]: Mapped {/api/suppliers/:id, DELETE} (version: 1) route
2026-07-28 21:19:25 [info]: ProductController {/api/products} (version: 1):
2026-07-28 21:19:25 [info]: Mapped {/api/products, GET} (version: 1) route
2026-07-28 21:19:25 [info]: Mapped {/api/products/low-stock, GET} (version: 1) route
2026-07-28 21:19:25 [info]: Mapped {/api/products/excel/template, GET} (version: 1) route
2026-07-28 21:19:25 [info]: Mapped {/api/products/excel/import, POST} (version: 1) route
2026-07-28 21:19:25 [info]: Mapped {/api/products/barcode/:barcode, GET} (version: 1) route
2026-07-28 21:19:25 [info]: Mapped {/api/products/:id, GET} (version: 1) route
2026-07-28 21:19:25 [info]: Mapped {/api/products, POST} (version: 1) route
2026-07-28 21:19:25 [info]: Mapped {/api/products/:id, PUT} (version: 1) route
2026-07-28 21:19:25 [info]: Mapped {/api/products/:id, DELETE} (version: 1) route
2026-07-28 21:19:25 [info]: Mapped {/api/products/:id/batches, GET} (version: 1) route
2026-07-28 21:19:25 [info]: Mapped {/api/products/:id/stock/add, PATCH} (version: 1) route
2026-07-28 21:19:25 [info]: Mapped {/api/products/:id/stock/subtract, PATCH} (version: 1) route
2026-07-28 21:19:25 [info]: CustomerController {/api/customers} (version: 1):
2026-07-28 21:19:25 [info]: Mapped {/api/customers, GET} (version: 1) route
2026-07-28 21:19:25 [info]: Mapped {/api/customers/lookup/:doc, GET} (version: 1) route
2026-07-28 21:19:25 [info]: Mapped {/api/customers/:id, GET} (version: 1) route
2026-07-28 21:19:25 [info]: Mapped {/api/customers, POST} (version: 1) route
2026-07-28 21:19:25 [info]: Mapped {/api/customers/:id, PUT} (version: 1) route
2026-07-28 21:19:25 [info]: Mapped {/api/customers/:id, DELETE} (version: 1) route
2026-07-28 21:19:25 [info]: SaleController {/api/sales} (version: 1):
2026-07-28 21:19:25 [info]: Mapped {/api/sales, GET} (version: 1) route
2026-07-28 21:19:25 [info]: Mapped {/api/sales/summary, GET} (version: 1) route
2026-07-28 21:19:25 [info]: Mapped {/api/sales/comprobante/pdf/:token, GET} (version: 1) route
2026-07-28 21:19:25 [info]: Mapped {/api/sales/:id/pdf-token, GET} (version: 1) route
2026-07-28 21:19:25 [info]: Mapped {/api/sales/:id/pdf, GET} (version: 1) route
2026-07-28 21:19:25 [info]: Mapped {/api/sales/:id, GET} (version: 1) route
2026-07-28 21:19:25 [info]: Mapped {/api/sales, POST} (version: 1) route
2026-07-28 21:19:25 [info]: Mapped {/api/sales/credit-note, POST} (version: 1) route
2026-07-28 21:19:25 [info]: Mapped {/api/sales/:id/void, PATCH} (version: 1) route
2026-07-28 21:19:25 [info]: Mapped {/api/sales/:id/send-whatsapp, POST} (version: 1) route
2026-07-28 21:19:25 [info]: Mapped {/api/sales/:id/resend-sunat, POST} (version: 1) route
2026-07-28 21:19:25 [info]: CompanySettingsController {/api/company-settings} (version: 1):
2026-07-28 21:19:25 [info]: Mapped {/api/company-settings, GET} (version: 1) route
2026-07-28 21:19:25 [info]: Mapped {/api/company-settings, PUT} (version: 1) route
2026-07-28 21:19:25 [info]: Mapped {/api/company-settings/logo, POST} (version: 1) route
2026-07-28 21:19:25 [info]: Mapped {/api/company-settings/register-sunat-api, POST} (version: 1) route
2026-07-28 21:19:25 [info]: CashController {/api/caja} (version: 1):
2026-07-28 21:19:25 [info]: Mapped {/api/caja/abrir, POST} (version: 1) route
2026-07-28 21:19:25 [info]: Mapped {/api/caja/activa, GET} (version: 1) route
2026-07-28 21:19:25 [info]: Mapped {/api/caja/resumen, GET} (version: 1) route
2026-07-28 21:19:25 [info]: Mapped {/api/caja/movimiento, POST} (version: 1) route
2026-07-28 21:19:25 [info]: Mapped {/api/caja/cerrar, POST} (version: 1) route
2026-07-28 21:19:25 [info]: Mapped {/api/caja/historial, GET} (version: 1) route
2026-07-28 21:19:25 [info]: Mapped {/api/caja/sesion/:id, GET} (version: 1) route
2026-07-28 21:19:25 [info]: PurchaseOrderController {/api/purchase-orders} (version: 1):
2026-07-28 21:19:25 [info]: Mapped {/api/purchase-orders, GET} (version: 1) route
2026-07-28 21:19:25 [info]: Mapped {/api/purchase-orders/:id, GET} (version: 1) route
2026-07-28 21:19:25 [info]: Mapped {/api/purchase-orders, POST} (version: 1) route
2026-07-28 21:19:25 [info]: Mapped {/api/purchase-orders/:id/receive, PATCH} (version: 1) route
2026-07-28 21:19:25 [info]: Mapped {/api/purchase-orders/:id/cancel, PATCH} (version: 1) route
2026-07-28 21:19:25 [info]: EstablishmentsController {/api/establishments} (version: 1):
2026-07-28 21:19:25 [info]: Mapped {/api/establishments, GET} (version: 1) route
2026-07-28 21:19:25 [info]: Mapped {/api/establishments, POST} (version: 1) route
2026-07-28 21:19:25 [info]: Mapped {/api/establishments/series, GET} (version: 1) route
2026-07-28 21:19:25 [info]: Mapped {/api/establishments/series, POST} (version: 1) route
2026-07-28 21:19:25 [info]: Facturación electrónica: Adaptador inicializado.
2026-07-28 21:19:25 [info]: Facturación electrónica: Adaptador inicializado.
2026-07-28 21:19:25 [info]: Nest application successfully started
