2026-07-23 00:09:38 [info]: Starting Nest application...
2026-07-23 00:09:38 [info]: AppModule dependencies initialized
2026-07-23 00:09:38 [info]: TypeOrmModule dependencies initialized
2026-07-23 00:09:38 [info]: PassportModule dependencies initialized
2026-07-23 00:09:38 [info]: ConfigHostModule dependencies initialized
2026-07-23 00:09:38 [info]: WinstonModule dependencies initialized
2026-07-23 00:09:38 [info]: HealthModule dependencies initialized
2026-07-23 00:09:38 [info]: HttpModule dependencies initialized
2026-07-23 00:09:38 [info]: DiscoveryModule dependencies initialized
2026-07-23 00:09:38 [info]: ConfigModule dependencies initialized
2026-07-23 00:09:38 [info]: ConfigModule dependencies initialized
2026-07-23 00:09:38 [info]: EventEmitterModule dependencies initialized
2026-07-23 00:09:38 [info]: ScheduleModule dependencies initialized
2026-07-23 00:09:38 [info]: JwtModule dependencies initialized
2026-07-23 00:09:38 [info]: TypeOrmCoreModule dependencies initialized
2026-07-23 00:09:38 [info]: TypeOrmModule dependencies initialized
2026-07-23 00:09:38 [info]: TypeOrmModule dependencies initialized
2026-07-23 00:09:38 [info]: TypeOrmModule dependencies initialized
2026-07-23 00:09:38 [info]: TypeOrmModule dependencies initialized
2026-07-23 00:09:38 [info]: TypeOrmModule dependencies initialized
2026-07-23 00:09:38 [info]: TypeOrmModule dependencies initialized
2026-07-23 00:09:38 [info]: TypeOrmModule dependencies initialized
2026-07-23 00:09:38 [info]: TypeOrmModule dependencies initialized
2026-07-23 00:09:38 [info]: TypeOrmModule dependencies initialized
2026-07-23 00:09:38 [info]: CategoryModule dependencies initialized
2026-07-23 00:09:38 [info]: SupplierModule dependencies initialized
2026-07-23 00:09:38 [info]: CustomerModule dependencies initialized
2026-07-23 00:09:38 [info]: AuthModule dependencies initialized
2026-07-23 00:09:38 [info]: UserModule dependencies initialized
2026-07-23 00:09:38 [info]: ProductModule dependencies initialized
2026-07-23 00:09:38 [info]: PurchaseOrderModule dependencies initialized
2026-07-23 00:09:38 [info]: CompanySettingsModule dependencies initialized
2026-07-23 00:09:38 [info]: SaleModule dependencies initialized
2026-07-23 00:09:38 [info]: AuthController {/api/auth} (version: 1):
2026-07-23 00:09:38 [info]: Mapped {/api/auth/login, POST} (version: 1) route
2026-07-23 00:09:38 [info]: Mapped {/api/auth/status, GET} (version: 1) route
2026-07-23 00:09:38 [info]: UserController {/api/users} (version: 1):
2026-07-23 00:09:38 [info]: Mapped {/api/users, GET} (version: 1) route
2026-07-23 00:09:38 [info]: Mapped {/api/users/:id, GET} (version: 1) route
2026-07-23 00:09:38 [info]: Mapped {/api/users, POST} (version: 1) route
2026-07-23 00:09:38 [info]: Mapped {/api/users/:id, PUT} (version: 1) route
2026-07-23 00:09:38 [info]: Mapped {/api/users/:id, DELETE} (version: 1) route
2026-07-23 00:09:38 [info]: HealthController {/api/health} (version: 1):
2026-07-23 00:09:38 [info]: Mapped {/api/health, GET} (version: 1) route
2026-07-23 00:09:38 [info]: CategoryController {/api/categories} (version: 1):
2026-07-23 00:09:38 [info]: Mapped {/api/categories, GET} (version: 1) route
2026-07-23 00:09:38 [info]: Mapped {/api/categories/:id, GET} (version: 1) route
2026-07-23 00:09:38 [info]: Mapped {/api/categories, POST} (version: 1) route
2026-07-23 00:09:38 [info]: Mapped {/api/categories/:id, PUT} (version: 1) route
2026-07-23 00:09:38 [info]: Mapped {/api/categories/:id, DELETE} (version: 1) route
2026-07-23 00:09:38 [info]: SupplierController {/api/suppliers} (version: 1):
2026-07-23 00:09:38 [info]: Mapped {/api/suppliers, GET} (version: 1) route
2026-07-23 00:09:38 [info]: Mapped {/api/suppliers/:id, GET} (version: 1) route
2026-07-23 00:09:38 [info]: Mapped {/api/suppliers, POST} (version: 1) route
2026-07-23 00:09:38 [info]: Mapped {/api/suppliers/:id, PUT} (version: 1) route
2026-07-23 00:09:38 [info]: Mapped {/api/suppliers/:id, DELETE} (version: 1) route
2026-07-23 00:09:38 [info]: ProductController {/api/products} (version: 1):
2026-07-23 00:09:38 [info]: Mapped {/api/products, GET} (version: 1) route
2026-07-23 00:09:38 [info]: Mapped {/api/products/low-stock, GET} (version: 1) route
2026-07-23 00:09:38 [info]: Mapped {/api/products/barcode/:barcode, GET} (version: 1) route
2026-07-23 00:09:38 [info]: Mapped {/api/products/:id, GET} (version: 1) route
2026-07-23 00:09:38 [info]: Mapped {/api/products, POST} (version: 1) route
2026-07-23 00:09:38 [info]: Mapped {/api/products/:id, PUT} (version: 1) route
2026-07-23 00:09:38 [info]: Mapped {/api/products/:id, DELETE} (version: 1) route
2026-07-23 00:09:38 [info]: Mapped {/api/products/:id/stock/add, PATCH} (version: 1) route
2026-07-23 00:09:38 [info]: Mapped {/api/products/:id/stock/subtract, PATCH} (version: 1) route
2026-07-23 00:09:38 [info]: CustomerController {/api/customers} (version: 1):
2026-07-23 00:09:38 [info]: Mapped {/api/customers, GET} (version: 1) route
2026-07-23 00:09:38 [info]: Mapped {/api/customers/lookup/:doc, GET} (version: 1) route
2026-07-23 00:09:38 [info]: Mapped {/api/customers/:id, GET} (version: 1) route
2026-07-23 00:09:38 [info]: Mapped {/api/customers, POST} (version: 1) route
2026-07-23 00:09:38 [info]: Mapped {/api/customers/:id, PUT} (version: 1) route
2026-07-23 00:09:38 [info]: Mapped {/api/customers/:id, DELETE} (version: 1) route
2026-07-23 00:09:38 [info]: SaleController {/api/sales} (version: 1):
2026-07-23 00:09:38 [info]: Mapped {/api/sales, GET} (version: 1) route
2026-07-23 00:09:38 [info]: Mapped {/api/sales/summary, GET} (version: 1) route
2026-07-23 00:09:38 [info]: Mapped {/api/sales/:id, GET} (version: 1) route
2026-07-23 00:09:38 [info]: Mapped {/api/sales, POST} (version: 1) route
2026-07-23 00:09:38 [info]: Mapped {/api/sales/:id/void, PATCH} (version: 1) route
2026-07-23 00:09:38 [info]: Mapped {/api/sales/credit-note, POST} (version: 1) route
2026-07-23 00:09:38 [info]: CompanySettingsController {/api/company-settings} (version: 1):
2026-07-23 00:09:38 [info]: Mapped {/api/company-settings, GET} (version: 1) route
2026-07-23 00:09:38 [info]: Mapped {/api/company-settings, PUT} (version: 1) route
2026-07-23 00:09:38 [info]: Mapped {/api/company-settings/logo, POST} (version: 1) route
2026-07-23 00:09:38 [info]: Mapped {/api/company-settings/register-sunat-api, POST} (version: 1) route
2026-07-23 00:09:38 [info]: PurchaseOrderController {/api/purchase-orders} (version: 1):
2026-07-23 00:09:38 [info]: Mapped {/api/purchase-orders, GET} (version: 1) route
2026-07-23 00:09:38 [info]: Mapped {/api/purchase-orders/:id, GET} (version: 1) route
2026-07-23 00:09:38 [info]: Mapped {/api/purchase-orders, POST} (version: 1) route
2026-07-23 00:09:38 [info]: Mapped {/api/purchase-orders/:id/receive, PATCH} (version: 1) route
2026-07-23 00:09:38 [info]: Mapped {/api/purchase-orders/:id/cancel, PATCH} (version: 1) route
2026-07-23 00:09:38 [info]: Facturación electrónica: Adaptador inicializado.
2026-07-23 00:09:38 [info]: Nest application successfully started
2026-07-23 00:09:53 [info]: Starting Nest application...
2026-07-23 00:09:53 [info]: AppModule dependencies initialized
2026-07-23 00:09:53 [info]: TypeOrmModule dependencies initialized
2026-07-23 00:09:53 [info]: PassportModule dependencies initialized
2026-07-23 00:09:53 [info]: ConfigHostModule dependencies initialized
2026-07-23 00:09:53 [info]: WinstonModule dependencies initialized
2026-07-23 00:09:53 [info]: HealthModule dependencies initialized
2026-07-23 00:09:53 [info]: HttpModule dependencies initialized
2026-07-23 00:09:53 [info]: DiscoveryModule dependencies initialized
2026-07-23 00:09:53 [info]: ConfigModule dependencies initialized
2026-07-23 00:09:53 [info]: ConfigModule dependencies initialized
2026-07-23 00:09:53 [info]: EventEmitterModule dependencies initialized
2026-07-23 00:09:53 [info]: ScheduleModule dependencies initialized
2026-07-23 00:09:53 [info]: JwtModule dependencies initialized
2026-07-23 00:09:53 [info]: TypeOrmCoreModule dependencies initialized
2026-07-23 00:09:53 [info]: TypeOrmModule dependencies initialized
2026-07-23 00:09:53 [info]: TypeOrmModule dependencies initialized
2026-07-23 00:09:53 [info]: TypeOrmModule dependencies initialized
2026-07-23 00:09:53 [info]: TypeOrmModule dependencies initialized
2026-07-23 00:09:53 [info]: TypeOrmModule dependencies initialized
2026-07-23 00:09:53 [info]: TypeOrmModule dependencies initialized
2026-07-23 00:09:53 [info]: TypeOrmModule dependencies initialized
2026-07-23 00:09:53 [info]: TypeOrmModule dependencies initialized
2026-07-23 00:09:53 [info]: TypeOrmModule dependencies initialized
2026-07-23 00:09:53 [info]: CategoryModule dependencies initialized
2026-07-23 00:09:53 [info]: SupplierModule dependencies initialized
2026-07-23 00:09:53 [info]: CustomerModule dependencies initialized
2026-07-23 00:09:53 [info]: AuthModule dependencies initialized
2026-07-23 00:09:53 [info]: UserModule dependencies initialized
2026-07-23 00:09:53 [info]: ProductModule dependencies initialized
2026-07-23 00:09:53 [info]: PurchaseOrderModule dependencies initialized
2026-07-23 00:09:53 [info]: CompanySettingsModule dependencies initialized
2026-07-23 00:09:53 [info]: SaleModule dependencies initialized
2026-07-23 00:09:53 [info]: AuthController {/api/auth} (version: 1):
2026-07-23 00:09:53 [info]: Mapped {/api/auth/login, POST} (version: 1) route
2026-07-23 00:09:53 [info]: Mapped {/api/auth/status, GET} (version: 1) route
2026-07-23 00:09:53 [info]: UserController {/api/users} (version: 1):
2026-07-23 00:09:53 [info]: Mapped {/api/users, GET} (version: 1) route
2026-07-23 00:09:53 [info]: Mapped {/api/users/:id, GET} (version: 1) route
2026-07-23 00:09:53 [info]: Mapped {/api/users, POST} (version: 1) route
2026-07-23 00:09:53 [info]: Mapped {/api/users/:id, PUT} (version: 1) route
2026-07-23 00:09:53 [info]: Mapped {/api/users/:id, DELETE} (version: 1) route
2026-07-23 00:09:53 [info]: HealthController {/api/health} (version: 1):
2026-07-23 00:09:53 [info]: Mapped {/api/health, GET} (version: 1) route
2026-07-23 00:09:53 [info]: CategoryController {/api/categories} (version: 1):
2026-07-23 00:09:53 [info]: Mapped {/api/categories, GET} (version: 1) route
2026-07-23 00:09:53 [info]: Mapped {/api/categories/:id, GET} (version: 1) route
2026-07-23 00:09:53 [info]: Mapped {/api/categories, POST} (version: 1) route
2026-07-23 00:09:53 [info]: Mapped {/api/categories/:id, PUT} (version: 1) route
2026-07-23 00:09:53 [info]: Mapped {/api/categories/:id, DELETE} (version: 1) route
2026-07-23 00:09:53 [info]: SupplierController {/api/suppliers} (version: 1):
2026-07-23 00:09:53 [info]: Mapped {/api/suppliers, GET} (version: 1) route
2026-07-23 00:09:53 [info]: Mapped {/api/suppliers/:id, GET} (version: 1) route
2026-07-23 00:09:53 [info]: Mapped {/api/suppliers, POST} (version: 1) route
2026-07-23 00:09:53 [info]: Mapped {/api/suppliers/:id, PUT} (version: 1) route
2026-07-23 00:09:53 [info]: Mapped {/api/suppliers/:id, DELETE} (version: 1) route
2026-07-23 00:09:53 [info]: ProductController {/api/products} (version: 1):
2026-07-23 00:09:53 [info]: Mapped {/api/products, GET} (version: 1) route
2026-07-23 00:09:53 [info]: Mapped {/api/products/low-stock, GET} (version: 1) route
2026-07-23 00:09:53 [info]: Mapped {/api/products/barcode/:barcode, GET} (version: 1) route
2026-07-23 00:09:53 [info]: Mapped {/api/products/:id, GET} (version: 1) route
2026-07-23 00:09:53 [info]: Mapped {/api/products, POST} (version: 1) route
2026-07-23 00:09:53 [info]: Mapped {/api/products/:id, PUT} (version: 1) route
2026-07-23 00:09:53 [info]: Mapped {/api/products/:id, DELETE} (version: 1) route
2026-07-23 00:09:53 [info]: Mapped {/api/products/:id/stock/add, PATCH} (version: 1) route
2026-07-23 00:09:53 [info]: Mapped {/api/products/:id/stock/subtract, PATCH} (version: 1) route
2026-07-23 00:09:53 [info]: CustomerController {/api/customers} (version: 1):
2026-07-23 00:09:53 [info]: Mapped {/api/customers, GET} (version: 1) route
2026-07-23 00:09:53 [info]: Mapped {/api/customers/lookup/:doc, GET} (version: 1) route
2026-07-23 00:09:53 [info]: Mapped {/api/customers/:id, GET} (version: 1) route
2026-07-23 00:09:53 [info]: Mapped {/api/customers, POST} (version: 1) route
2026-07-23 00:09:53 [info]: Mapped {/api/customers/:id, PUT} (version: 1) route
2026-07-23 00:09:53 [info]: Mapped {/api/customers/:id, DELETE} (version: 1) route
2026-07-23 00:09:53 [info]: SaleController {/api/sales} (version: 1):
2026-07-23 00:09:53 [info]: Mapped {/api/sales, GET} (version: 1) route
2026-07-23 00:09:53 [info]: Mapped {/api/sales/summary, GET} (version: 1) route
2026-07-23 00:09:53 [info]: Mapped {/api/sales/:id, GET} (version: 1) route
2026-07-23 00:09:53 [info]: Mapped {/api/sales, POST} (version: 1) route
2026-07-23 00:09:53 [info]: Mapped {/api/sales/:id/void, PATCH} (version: 1) route
2026-07-23 00:09:53 [info]: Mapped {/api/sales/credit-note, POST} (version: 1) route
2026-07-23 00:09:53 [info]: CompanySettingsController {/api/company-settings} (version: 1):
2026-07-23 00:09:53 [info]: Mapped {/api/company-settings, GET} (version: 1) route
2026-07-23 00:09:53 [info]: Mapped {/api/company-settings, PUT} (version: 1) route
2026-07-23 00:09:53 [info]: Mapped {/api/company-settings/logo, POST} (version: 1) route
2026-07-23 00:09:53 [info]: Mapped {/api/company-settings/register-sunat-api, POST} (version: 1) route
2026-07-23 00:09:53 [info]: PurchaseOrderController {/api/purchase-orders} (version: 1):
2026-07-23 00:09:53 [info]: Mapped {/api/purchase-orders, GET} (version: 1) route
2026-07-23 00:09:53 [info]: Mapped {/api/purchase-orders/:id, GET} (version: 1) route
2026-07-23 00:09:53 [info]: Mapped {/api/purchase-orders, POST} (version: 1) route
2026-07-23 00:09:53 [info]: Mapped {/api/purchase-orders/:id/receive, PATCH} (version: 1) route
2026-07-23 00:09:53 [info]: Mapped {/api/purchase-orders/:id/cancel, PATCH} (version: 1) route
2026-07-23 00:09:53 [info]: Facturación electrónica: Adaptador inicializado.
2026-07-23 00:09:53 [info]: Nest application successfully started
2026-07-23 00:10:34 [info]: Starting Nest application...
2026-07-23 00:10:34 [info]: AppModule dependencies initialized
2026-07-23 00:10:34 [info]: TypeOrmModule dependencies initialized
2026-07-23 00:10:34 [info]: PassportModule dependencies initialized
2026-07-23 00:10:34 [info]: ConfigHostModule dependencies initialized
2026-07-23 00:10:34 [info]: WinstonModule dependencies initialized
2026-07-23 00:10:34 [info]: HealthModule dependencies initialized
2026-07-23 00:10:34 [info]: HttpModule dependencies initialized
2026-07-23 00:10:34 [info]: DiscoveryModule dependencies initialized
2026-07-23 00:10:34 [info]: ConfigModule dependencies initialized
2026-07-23 00:10:34 [info]: ConfigModule dependencies initialized
2026-07-23 00:10:34 [info]: EventEmitterModule dependencies initialized
2026-07-23 00:10:34 [info]: ScheduleModule dependencies initialized
2026-07-23 00:10:34 [info]: JwtModule dependencies initialized
2026-07-23 00:10:34 [info]: TypeOrmCoreModule dependencies initialized
2026-07-23 00:10:34 [info]: TypeOrmModule dependencies initialized
2026-07-23 00:10:34 [info]: TypeOrmModule dependencies initialized
2026-07-23 00:10:34 [info]: TypeOrmModule dependencies initialized
2026-07-23 00:10:34 [info]: TypeOrmModule dependencies initialized
2026-07-23 00:10:34 [info]: TypeOrmModule dependencies initialized
2026-07-23 00:10:34 [info]: TypeOrmModule dependencies initialized
2026-07-23 00:10:34 [info]: TypeOrmModule dependencies initialized
2026-07-23 00:10:34 [info]: TypeOrmModule dependencies initialized
2026-07-23 00:10:34 [info]: TypeOrmModule dependencies initialized
2026-07-23 00:10:34 [info]: CategoryModule dependencies initialized
2026-07-23 00:10:34 [info]: SupplierModule dependencies initialized
2026-07-23 00:10:34 [info]: CustomerModule dependencies initialized
2026-07-23 00:10:34 [info]: AuthModule dependencies initialized
2026-07-23 00:10:34 [info]: UserModule dependencies initialized
2026-07-23 00:10:34 [info]: ProductModule dependencies initialized
2026-07-23 00:10:34 [info]: PurchaseOrderModule dependencies initialized
2026-07-23 00:10:34 [info]: CompanySettingsModule dependencies initialized
2026-07-23 00:10:34 [info]: SaleModule dependencies initialized
2026-07-23 00:10:34 [info]: AuthController {/api/auth} (version: 1):
2026-07-23 00:10:34 [info]: Mapped {/api/auth/login, POST} (version: 1) route
2026-07-23 00:10:34 [info]: Mapped {/api/auth/status, GET} (version: 1) route
2026-07-23 00:10:34 [info]: UserController {/api/users} (version: 1):
2026-07-23 00:10:34 [info]: Mapped {/api/users, GET} (version: 1) route
2026-07-23 00:10:34 [info]: Mapped {/api/users/:id, GET} (version: 1) route
2026-07-23 00:10:34 [info]: Mapped {/api/users, POST} (version: 1) route
2026-07-23 00:10:34 [info]: Mapped {/api/users/:id, PUT} (version: 1) route
2026-07-23 00:10:34 [info]: Mapped {/api/users/:id, DELETE} (version: 1) route
2026-07-23 00:10:34 [info]: HealthController {/api/health} (version: 1):
2026-07-23 00:10:34 [info]: Mapped {/api/health, GET} (version: 1) route
2026-07-23 00:10:34 [info]: CategoryController {/api/categories} (version: 1):
2026-07-23 00:10:34 [info]: Mapped {/api/categories, GET} (version: 1) route
2026-07-23 00:10:34 [info]: Mapped {/api/categories/:id, GET} (version: 1) route
2026-07-23 00:10:34 [info]: Mapped {/api/categories, POST} (version: 1) route
2026-07-23 00:10:34 [info]: Mapped {/api/categories/:id, PUT} (version: 1) route
2026-07-23 00:10:34 [info]: Mapped {/api/categories/:id, DELETE} (version: 1) route
2026-07-23 00:10:34 [info]: SupplierController {/api/suppliers} (version: 1):
2026-07-23 00:10:34 [info]: Mapped {/api/suppliers, GET} (version: 1) route
2026-07-23 00:10:34 [info]: Mapped {/api/suppliers/:id, GET} (version: 1) route
2026-07-23 00:10:34 [info]: Mapped {/api/suppliers, POST} (version: 1) route
2026-07-23 00:10:34 [info]: Mapped {/api/suppliers/:id, PUT} (version: 1) route
2026-07-23 00:10:34 [info]: Mapped {/api/suppliers/:id, DELETE} (version: 1) route
2026-07-23 00:10:34 [info]: ProductController {/api/products} (version: 1):
2026-07-23 00:10:34 [info]: Mapped {/api/products, GET} (version: 1) route
2026-07-23 00:10:34 [info]: Mapped {/api/products/low-stock, GET} (version: 1) route
2026-07-23 00:10:34 [info]: Mapped {/api/products/barcode/:barcode, GET} (version: 1) route
2026-07-23 00:10:34 [info]: Mapped {/api/products/:id, GET} (version: 1) route
2026-07-23 00:10:34 [info]: Mapped {/api/products, POST} (version: 1) route
2026-07-23 00:10:34 [info]: Mapped {/api/products/:id, PUT} (version: 1) route
2026-07-23 00:10:34 [info]: Mapped {/api/products/:id, DELETE} (version: 1) route
2026-07-23 00:10:34 [info]: Mapped {/api/products/:id/stock/add, PATCH} (version: 1) route
2026-07-23 00:10:34 [info]: Mapped {/api/products/:id/stock/subtract, PATCH} (version: 1) route
2026-07-23 00:10:34 [info]: CustomerController {/api/customers} (version: 1):
2026-07-23 00:10:34 [info]: Mapped {/api/customers, GET} (version: 1) route
2026-07-23 00:10:34 [info]: Mapped {/api/customers/lookup/:doc, GET} (version: 1) route
2026-07-23 00:10:34 [info]: Mapped {/api/customers/:id, GET} (version: 1) route
2026-07-23 00:10:34 [info]: Mapped {/api/customers, POST} (version: 1) route
2026-07-23 00:10:34 [info]: Mapped {/api/customers/:id, PUT} (version: 1) route
2026-07-23 00:10:34 [info]: Mapped {/api/customers/:id, DELETE} (version: 1) route
2026-07-23 00:10:34 [info]: SaleController {/api/sales} (version: 1):
2026-07-23 00:10:34 [info]: Mapped {/api/sales, GET} (version: 1) route
2026-07-23 00:10:34 [info]: Mapped {/api/sales/summary, GET} (version: 1) route
2026-07-23 00:10:34 [info]: Mapped {/api/sales/:id, GET} (version: 1) route
2026-07-23 00:10:34 [info]: Mapped {/api/sales, POST} (version: 1) route
2026-07-23 00:10:34 [info]: Mapped {/api/sales/:id/void, PATCH} (version: 1) route
2026-07-23 00:10:34 [info]: Mapped {/api/sales/credit-note, POST} (version: 1) route
2026-07-23 00:10:34 [info]: CompanySettingsController {/api/company-settings} (version: 1):
2026-07-23 00:10:34 [info]: Mapped {/api/company-settings, GET} (version: 1) route
2026-07-23 00:10:34 [info]: Mapped {/api/company-settings, PUT} (version: 1) route
2026-07-23 00:10:34 [info]: Mapped {/api/company-settings/logo, POST} (version: 1) route
2026-07-23 00:10:34 [info]: Mapped {/api/company-settings/register-sunat-api, POST} (version: 1) route
2026-07-23 00:10:34 [info]: PurchaseOrderController {/api/purchase-orders} (version: 1):
2026-07-23 00:10:34 [info]: Mapped {/api/purchase-orders, GET} (version: 1) route
2026-07-23 00:10:34 [info]: Mapped {/api/purchase-orders/:id, GET} (version: 1) route
2026-07-23 00:10:34 [info]: Mapped {/api/purchase-orders, POST} (version: 1) route
2026-07-23 00:10:34 [info]: Mapped {/api/purchase-orders/:id/receive, PATCH} (version: 1) route
2026-07-23 00:10:34 [info]: Mapped {/api/purchase-orders/:id/cancel, PATCH} (version: 1) route
2026-07-23 00:10:34 [info]: Facturación electrónica: Adaptador inicializado.
2026-07-23 00:10:34 [info]: Nest application successfully started
2026-07-23 00:11:25 [warn]: Reintentando (1/3)...
2026-07-23 00:11:26 [warn]: Reintentando (2/3)...
2026-07-23 00:15:36 [warn]: Reintentando (1/3)...
2026-07-23 00:15:37 [error]: 
2026-07-23 00:15:37 [warn]: Reintentando (2/3)...
2026-07-23 00:19:16 [info]: Starting Nest application...
2026-07-23 00:19:16 [info]: AppModule dependencies initialized
2026-07-23 00:19:16 [info]: TypeOrmModule dependencies initialized
2026-07-23 00:19:16 [info]: PassportModule dependencies initialized
2026-07-23 00:19:16 [info]: ConfigHostModule dependencies initialized
2026-07-23 00:19:16 [info]: WinstonModule dependencies initialized
2026-07-23 00:19:16 [info]: HealthModule dependencies initialized
2026-07-23 00:19:16 [info]: HttpModule dependencies initialized
2026-07-23 00:19:16 [info]: DiscoveryModule dependencies initialized
2026-07-23 00:19:16 [info]: ConfigModule dependencies initialized
2026-07-23 00:19:16 [info]: ConfigModule dependencies initialized
2026-07-23 00:19:16 [info]: EventEmitterModule dependencies initialized
2026-07-23 00:19:16 [info]: ScheduleModule dependencies initialized
2026-07-23 00:19:16 [info]: JwtModule dependencies initialized
2026-07-23 00:19:16 [info]: TypeOrmCoreModule dependencies initialized
2026-07-23 00:19:16 [info]: TypeOrmModule dependencies initialized
2026-07-23 00:19:16 [info]: TypeOrmModule dependencies initialized
2026-07-23 00:19:16 [info]: TypeOrmModule dependencies initialized
2026-07-23 00:19:16 [info]: TypeOrmModule dependencies initialized
2026-07-23 00:19:16 [info]: TypeOrmModule dependencies initialized
2026-07-23 00:19:16 [info]: TypeOrmModule dependencies initialized
2026-07-23 00:19:16 [info]: TypeOrmModule dependencies initialized
2026-07-23 00:19:16 [info]: TypeOrmModule dependencies initialized
2026-07-23 00:19:16 [info]: TypeOrmModule dependencies initialized
2026-07-23 00:19:16 [info]: CategoryModule dependencies initialized
2026-07-23 00:19:16 [info]: SupplierModule dependencies initialized
2026-07-23 00:19:16 [info]: CustomerModule dependencies initialized
2026-07-23 00:19:16 [info]: AuthModule dependencies initialized
2026-07-23 00:19:16 [info]: UserModule dependencies initialized
2026-07-23 00:19:16 [info]: ProductModule dependencies initialized
2026-07-23 00:19:16 [info]: PurchaseOrderModule dependencies initialized
2026-07-23 00:19:16 [info]: CompanySettingsModule dependencies initialized
2026-07-23 00:19:16 [info]: SaleModule dependencies initialized
2026-07-23 00:19:16 [info]: AuthController {/api/auth} (version: 1):
2026-07-23 00:19:16 [info]: Mapped {/api/auth/login, POST} (version: 1) route
2026-07-23 00:19:16 [info]: Mapped {/api/auth/status, GET} (version: 1) route
2026-07-23 00:19:16 [info]: UserController {/api/users} (version: 1):
2026-07-23 00:19:16 [info]: Mapped {/api/users, GET} (version: 1) route
2026-07-23 00:19:16 [info]: Mapped {/api/users/:id, GET} (version: 1) route
2026-07-23 00:19:16 [info]: Mapped {/api/users, POST} (version: 1) route
2026-07-23 00:19:16 [info]: Mapped {/api/users/:id, PUT} (version: 1) route
2026-07-23 00:19:16 [info]: Mapped {/api/users/:id, DELETE} (version: 1) route
2026-07-23 00:19:16 [info]: HealthController {/api/health} (version: 1):
2026-07-23 00:19:16 [info]: Mapped {/api/health, GET} (version: 1) route
2026-07-23 00:19:16 [info]: CategoryController {/api/categories} (version: 1):
2026-07-23 00:19:16 [info]: Mapped {/api/categories, GET} (version: 1) route
2026-07-23 00:19:16 [info]: Mapped {/api/categories/:id, GET} (version: 1) route
2026-07-23 00:19:16 [info]: Mapped {/api/categories, POST} (version: 1) route
2026-07-23 00:19:16 [info]: Mapped {/api/categories/:id, PUT} (version: 1) route
2026-07-23 00:19:16 [info]: Mapped {/api/categories/:id, DELETE} (version: 1) route
2026-07-23 00:19:16 [info]: SupplierController {/api/suppliers} (version: 1):
2026-07-23 00:19:16 [info]: Mapped {/api/suppliers, GET} (version: 1) route
2026-07-23 00:19:16 [info]: Mapped {/api/suppliers/:id, GET} (version: 1) route
2026-07-23 00:19:16 [info]: Mapped {/api/suppliers, POST} (version: 1) route
2026-07-23 00:19:16 [info]: Mapped {/api/suppliers/:id, PUT} (version: 1) route
2026-07-23 00:19:16 [info]: Mapped {/api/suppliers/:id, DELETE} (version: 1) route
2026-07-23 00:19:16 [info]: ProductController {/api/products} (version: 1):
2026-07-23 00:19:16 [info]: Mapped {/api/products, GET} (version: 1) route
2026-07-23 00:19:16 [info]: Mapped {/api/products/low-stock, GET} (version: 1) route
2026-07-23 00:19:16 [info]: Mapped {/api/products/barcode/:barcode, GET} (version: 1) route
2026-07-23 00:19:16 [info]: Mapped {/api/products/:id, GET} (version: 1) route
2026-07-23 00:19:16 [info]: Mapped {/api/products, POST} (version: 1) route
2026-07-23 00:19:16 [info]: Mapped {/api/products/:id, PUT} (version: 1) route
2026-07-23 00:19:16 [info]: Mapped {/api/products/:id, DELETE} (version: 1) route
2026-07-23 00:19:16 [info]: Mapped {/api/products/:id/stock/add, PATCH} (version: 1) route
2026-07-23 00:19:16 [info]: Mapped {/api/products/:id/stock/subtract, PATCH} (version: 1) route
2026-07-23 00:19:16 [info]: CustomerController {/api/customers} (version: 1):
2026-07-23 00:19:16 [info]: Mapped {/api/customers, GET} (version: 1) route
2026-07-23 00:19:16 [info]: Mapped {/api/customers/lookup/:doc, GET} (version: 1) route
2026-07-23 00:19:16 [info]: Mapped {/api/customers/:id, GET} (version: 1) route
2026-07-23 00:19:16 [info]: Mapped {/api/customers, POST} (version: 1) route
2026-07-23 00:19:16 [info]: Mapped {/api/customers/:id, PUT} (version: 1) route
2026-07-23 00:19:16 [info]: Mapped {/api/customers/:id, DELETE} (version: 1) route
2026-07-23 00:19:16 [info]: SaleController {/api/sales} (version: 1):
2026-07-23 00:19:16 [info]: Mapped {/api/sales, GET} (version: 1) route
2026-07-23 00:19:16 [info]: Mapped {/api/sales/summary, GET} (version: 1) route
2026-07-23 00:19:16 [info]: Mapped {/api/sales/:id, GET} (version: 1) route
2026-07-23 00:19:16 [info]: Mapped {/api/sales, POST} (version: 1) route
2026-07-23 00:19:16 [info]: Mapped {/api/sales/:id/void, PATCH} (version: 1) route
2026-07-23 00:19:16 [info]: Mapped {/api/sales/credit-note, POST} (version: 1) route
2026-07-23 00:19:16 [info]: CompanySettingsController {/api/company-settings} (version: 1):
2026-07-23 00:19:16 [info]: Mapped {/api/company-settings, GET} (version: 1) route
2026-07-23 00:19:16 [info]: Mapped {/api/company-settings, PUT} (version: 1) route
2026-07-23 00:19:16 [info]: Mapped {/api/company-settings/logo, POST} (version: 1) route
2026-07-23 00:19:16 [info]: Mapped {/api/company-settings/register-sunat-api, POST} (version: 1) route
2026-07-23 00:19:16 [info]: PurchaseOrderController {/api/purchase-orders} (version: 1):
2026-07-23 00:19:16 [info]: Mapped {/api/purchase-orders, GET} (version: 1) route
2026-07-23 00:19:16 [info]: Mapped {/api/purchase-orders/:id, GET} (version: 1) route
2026-07-23 00:19:16 [info]: Mapped {/api/purchase-orders, POST} (version: 1) route
2026-07-23 00:19:16 [info]: Mapped {/api/purchase-orders/:id/receive, PATCH} (version: 1) route
2026-07-23 00:19:16 [info]: Mapped {/api/purchase-orders/:id/cancel, PATCH} (version: 1) route
2026-07-23 00:19:16 [info]: Facturación electrónica: Adaptador inicializado.
2026-07-23 00:19:16 [info]: Nest application successfully started
2026-07-23 00:27:49 [info]: Starting Nest application...
2026-07-23 00:27:49 [info]: AppModule dependencies initialized
2026-07-23 00:27:49 [info]: TypeOrmModule dependencies initialized
2026-07-23 00:27:49 [info]: PassportModule dependencies initialized
2026-07-23 00:27:49 [info]: ConfigHostModule dependencies initialized
2026-07-23 00:27:49 [info]: WinstonModule dependencies initialized
2026-07-23 00:27:49 [info]: HealthModule dependencies initialized
2026-07-23 00:27:49 [info]: HttpModule dependencies initialized
2026-07-23 00:27:49 [info]: DiscoveryModule dependencies initialized
2026-07-23 00:27:49 [info]: ConfigModule dependencies initialized
2026-07-23 00:27:49 [info]: ConfigModule dependencies initialized
2026-07-23 00:27:49 [info]: EventEmitterModule dependencies initialized
2026-07-23 00:27:49 [info]: ScheduleModule dependencies initialized
2026-07-23 00:27:49 [info]: JwtModule dependencies initialized
2026-07-23 00:27:49 [info]: TypeOrmCoreModule dependencies initialized
2026-07-23 00:27:49 [info]: TypeOrmModule dependencies initialized
2026-07-23 00:27:49 [info]: TypeOrmModule dependencies initialized
2026-07-23 00:27:49 [info]: TypeOrmModule dependencies initialized
2026-07-23 00:27:49 [info]: TypeOrmModule dependencies initialized
2026-07-23 00:27:49 [info]: TypeOrmModule dependencies initialized
2026-07-23 00:27:49 [info]: TypeOrmModule dependencies initialized
2026-07-23 00:27:49 [info]: TypeOrmModule dependencies initialized
2026-07-23 00:27:49 [info]: TypeOrmModule dependencies initialized
2026-07-23 00:27:49 [info]: TypeOrmModule dependencies initialized
2026-07-23 00:27:49 [info]: CategoryModule dependencies initialized
2026-07-23 00:27:49 [info]: SupplierModule dependencies initialized
2026-07-23 00:27:49 [info]: CustomerModule dependencies initialized
2026-07-23 00:27:49 [info]: AuthModule dependencies initialized
2026-07-23 00:27:49 [info]: UserModule dependencies initialized
2026-07-23 00:27:49 [info]: ProductModule dependencies initialized
2026-07-23 00:27:49 [info]: PurchaseOrderModule dependencies initialized
2026-07-23 00:27:49 [info]: CompanySettingsModule dependencies initialized
2026-07-23 00:27:49 [info]: SaleModule dependencies initialized
2026-07-23 00:27:49 [info]: AuthController {/api/auth} (version: 1):
2026-07-23 00:27:49 [info]: Mapped {/api/auth/login, POST} (version: 1) route
2026-07-23 00:27:49 [info]: Mapped {/api/auth/status, GET} (version: 1) route
2026-07-23 00:27:49 [info]: UserController {/api/users} (version: 1):
2026-07-23 00:27:49 [info]: Mapped {/api/users, GET} (version: 1) route
2026-07-23 00:27:49 [info]: Mapped {/api/users/:id, GET} (version: 1) route
2026-07-23 00:27:49 [info]: Mapped {/api/users, POST} (version: 1) route
2026-07-23 00:27:49 [info]: Mapped {/api/users/:id, PUT} (version: 1) route
2026-07-23 00:27:49 [info]: Mapped {/api/users/:id, DELETE} (version: 1) route
2026-07-23 00:27:49 [info]: HealthController {/api/health} (version: 1):
2026-07-23 00:27:49 [info]: Mapped {/api/health, GET} (version: 1) route
2026-07-23 00:27:49 [info]: CategoryController {/api/categories} (version: 1):
2026-07-23 00:27:49 [info]: Mapped {/api/categories, GET} (version: 1) route
2026-07-23 00:27:49 [info]: Mapped {/api/categories/:id, GET} (version: 1) route
2026-07-23 00:27:49 [info]: Mapped {/api/categories, POST} (version: 1) route
2026-07-23 00:27:49 [info]: Mapped {/api/categories/:id, PUT} (version: 1) route
2026-07-23 00:27:49 [info]: Mapped {/api/categories/:id, DELETE} (version: 1) route
2026-07-23 00:27:49 [info]: SupplierController {/api/suppliers} (version: 1):
2026-07-23 00:27:49 [info]: Mapped {/api/suppliers, GET} (version: 1) route
2026-07-23 00:27:49 [info]: Mapped {/api/suppliers/:id, GET} (version: 1) route
2026-07-23 00:27:49 [info]: Mapped {/api/suppliers, POST} (version: 1) route
2026-07-23 00:27:49 [info]: Mapped {/api/suppliers/:id, PUT} (version: 1) route
2026-07-23 00:27:49 [info]: Mapped {/api/suppliers/:id, DELETE} (version: 1) route
2026-07-23 00:27:49 [info]: ProductController {/api/products} (version: 1):
2026-07-23 00:27:49 [info]: Mapped {/api/products, GET} (version: 1) route
2026-07-23 00:27:49 [info]: Mapped {/api/products/low-stock, GET} (version: 1) route
2026-07-23 00:27:49 [info]: Mapped {/api/products/barcode/:barcode, GET} (version: 1) route
2026-07-23 00:27:49 [info]: Mapped {/api/products/:id, GET} (version: 1) route
2026-07-23 00:27:49 [info]: Mapped {/api/products, POST} (version: 1) route
2026-07-23 00:27:49 [info]: Mapped {/api/products/:id, PUT} (version: 1) route
2026-07-23 00:27:49 [info]: Mapped {/api/products/:id, DELETE} (version: 1) route
2026-07-23 00:27:49 [info]: Mapped {/api/products/:id/stock/add, PATCH} (version: 1) route
2026-07-23 00:27:49 [info]: Mapped {/api/products/:id/stock/subtract, PATCH} (version: 1) route
2026-07-23 00:27:49 [info]: CustomerController {/api/customers} (version: 1):
2026-07-23 00:27:49 [info]: Mapped {/api/customers, GET} (version: 1) route
2026-07-23 00:27:49 [info]: Mapped {/api/customers/lookup/:doc, GET} (version: 1) route
2026-07-23 00:27:49 [info]: Mapped {/api/customers/:id, GET} (version: 1) route
2026-07-23 00:27:49 [info]: Mapped {/api/customers, POST} (version: 1) route
2026-07-23 00:27:49 [info]: Mapped {/api/customers/:id, PUT} (version: 1) route
2026-07-23 00:27:49 [info]: Mapped {/api/customers/:id, DELETE} (version: 1) route
2026-07-23 00:27:49 [info]: SaleController {/api/sales} (version: 1):
2026-07-23 00:27:49 [info]: Mapped {/api/sales, GET} (version: 1) route
2026-07-23 00:27:49 [info]: Mapped {/api/sales/summary, GET} (version: 1) route
2026-07-23 00:27:49 [info]: Mapped {/api/sales/:id, GET} (version: 1) route
2026-07-23 00:27:49 [info]: Mapped {/api/sales, POST} (version: 1) route
2026-07-23 00:27:49 [info]: Mapped {/api/sales/:id/void, PATCH} (version: 1) route
2026-07-23 00:27:49 [info]: Mapped {/api/sales/credit-note, POST} (version: 1) route
2026-07-23 00:27:49 [info]: CompanySettingsController {/api/company-settings} (version: 1):
2026-07-23 00:27:49 [info]: Mapped {/api/company-settings, GET} (version: 1) route
2026-07-23 00:27:49 [info]: Mapped {/api/company-settings, PUT} (version: 1) route
2026-07-23 00:27:49 [info]: Mapped {/api/company-settings/logo, POST} (version: 1) route
2026-07-23 00:27:49 [info]: Mapped {/api/company-settings/register-sunat-api, POST} (version: 1) route
2026-07-23 00:27:49 [info]: PurchaseOrderController {/api/purchase-orders} (version: 1):
2026-07-23 00:27:49 [info]: Mapped {/api/purchase-orders, GET} (version: 1) route
2026-07-23 00:27:49 [info]: Mapped {/api/purchase-orders/:id, GET} (version: 1) route
2026-07-23 00:27:49 [info]: Mapped {/api/purchase-orders, POST} (version: 1) route
2026-07-23 00:27:49 [info]: Mapped {/api/purchase-orders/:id/receive, PATCH} (version: 1) route
2026-07-23 00:27:49 [info]: Mapped {/api/purchase-orders/:id/cancel, PATCH} (version: 1) route
2026-07-23 00:27:49 [info]: Facturación electrónica: Adaptador inicializado.
2026-07-23 00:27:49 [info]: Nest application successfully started
2026-07-23 00:28:05 [info]: Starting Nest application...
2026-07-23 00:28:05 [info]: AppModule dependencies initialized
2026-07-23 00:28:05 [info]: TypeOrmModule dependencies initialized
2026-07-23 00:28:05 [info]: PassportModule dependencies initialized
2026-07-23 00:28:05 [info]: ConfigHostModule dependencies initialized
2026-07-23 00:28:05 [info]: WinstonModule dependencies initialized
2026-07-23 00:28:05 [info]: HealthModule dependencies initialized
2026-07-23 00:28:05 [info]: HttpModule dependencies initialized
2026-07-23 00:28:05 [info]: DiscoveryModule dependencies initialized
2026-07-23 00:28:05 [info]: ConfigModule dependencies initialized
2026-07-23 00:28:05 [info]: ConfigModule dependencies initialized
2026-07-23 00:28:05 [info]: EventEmitterModule dependencies initialized
2026-07-23 00:28:05 [info]: ScheduleModule dependencies initialized
2026-07-23 00:28:05 [info]: JwtModule dependencies initialized
2026-07-23 00:28:05 [info]: TypeOrmCoreModule dependencies initialized
2026-07-23 00:28:05 [info]: TypeOrmModule dependencies initialized
2026-07-23 00:28:05 [info]: TypeOrmModule dependencies initialized
2026-07-23 00:28:05 [info]: TypeOrmModule dependencies initialized
2026-07-23 00:28:05 [info]: TypeOrmModule dependencies initialized
2026-07-23 00:28:05 [info]: TypeOrmModule dependencies initialized
2026-07-23 00:28:05 [info]: TypeOrmModule dependencies initialized
2026-07-23 00:28:05 [info]: TypeOrmModule dependencies initialized
2026-07-23 00:28:05 [info]: TypeOrmModule dependencies initialized
2026-07-23 00:28:05 [info]: TypeOrmModule dependencies initialized
2026-07-23 00:28:05 [info]: CategoryModule dependencies initialized
2026-07-23 00:28:05 [info]: SupplierModule dependencies initialized
2026-07-23 00:28:05 [info]: CustomerModule dependencies initialized
2026-07-23 00:28:05 [info]: AuthModule dependencies initialized
2026-07-23 00:28:05 [info]: UserModule dependencies initialized
2026-07-23 00:28:05 [info]: ProductModule dependencies initialized
2026-07-23 00:28:05 [info]: PurchaseOrderModule dependencies initialized
2026-07-23 00:28:05 [info]: CompanySettingsModule dependencies initialized
2026-07-23 00:28:05 [info]: SaleModule dependencies initialized
2026-07-23 00:28:05 [info]: AuthController {/api/auth} (version: 1):
2026-07-23 00:28:05 [info]: Mapped {/api/auth/login, POST} (version: 1) route
2026-07-23 00:28:05 [info]: Mapped {/api/auth/status, GET} (version: 1) route
2026-07-23 00:28:05 [info]: UserController {/api/users} (version: 1):
2026-07-23 00:28:05 [info]: Mapped {/api/users, GET} (version: 1) route
2026-07-23 00:28:05 [info]: Mapped {/api/users/:id, GET} (version: 1) route
2026-07-23 00:28:05 [info]: Mapped {/api/users, POST} (version: 1) route
2026-07-23 00:28:05 [info]: Mapped {/api/users/:id, PUT} (version: 1) route
2026-07-23 00:28:05 [info]: Mapped {/api/users/:id, DELETE} (version: 1) route
2026-07-23 00:28:05 [info]: HealthController {/api/health} (version: 1):
2026-07-23 00:28:05 [info]: Mapped {/api/health, GET} (version: 1) route
2026-07-23 00:28:05 [info]: CategoryController {/api/categories} (version: 1):
2026-07-23 00:28:05 [info]: Mapped {/api/categories, GET} (version: 1) route
2026-07-23 00:28:05 [info]: Mapped {/api/categories/:id, GET} (version: 1) route
2026-07-23 00:28:05 [info]: Mapped {/api/categories, POST} (version: 1) route
2026-07-23 00:28:05 [info]: Mapped {/api/categories/:id, PUT} (version: 1) route
2026-07-23 00:28:05 [info]: Mapped {/api/categories/:id, DELETE} (version: 1) route
2026-07-23 00:28:05 [info]: SupplierController {/api/suppliers} (version: 1):
2026-07-23 00:28:05 [info]: Mapped {/api/suppliers, GET} (version: 1) route
2026-07-23 00:28:05 [info]: Mapped {/api/suppliers/:id, GET} (version: 1) route
2026-07-23 00:28:05 [info]: Mapped {/api/suppliers, POST} (version: 1) route
2026-07-23 00:28:05 [info]: Mapped {/api/suppliers/:id, PUT} (version: 1) route
2026-07-23 00:28:05 [info]: Mapped {/api/suppliers/:id, DELETE} (version: 1) route
2026-07-23 00:28:05 [info]: ProductController {/api/products} (version: 1):
2026-07-23 00:28:05 [info]: Mapped {/api/products, GET} (version: 1) route
2026-07-23 00:28:05 [info]: Mapped {/api/products/low-stock, GET} (version: 1) route
2026-07-23 00:28:05 [info]: Mapped {/api/products/barcode/:barcode, GET} (version: 1) route
2026-07-23 00:28:05 [info]: Mapped {/api/products/:id, GET} (version: 1) route
2026-07-23 00:28:05 [info]: Mapped {/api/products, POST} (version: 1) route
2026-07-23 00:28:05 [info]: Mapped {/api/products/:id, PUT} (version: 1) route
2026-07-23 00:28:05 [info]: Mapped {/api/products/:id, DELETE} (version: 1) route
2026-07-23 00:28:05 [info]: Mapped {/api/products/:id/stock/add, PATCH} (version: 1) route
2026-07-23 00:28:05 [info]: Mapped {/api/products/:id/stock/subtract, PATCH} (version: 1) route
2026-07-23 00:28:05 [info]: CustomerController {/api/customers} (version: 1):
2026-07-23 00:28:05 [info]: Mapped {/api/customers, GET} (version: 1) route
2026-07-23 00:28:05 [info]: Mapped {/api/customers/lookup/:doc, GET} (version: 1) route
2026-07-23 00:28:05 [info]: Mapped {/api/customers/:id, GET} (version: 1) route
2026-07-23 00:28:05 [info]: Mapped {/api/customers, POST} (version: 1) route
2026-07-23 00:28:05 [info]: Mapped {/api/customers/:id, PUT} (version: 1) route
2026-07-23 00:28:05 [info]: Mapped {/api/customers/:id, DELETE} (version: 1) route
2026-07-23 00:28:05 [info]: SaleController {/api/sales} (version: 1):
2026-07-23 00:28:05 [info]: Mapped {/api/sales, GET} (version: 1) route
2026-07-23 00:28:05 [info]: Mapped {/api/sales/summary, GET} (version: 1) route
2026-07-23 00:28:05 [info]: Mapped {/api/sales/:id, GET} (version: 1) route
2026-07-23 00:28:05 [info]: Mapped {/api/sales, POST} (version: 1) route
2026-07-23 00:28:05 [info]: Mapped {/api/sales/:id/void, PATCH} (version: 1) route
2026-07-23 00:28:05 [info]: Mapped {/api/sales/credit-note, POST} (version: 1) route
2026-07-23 00:28:05 [info]: CompanySettingsController {/api/company-settings} (version: 1):
2026-07-23 00:28:05 [info]: Mapped {/api/company-settings, GET} (version: 1) route
2026-07-23 00:28:05 [info]: Mapped {/api/company-settings, PUT} (version: 1) route
2026-07-23 00:28:05 [info]: Mapped {/api/company-settings/logo, POST} (version: 1) route
2026-07-23 00:28:05 [info]: Mapped {/api/company-settings/register-sunat-api, POST} (version: 1) route
2026-07-23 00:28:05 [info]: PurchaseOrderController {/api/purchase-orders} (version: 1):
2026-07-23 00:28:05 [info]: Mapped {/api/purchase-orders, GET} (version: 1) route
2026-07-23 00:28:05 [info]: Mapped {/api/purchase-orders/:id, GET} (version: 1) route
2026-07-23 00:28:05 [info]: Mapped {/api/purchase-orders, POST} (version: 1) route
2026-07-23 00:28:05 [info]: Mapped {/api/purchase-orders/:id/receive, PATCH} (version: 1) route
2026-07-23 00:28:05 [info]: Mapped {/api/purchase-orders/:id/cancel, PATCH} (version: 1) route
2026-07-23 00:28:05 [info]: Facturación electrónica: Adaptador inicializado.
2026-07-23 00:28:05 [info]: Nest application successfully started
2026-07-23 00:28:41 [error]: QueryFailedError: Unknown column 'sunat_status' in 'INSERT INTO'
    at MysqlQueryRunner.query (/Users/macintosh/Documents/DEVPRO/Back/src/driver/mysql/MysqlQueryRunner.ts:291:19)
    at process.processTicksAndRejections (node:internal/process/task_queues:103:5)
    at async InsertQueryBuilder.execute (/Users/macintosh/Documents/DEVPRO/Back/src/query-builder/InsertQueryBuilder.ts:166:33)
    at async SubjectExecutor.executeInsertOperations (/Users/macintosh/Documents/DEVPRO/Back/src/persistence/SubjectExecutor.ts:435:42)
    at async SubjectExecutor.execute (/Users/macintosh/Documents/DEVPRO/Back/src/persistence/SubjectExecutor.ts:137:9)
    at async EntityPersistExecutor.execute (/Users/macintosh/Documents/DEVPRO/Back/src/persistence/EntityPersistExecutor.ts:190:21)
    at async <anonymous> (/Users/macintosh/Documents/DEVPRO/Back/src/domain/services/sale.service.ts:169:25)
    at async EntityManager.transaction (/Users/macintosh/Documents/DEVPRO/Back/src/entity-manager/EntityManager.ts:159:28)
    at async /Users/macintosh/Documents/DEVPRO/Back/node_modules/@nestjs/core/router/router-execution-context.js:47:62
    at async /Users/macintosh/Documents/DEVPRO/Back/node_modules/@nestjs/core/router/router-proxy.js:9:17
2026-07-23 00:28:45 [error]: QueryFailedError: Unknown column 'sunat_status' in 'INSERT INTO'
    at MysqlQueryRunner.query (/Users/macintosh/Documents/DEVPRO/Back/src/driver/mysql/MysqlQueryRunner.ts:291:19)
    at process.processTicksAndRejections (node:internal/process/task_queues:103:5)
    at async InsertQueryBuilder.execute (/Users/macintosh/Documents/DEVPRO/Back/src/query-builder/InsertQueryBuilder.ts:166:33)
    at async SubjectExecutor.executeInsertOperations (/Users/macintosh/Documents/DEVPRO/Back/src/persistence/SubjectExecutor.ts:435:42)
    at async SubjectExecutor.execute (/Users/macintosh/Documents/DEVPRO/Back/src/persistence/SubjectExecutor.ts:137:9)
    at async EntityPersistExecutor.execute (/Users/macintosh/Documents/DEVPRO/Back/src/persistence/EntityPersistExecutor.ts:190:21)
    at async <anonymous> (/Users/macintosh/Documents/DEVPRO/Back/src/domain/services/sale.service.ts:169:25)
    at async EntityManager.transaction (/Users/macintosh/Documents/DEVPRO/Back/src/entity-manager/EntityManager.ts:159:28)
    at async /Users/macintosh/Documents/DEVPRO/Back/node_modules/@nestjs/core/router/router-execution-context.js:47:62
    at async /Users/macintosh/Documents/DEVPRO/Back/node_modules/@nestjs/core/router/router-proxy.js:9:17
2026-07-23 00:28:55 [error]: QueryFailedError: Unknown column 'sunat_status' in 'INSERT INTO'
    at MysqlQueryRunner.query (/Users/macintosh/Documents/DEVPRO/Back/src/driver/mysql/MysqlQueryRunner.ts:291:19)
    at process.processTicksAndRejections (node:internal/process/task_queues:103:5)
    at async InsertQueryBuilder.execute (/Users/macintosh/Documents/DEVPRO/Back/src/query-builder/InsertQueryBuilder.ts:166:33)
    at async SubjectExecutor.executeInsertOperations (/Users/macintosh/Documents/DEVPRO/Back/src/persistence/SubjectExecutor.ts:435:42)
    at async SubjectExecutor.execute (/Users/macintosh/Documents/DEVPRO/Back/src/persistence/SubjectExecutor.ts:137:9)
    at async EntityPersistExecutor.execute (/Users/macintosh/Documents/DEVPRO/Back/src/persistence/EntityPersistExecutor.ts:190:21)
    at async <anonymous> (/Users/macintosh/Documents/DEVPRO/Back/src/domain/services/sale.service.ts:169:25)
    at async EntityManager.transaction (/Users/macintosh/Documents/DEVPRO/Back/src/entity-manager/EntityManager.ts:159:28)
    at async /Users/macintosh/Documents/DEVPRO/Back/node_modules/@nestjs/core/router/router-execution-context.js:47:62
    at async /Users/macintosh/Documents/DEVPRO/Back/node_modules/@nestjs/core/router/router-proxy.js:9:17
2026-07-23 00:30:29 [error]: QueryFailedError: Unknown column 'sunat_status' in 'INSERT INTO'
    at MysqlQueryRunner.query (/Users/macintosh/Documents/DEVPRO/Back/src/driver/mysql/MysqlQueryRunner.ts:291:19)
    at process.processTicksAndRejections (node:internal/process/task_queues:103:5)
    at async InsertQueryBuilder.execute (/Users/macintosh/Documents/DEVPRO/Back/src/query-builder/InsertQueryBuilder.ts:166:33)
    at async SubjectExecutor.executeInsertOperations (/Users/macintosh/Documents/DEVPRO/Back/src/persistence/SubjectExecutor.ts:435:42)
    at async SubjectExecutor.execute (/Users/macintosh/Documents/DEVPRO/Back/src/persistence/SubjectExecutor.ts:137:9)
    at async EntityPersistExecutor.execute (/Users/macintosh/Documents/DEVPRO/Back/src/persistence/EntityPersistExecutor.ts:190:21)
    at async <anonymous> (/Users/macintosh/Documents/DEVPRO/Back/src/domain/services/sale.service.ts:169:25)
    at async EntityManager.transaction (/Users/macintosh/Documents/DEVPRO/Back/src/entity-manager/EntityManager.ts:159:28)
    at async /Users/macintosh/Documents/DEVPRO/Back/node_modules/@nestjs/core/router/router-execution-context.js:47:62
    at async /Users/macintosh/Documents/DEVPRO/Back/node_modules/@nestjs/core/router/router-proxy.js:9:17
2026-07-23 00:30:34 [error]: QueryFailedError: Unknown column 'sunat_status' in 'INSERT INTO'
    at MysqlQueryRunner.query (/Users/macintosh/Documents/DEVPRO/Back/src/driver/mysql/MysqlQueryRunner.ts:291:19)
    at process.processTicksAndRejections (node:internal/process/task_queues:103:5)
    at async InsertQueryBuilder.execute (/Users/macintosh/Documents/DEVPRO/Back/src/query-builder/InsertQueryBuilder.ts:166:33)
    at async SubjectExecutor.executeInsertOperations (/Users/macintosh/Documents/DEVPRO/Back/src/persistence/SubjectExecutor.ts:435:42)
    at async SubjectExecutor.execute (/Users/macintosh/Documents/DEVPRO/Back/src/persistence/SubjectExecutor.ts:137:9)
    at async EntityPersistExecutor.execute (/Users/macintosh/Documents/DEVPRO/Back/src/persistence/EntityPersistExecutor.ts:190:21)
    at async <anonymous> (/Users/macintosh/Documents/DEVPRO/Back/src/domain/services/sale.service.ts:169:25)
    at async EntityManager.transaction (/Users/macintosh/Documents/DEVPRO/Back/src/entity-manager/EntityManager.ts:159:28)
    at async /Users/macintosh/Documents/DEVPRO/Back/node_modules/@nestjs/core/router/router-execution-context.js:47:62
    at async /Users/macintosh/Documents/DEVPRO/Back/node_modules/@nestjs/core/router/router-proxy.js:9:17
2026-07-23 00:35:26 [error]: QueryFailedError: Lock wait timeout exceeded; try restarting transaction
    at MysqlQueryRunner.query (/Users/macintosh/Documents/DEVPRO/Back/src/driver/mysql/MysqlQueryRunner.ts:291:19)
    at process.processTicksAndRejections (node:internal/process/task_queues:103:5)
    at async UpdateQueryBuilder.execute (/Users/macintosh/Documents/DEVPRO/Back/src/query-builder/UpdateQueryBuilder.ts:148:33)
    at async SaleService.sendToApisunat (/Users/macintosh/Documents/DEVPRO/Back/src/domain/services/sale.service.ts:292:7)
    at async <anonymous> (/Users/macintosh/Documents/DEVPRO/Back/src/domain/services/sale.service.ts:183:9)
    at async EntityManager.transaction (/Users/macintosh/Documents/DEVPRO/Back/src/entity-manager/EntityManager.ts:159:28)
    at async /Users/macintosh/Documents/DEVPRO/Back/node_modules/@nestjs/core/router/router-execution-context.js:47:62
    at async /Users/macintosh/Documents/DEVPRO/Back/node_modules/@nestjs/core/router/router-proxy.js:9:17
2026-07-23 00:37:32 [info]: Starting Nest application...
2026-07-23 00:37:32 [info]: AppModule dependencies initialized
2026-07-23 00:37:32 [info]: TypeOrmModule dependencies initialized
2026-07-23 00:37:32 [info]: PassportModule dependencies initialized
2026-07-23 00:37:32 [info]: ConfigHostModule dependencies initialized
2026-07-23 00:37:32 [info]: WinstonModule dependencies initialized
2026-07-23 00:37:32 [info]: HealthModule dependencies initialized
2026-07-23 00:37:32 [info]: HttpModule dependencies initialized
2026-07-23 00:37:32 [info]: DiscoveryModule dependencies initialized
2026-07-23 00:37:32 [info]: ConfigModule dependencies initialized
2026-07-23 00:37:32 [info]: ConfigModule dependencies initialized
2026-07-23 00:37:32 [info]: EventEmitterModule dependencies initialized
2026-07-23 00:37:32 [info]: ScheduleModule dependencies initialized
2026-07-23 00:37:32 [info]: JwtModule dependencies initialized
2026-07-23 00:37:32 [info]: TypeOrmCoreModule dependencies initialized
2026-07-23 00:37:32 [info]: TypeOrmModule dependencies initialized
2026-07-23 00:37:32 [info]: TypeOrmModule dependencies initialized
2026-07-23 00:37:32 [info]: TypeOrmModule dependencies initialized
2026-07-23 00:37:32 [info]: TypeOrmModule dependencies initialized
2026-07-23 00:37:32 [info]: TypeOrmModule dependencies initialized
2026-07-23 00:37:32 [info]: TypeOrmModule dependencies initialized
2026-07-23 00:37:32 [info]: TypeOrmModule dependencies initialized
2026-07-23 00:37:32 [info]: TypeOrmModule dependencies initialized
2026-07-23 00:37:32 [info]: TypeOrmModule dependencies initialized
2026-07-23 00:37:32 [info]: CategoryModule dependencies initialized
2026-07-23 00:37:32 [info]: SupplierModule dependencies initialized
2026-07-23 00:37:32 [info]: CustomerModule dependencies initialized
2026-07-23 00:37:32 [info]: AuthModule dependencies initialized
2026-07-23 00:37:32 [info]: UserModule dependencies initialized
2026-07-23 00:37:32 [info]: ProductModule dependencies initialized
2026-07-23 00:37:32 [info]: PurchaseOrderModule dependencies initialized
2026-07-23 00:37:32 [info]: CompanySettingsModule dependencies initialized
2026-07-23 00:37:32 [info]: SaleModule dependencies initialized
2026-07-23 00:37:33 [info]: AuthController {/api/auth} (version: 1):
2026-07-23 00:37:33 [info]: Mapped {/api/auth/login, POST} (version: 1) route
2026-07-23 00:37:33 [info]: Mapped {/api/auth/status, GET} (version: 1) route
2026-07-23 00:37:33 [info]: UserController {/api/users} (version: 1):
2026-07-23 00:37:33 [info]: Mapped {/api/users, GET} (version: 1) route
2026-07-23 00:37:33 [info]: Mapped {/api/users/:id, GET} (version: 1) route
2026-07-23 00:37:33 [info]: Mapped {/api/users, POST} (version: 1) route
2026-07-23 00:37:33 [info]: Mapped {/api/users/:id, PUT} (version: 1) route
2026-07-23 00:37:33 [info]: Mapped {/api/users/:id, DELETE} (version: 1) route
2026-07-23 00:37:33 [info]: HealthController {/api/health} (version: 1):
2026-07-23 00:37:33 [info]: Mapped {/api/health, GET} (version: 1) route
2026-07-23 00:37:33 [info]: CategoryController {/api/categories} (version: 1):
2026-07-23 00:37:33 [info]: Mapped {/api/categories, GET} (version: 1) route
2026-07-23 00:37:33 [info]: Mapped {/api/categories/:id, GET} (version: 1) route
2026-07-23 00:37:33 [info]: Mapped {/api/categories, POST} (version: 1) route
2026-07-23 00:37:33 [info]: Mapped {/api/categories/:id, PUT} (version: 1) route
2026-07-23 00:37:33 [info]: Mapped {/api/categories/:id, DELETE} (version: 1) route
2026-07-23 00:37:33 [info]: SupplierController {/api/suppliers} (version: 1):
2026-07-23 00:37:33 [info]: Mapped {/api/suppliers, GET} (version: 1) route
2026-07-23 00:37:33 [info]: Mapped {/api/suppliers/:id, GET} (version: 1) route
2026-07-23 00:37:33 [info]: Mapped {/api/suppliers, POST} (version: 1) route
2026-07-23 00:37:33 [info]: Mapped {/api/suppliers/:id, PUT} (version: 1) route
2026-07-23 00:37:33 [info]: Mapped {/api/suppliers/:id, DELETE} (version: 1) route
2026-07-23 00:37:33 [info]: ProductController {/api/products} (version: 1):
2026-07-23 00:37:33 [info]: Mapped {/api/products, GET} (version: 1) route
2026-07-23 00:37:33 [info]: Mapped {/api/products/low-stock, GET} (version: 1) route
2026-07-23 00:37:33 [info]: Mapped {/api/products/barcode/:barcode, GET} (version: 1) route
2026-07-23 00:37:33 [info]: Mapped {/api/products/:id, GET} (version: 1) route
2026-07-23 00:37:33 [info]: Mapped {/api/products, POST} (version: 1) route
2026-07-23 00:37:33 [info]: Mapped {/api/products/:id, PUT} (version: 1) route
2026-07-23 00:37:33 [info]: Mapped {/api/products/:id, DELETE} (version: 1) route
2026-07-23 00:37:33 [info]: Mapped {/api/products/:id/stock/add, PATCH} (version: 1) route
2026-07-23 00:37:33 [info]: Mapped {/api/products/:id/stock/subtract, PATCH} (version: 1) route
2026-07-23 00:37:33 [info]: CustomerController {/api/customers} (version: 1):
2026-07-23 00:37:33 [info]: Mapped {/api/customers, GET} (version: 1) route
2026-07-23 00:37:33 [info]: Mapped {/api/customers/lookup/:doc, GET} (version: 1) route
2026-07-23 00:37:33 [info]: Mapped {/api/customers/:id, GET} (version: 1) route
2026-07-23 00:37:33 [info]: Mapped {/api/customers, POST} (version: 1) route
2026-07-23 00:37:33 [info]: Mapped {/api/customers/:id, PUT} (version: 1) route
2026-07-23 00:37:33 [info]: Mapped {/api/customers/:id, DELETE} (version: 1) route
2026-07-23 00:37:33 [info]: SaleController {/api/sales} (version: 1):
2026-07-23 00:37:33 [info]: Mapped {/api/sales, GET} (version: 1) route
2026-07-23 00:37:33 [info]: Mapped {/api/sales/summary, GET} (version: 1) route
2026-07-23 00:37:33 [info]: Mapped {/api/sales/:id, GET} (version: 1) route
2026-07-23 00:37:33 [info]: Mapped {/api/sales, POST} (version: 1) route
2026-07-23 00:37:33 [info]: Mapped {/api/sales/:id/void, PATCH} (version: 1) route
2026-07-23 00:37:33 [info]: Mapped {/api/sales/credit-note, POST} (version: 1) route
2026-07-23 00:37:33 [info]: CompanySettingsController {/api/company-settings} (version: 1):
2026-07-23 00:37:33 [info]: Mapped {/api/company-settings, GET} (version: 1) route
2026-07-23 00:37:33 [info]: Mapped {/api/company-settings, PUT} (version: 1) route
2026-07-23 00:37:33 [info]: Mapped {/api/company-settings/logo, POST} (version: 1) route
2026-07-23 00:37:33 [info]: Mapped {/api/company-settings/register-sunat-api, POST} (version: 1) route
2026-07-23 00:37:33 [info]: PurchaseOrderController {/api/purchase-orders} (version: 1):
2026-07-23 00:37:33 [info]: Mapped {/api/purchase-orders, GET} (version: 1) route
2026-07-23 00:37:33 [info]: Mapped {/api/purchase-orders/:id, GET} (version: 1) route
2026-07-23 00:37:33 [info]: Mapped {/api/purchase-orders, POST} (version: 1) route
2026-07-23 00:37:33 [info]: Mapped {/api/purchase-orders/:id/receive, PATCH} (version: 1) route
2026-07-23 00:37:33 [info]: Mapped {/api/purchase-orders/:id/cancel, PATCH} (version: 1) route
2026-07-23 00:37:33 [info]: Facturación electrónica: Adaptador inicializado.
2026-07-23 00:37:33 [info]: Nest application successfully started
2026-07-23 00:37:43 [warn]: Reintentando (1/3)...
2026-07-23 00:37:44 [warn]: Reintentando (2/3)...
2026-07-23 00:45:34 [info]: Starting Nest application...
2026-07-23 00:45:34 [info]: AppModule dependencies initialized
2026-07-23 00:45:34 [info]: TypeOrmModule dependencies initialized
2026-07-23 00:45:34 [info]: PassportModule dependencies initialized
2026-07-23 00:45:34 [info]: ConfigHostModule dependencies initialized
2026-07-23 00:45:34 [info]: WinstonModule dependencies initialized
2026-07-23 00:45:34 [info]: HealthModule dependencies initialized
2026-07-23 00:45:34 [info]: HttpModule dependencies initialized
2026-07-23 00:45:34 [info]: DiscoveryModule dependencies initialized
2026-07-23 00:45:34 [info]: ConfigModule dependencies initialized
2026-07-23 00:45:34 [info]: ConfigModule dependencies initialized
2026-07-23 00:45:34 [info]: EventEmitterModule dependencies initialized
2026-07-23 00:45:34 [info]: ScheduleModule dependencies initialized
2026-07-23 00:45:34 [info]: JwtModule dependencies initialized
2026-07-23 00:45:34 [info]: TypeOrmCoreModule dependencies initialized
2026-07-23 00:45:34 [info]: TypeOrmModule dependencies initialized
2026-07-23 00:45:34 [info]: TypeOrmModule dependencies initialized
2026-07-23 00:45:34 [info]: TypeOrmModule dependencies initialized
2026-07-23 00:45:34 [info]: TypeOrmModule dependencies initialized
2026-07-23 00:45:34 [info]: TypeOrmModule dependencies initialized
2026-07-23 00:45:34 [info]: TypeOrmModule dependencies initialized
2026-07-23 00:45:34 [info]: TypeOrmModule dependencies initialized
2026-07-23 00:45:34 [info]: TypeOrmModule dependencies initialized
2026-07-23 00:45:34 [info]: TypeOrmModule dependencies initialized
2026-07-23 00:45:34 [info]: CategoryModule dependencies initialized
2026-07-23 00:45:34 [info]: SupplierModule dependencies initialized
2026-07-23 00:45:34 [info]: CustomerModule dependencies initialized
2026-07-23 00:45:34 [info]: AuthModule dependencies initialized
2026-07-23 00:45:34 [info]: UserModule dependencies initialized
2026-07-23 00:45:34 [info]: ProductModule dependencies initialized
2026-07-23 00:45:34 [info]: PurchaseOrderModule dependencies initialized
2026-07-23 00:45:34 [info]: CompanySettingsModule dependencies initialized
2026-07-23 00:45:34 [info]: SaleModule dependencies initialized
2026-07-23 00:45:34 [info]: AuthController {/api/auth} (version: 1):
2026-07-23 00:45:34 [info]: Mapped {/api/auth/login, POST} (version: 1) route
2026-07-23 00:45:34 [info]: Mapped {/api/auth/status, GET} (version: 1) route
2026-07-23 00:45:34 [info]: UserController {/api/users} (version: 1):
2026-07-23 00:45:34 [info]: Mapped {/api/users, GET} (version: 1) route
2026-07-23 00:45:34 [info]: Mapped {/api/users/:id, GET} (version: 1) route
2026-07-23 00:45:34 [info]: Mapped {/api/users, POST} (version: 1) route
2026-07-23 00:45:34 [info]: Mapped {/api/users/:id, PUT} (version: 1) route
2026-07-23 00:45:34 [info]: Mapped {/api/users/:id, DELETE} (version: 1) route
2026-07-23 00:45:34 [info]: HealthController {/api/health} (version: 1):
2026-07-23 00:45:35 [info]: Mapped {/api/health, GET} (version: 1) route
2026-07-23 00:45:35 [info]: CategoryController {/api/categories} (version: 1):
2026-07-23 00:45:35 [info]: Mapped {/api/categories, GET} (version: 1) route
2026-07-23 00:45:35 [info]: Mapped {/api/categories/:id, GET} (version: 1) route
2026-07-23 00:45:35 [info]: Mapped {/api/categories, POST} (version: 1) route
2026-07-23 00:45:35 [info]: Mapped {/api/categories/:id, PUT} (version: 1) route
2026-07-23 00:45:35 [info]: Mapped {/api/categories/:id, DELETE} (version: 1) route
2026-07-23 00:45:35 [info]: SupplierController {/api/suppliers} (version: 1):
2026-07-23 00:45:35 [info]: Mapped {/api/suppliers, GET} (version: 1) route
2026-07-23 00:45:35 [info]: Mapped {/api/suppliers/:id, GET} (version: 1) route
2026-07-23 00:45:35 [info]: Mapped {/api/suppliers, POST} (version: 1) route
2026-07-23 00:45:35 [info]: Mapped {/api/suppliers/:id, PUT} (version: 1) route
2026-07-23 00:45:35 [info]: Mapped {/api/suppliers/:id, DELETE} (version: 1) route
2026-07-23 00:45:35 [info]: ProductController {/api/products} (version: 1):
2026-07-23 00:45:35 [info]: Mapped {/api/products, GET} (version: 1) route
2026-07-23 00:45:35 [info]: Mapped {/api/products/low-stock, GET} (version: 1) route
2026-07-23 00:45:35 [info]: Mapped {/api/products/barcode/:barcode, GET} (version: 1) route
2026-07-23 00:45:35 [info]: Mapped {/api/products/:id, GET} (version: 1) route
2026-07-23 00:45:35 [info]: Mapped {/api/products, POST} (version: 1) route
2026-07-23 00:45:35 [info]: Mapped {/api/products/:id, PUT} (version: 1) route
2026-07-23 00:45:35 [info]: Mapped {/api/products/:id, DELETE} (version: 1) route
2026-07-23 00:45:35 [info]: Mapped {/api/products/:id/stock/add, PATCH} (version: 1) route
2026-07-23 00:45:35 [info]: Mapped {/api/products/:id/stock/subtract, PATCH} (version: 1) route
2026-07-23 00:45:35 [info]: CustomerController {/api/customers} (version: 1):
2026-07-23 00:45:35 [info]: Mapped {/api/customers, GET} (version: 1) route
2026-07-23 00:45:35 [info]: Mapped {/api/customers/lookup/:doc, GET} (version: 1) route
2026-07-23 00:45:35 [info]: Mapped {/api/customers/:id, GET} (version: 1) route
2026-07-23 00:45:35 [info]: Mapped {/api/customers, POST} (version: 1) route
2026-07-23 00:45:35 [info]: Mapped {/api/customers/:id, PUT} (version: 1) route
2026-07-23 00:45:35 [info]: Mapped {/api/customers/:id, DELETE} (version: 1) route
2026-07-23 00:45:35 [info]: SaleController {/api/sales} (version: 1):
2026-07-23 00:45:35 [info]: Mapped {/api/sales, GET} (version: 1) route
2026-07-23 00:45:35 [info]: Mapped {/api/sales/summary, GET} (version: 1) route
2026-07-23 00:45:35 [info]: Mapped {/api/sales/:id, GET} (version: 1) route
2026-07-23 00:45:35 [info]: Mapped {/api/sales, POST} (version: 1) route
2026-07-23 00:45:35 [info]: Mapped {/api/sales/:id/void, PATCH} (version: 1) route
2026-07-23 00:45:35 [info]: Mapped {/api/sales/credit-note, POST} (version: 1) route
2026-07-23 00:45:35 [info]: CompanySettingsController {/api/company-settings} (version: 1):
2026-07-23 00:45:35 [info]: Mapped {/api/company-settings, GET} (version: 1) route
2026-07-23 00:45:35 [info]: Mapped {/api/company-settings, PUT} (version: 1) route
2026-07-23 00:45:35 [info]: Mapped {/api/company-settings/logo, POST} (version: 1) route
2026-07-23 00:45:35 [info]: Mapped {/api/company-settings/register-sunat-api, POST} (version: 1) route
2026-07-23 00:45:35 [info]: PurchaseOrderController {/api/purchase-orders} (version: 1):
2026-07-23 00:45:35 [info]: Mapped {/api/purchase-orders, GET} (version: 1) route
2026-07-23 00:45:35 [info]: Mapped {/api/purchase-orders/:id, GET} (version: 1) route
2026-07-23 00:45:35 [info]: Mapped {/api/purchase-orders, POST} (version: 1) route
2026-07-23 00:45:35 [info]: Mapped {/api/purchase-orders/:id/receive, PATCH} (version: 1) route
2026-07-23 00:45:35 [info]: Mapped {/api/purchase-orders/:id/cancel, PATCH} (version: 1) route
2026-07-23 00:45:35 [info]: Facturación electrónica: Adaptador inicializado.
2026-07-23 00:45:35 [info]: Nest application successfully started
2026-07-23 00:45:39 [warn]: Reintentando (1/3)...
2026-07-23 00:45:41 [warn]: Reintentando (2/3)...
2026-07-23 00:46:02 [info]: Starting Nest application...
2026-07-23 00:46:02 [info]: AppModule dependencies initialized
2026-07-23 00:46:02 [info]: TypeOrmModule dependencies initialized
2026-07-23 00:46:02 [info]: PassportModule dependencies initialized
2026-07-23 00:46:02 [info]: ConfigHostModule dependencies initialized
2026-07-23 00:46:02 [info]: WinstonModule dependencies initialized
2026-07-23 00:46:02 [info]: HealthModule dependencies initialized
2026-07-23 00:46:02 [info]: HttpModule dependencies initialized
2026-07-23 00:46:02 [info]: DiscoveryModule dependencies initialized
2026-07-23 00:46:02 [info]: ConfigModule dependencies initialized
2026-07-23 00:46:02 [info]: ConfigModule dependencies initialized
2026-07-23 00:46:02 [info]: EventEmitterModule dependencies initialized
2026-07-23 00:46:02 [info]: ScheduleModule dependencies initialized
2026-07-23 00:46:02 [info]: JwtModule dependencies initialized
2026-07-23 00:46:02 [info]: TypeOrmCoreModule dependencies initialized
2026-07-23 00:46:02 [info]: TypeOrmModule dependencies initialized
2026-07-23 00:46:02 [info]: TypeOrmModule dependencies initialized
2026-07-23 00:46:02 [info]: TypeOrmModule dependencies initialized
2026-07-23 00:46:02 [info]: TypeOrmModule dependencies initialized
2026-07-23 00:46:02 [info]: TypeOrmModule dependencies initialized
2026-07-23 00:46:02 [info]: TypeOrmModule dependencies initialized
2026-07-23 00:46:02 [info]: TypeOrmModule dependencies initialized
2026-07-23 00:46:02 [info]: TypeOrmModule dependencies initialized
2026-07-23 00:46:02 [info]: TypeOrmModule dependencies initialized
2026-07-23 00:46:02 [info]: CategoryModule dependencies initialized
2026-07-23 00:46:02 [info]: SupplierModule dependencies initialized
2026-07-23 00:46:02 [info]: CustomerModule dependencies initialized
2026-07-23 00:46:02 [info]: AuthModule dependencies initialized
2026-07-23 00:46:02 [info]: UserModule dependencies initialized
2026-07-23 00:46:02 [info]: ProductModule dependencies initialized
2026-07-23 00:46:02 [info]: PurchaseOrderModule dependencies initialized
2026-07-23 00:46:02 [info]: CompanySettingsModule dependencies initialized
2026-07-23 00:46:02 [info]: SaleModule dependencies initialized
2026-07-23 00:46:02 [info]: AuthController {/api/auth} (version: 1):
2026-07-23 00:46:02 [info]: Mapped {/api/auth/login, POST} (version: 1) route
2026-07-23 00:46:02 [info]: Mapped {/api/auth/status, GET} (version: 1) route
2026-07-23 00:46:02 [info]: UserController {/api/users} (version: 1):
2026-07-23 00:46:02 [info]: Mapped {/api/users, GET} (version: 1) route
2026-07-23 00:46:02 [info]: Mapped {/api/users/:id, GET} (version: 1) route
2026-07-23 00:46:02 [info]: Mapped {/api/users, POST} (version: 1) route
2026-07-23 00:46:02 [info]: Mapped {/api/users/:id, PUT} (version: 1) route
2026-07-23 00:46:02 [info]: Mapped {/api/users/:id, DELETE} (version: 1) route
2026-07-23 00:46:02 [info]: HealthController {/api/health} (version: 1):
2026-07-23 00:46:02 [info]: Mapped {/api/health, GET} (version: 1) route
2026-07-23 00:46:02 [info]: CategoryController {/api/categories} (version: 1):
2026-07-23 00:46:02 [info]: Mapped {/api/categories, GET} (version: 1) route
2026-07-23 00:46:02 [info]: Mapped {/api/categories/:id, GET} (version: 1) route
2026-07-23 00:46:02 [info]: Mapped {/api/categories, POST} (version: 1) route
2026-07-23 00:46:02 [info]: Mapped {/api/categories/:id, PUT} (version: 1) route
2026-07-23 00:46:02 [info]: Mapped {/api/categories/:id, DELETE} (version: 1) route
2026-07-23 00:46:02 [info]: SupplierController {/api/suppliers} (version: 1):
2026-07-23 00:46:02 [info]: Mapped {/api/suppliers, GET} (version: 1) route
2026-07-23 00:46:02 [info]: Mapped {/api/suppliers/:id, GET} (version: 1) route
2026-07-23 00:46:02 [info]: Mapped {/api/suppliers, POST} (version: 1) route
2026-07-23 00:46:02 [info]: Mapped {/api/suppliers/:id, PUT} (version: 1) route
2026-07-23 00:46:02 [info]: Mapped {/api/suppliers/:id, DELETE} (version: 1) route
2026-07-23 00:46:02 [info]: ProductController {/api/products} (version: 1):
2026-07-23 00:46:02 [info]: Mapped {/api/products, GET} (version: 1) route
2026-07-23 00:46:02 [info]: Mapped {/api/products/low-stock, GET} (version: 1) route
2026-07-23 00:46:02 [info]: Mapped {/api/products/barcode/:barcode, GET} (version: 1) route
2026-07-23 00:46:02 [info]: Mapped {/api/products/:id, GET} (version: 1) route
2026-07-23 00:46:02 [info]: Mapped {/api/products, POST} (version: 1) route
2026-07-23 00:46:02 [info]: Mapped {/api/products/:id, PUT} (version: 1) route
2026-07-23 00:46:02 [info]: Mapped {/api/products/:id, DELETE} (version: 1) route
2026-07-23 00:46:02 [info]: Mapped {/api/products/:id/stock/add, PATCH} (version: 1) route
2026-07-23 00:46:02 [info]: Mapped {/api/products/:id/stock/subtract, PATCH} (version: 1) route
2026-07-23 00:46:02 [info]: CustomerController {/api/customers} (version: 1):
2026-07-23 00:46:02 [info]: Mapped {/api/customers, GET} (version: 1) route
2026-07-23 00:46:02 [info]: Mapped {/api/customers/lookup/:doc, GET} (version: 1) route
2026-07-23 00:46:02 [info]: Mapped {/api/customers/:id, GET} (version: 1) route
2026-07-23 00:46:02 [info]: Mapped {/api/customers, POST} (version: 1) route
2026-07-23 00:46:02 [info]: Mapped {/api/customers/:id, PUT} (version: 1) route
2026-07-23 00:46:02 [info]: Mapped {/api/customers/:id, DELETE} (version: 1) route
2026-07-23 00:46:02 [info]: SaleController {/api/sales} (version: 1):
2026-07-23 00:46:02 [info]: Mapped {/api/sales, GET} (version: 1) route
2026-07-23 00:46:02 [info]: Mapped {/api/sales/summary, GET} (version: 1) route
2026-07-23 00:46:02 [info]: Mapped {/api/sales/:id, GET} (version: 1) route
2026-07-23 00:46:02 [info]: Mapped {/api/sales, POST} (version: 1) route
2026-07-23 00:46:02 [info]: Mapped {/api/sales/:id/void, PATCH} (version: 1) route
2026-07-23 00:46:02 [info]: Mapped {/api/sales/credit-note, POST} (version: 1) route
2026-07-23 00:46:02 [info]: CompanySettingsController {/api/company-settings} (version: 1):
2026-07-23 00:46:02 [info]: Mapped {/api/company-settings, GET} (version: 1) route
2026-07-23 00:46:02 [info]: Mapped {/api/company-settings, PUT} (version: 1) route
2026-07-23 00:46:02 [info]: Mapped {/api/company-settings/logo, POST} (version: 1) route
2026-07-23 00:46:02 [info]: Mapped {/api/company-settings/register-sunat-api, POST} (version: 1) route
2026-07-23 00:46:02 [info]: PurchaseOrderController {/api/purchase-orders} (version: 1):
2026-07-23 00:46:02 [info]: Mapped {/api/purchase-orders, GET} (version: 1) route
2026-07-23 00:46:02 [info]: Mapped {/api/purchase-orders/:id, GET} (version: 1) route
2026-07-23 00:46:02 [info]: Mapped {/api/purchase-orders, POST} (version: 1) route
2026-07-23 00:46:02 [info]: Mapped {/api/purchase-orders/:id/receive, PATCH} (version: 1) route
2026-07-23 00:46:02 [info]: Mapped {/api/purchase-orders/:id/cancel, PATCH} (version: 1) route
2026-07-23 00:46:02 [info]: Facturación electrónica: Adaptador inicializado.
2026-07-23 00:46:02 [info]: Nest application successfully started
2026-07-23 00:46:07 [warn]: Reintentando (1/3)...
2026-07-23 00:46:09 [warn]: Reintentando (2/3)...
2026-07-23 00:46:25 [info]: Starting Nest application...
2026-07-23 00:46:25 [info]: AppModule dependencies initialized
2026-07-23 00:46:25 [info]: TypeOrmModule dependencies initialized
2026-07-23 00:46:25 [info]: PassportModule dependencies initialized
2026-07-23 00:46:25 [info]: ConfigHostModule dependencies initialized
2026-07-23 00:46:25 [info]: WinstonModule dependencies initialized
2026-07-23 00:46:25 [info]: HealthModule dependencies initialized
2026-07-23 00:46:25 [info]: HttpModule dependencies initialized
2026-07-23 00:46:25 [info]: DiscoveryModule dependencies initialized
2026-07-23 00:46:25 [info]: ConfigModule dependencies initialized
2026-07-23 00:46:25 [info]: ConfigModule dependencies initialized
2026-07-23 00:46:25 [info]: EventEmitterModule dependencies initialized
2026-07-23 00:46:25 [info]: ScheduleModule dependencies initialized
2026-07-23 00:46:25 [info]: JwtModule dependencies initialized
2026-07-23 00:46:25 [info]: TypeOrmCoreModule dependencies initialized
2026-07-23 00:46:25 [info]: TypeOrmModule dependencies initialized
2026-07-23 00:46:25 [info]: TypeOrmModule dependencies initialized
2026-07-23 00:46:25 [info]: TypeOrmModule dependencies initialized
2026-07-23 00:46:25 [info]: TypeOrmModule dependencies initialized
2026-07-23 00:46:25 [info]: TypeOrmModule dependencies initialized
2026-07-23 00:46:25 [info]: TypeOrmModule dependencies initialized
2026-07-23 00:46:25 [info]: TypeOrmModule dependencies initialized
2026-07-23 00:46:25 [info]: TypeOrmModule dependencies initialized
2026-07-23 00:46:25 [info]: TypeOrmModule dependencies initialized
2026-07-23 00:46:25 [info]: CategoryModule dependencies initialized
2026-07-23 00:46:25 [info]: SupplierModule dependencies initialized
2026-07-23 00:46:25 [info]: CustomerModule dependencies initialized
2026-07-23 00:46:25 [info]: AuthModule dependencies initialized
2026-07-23 00:46:25 [info]: UserModule dependencies initialized
2026-07-23 00:46:25 [info]: ProductModule dependencies initialized
2026-07-23 00:46:25 [info]: PurchaseOrderModule dependencies initialized
2026-07-23 00:46:25 [info]: CompanySettingsModule dependencies initialized
2026-07-23 00:46:25 [info]: SaleModule dependencies initialized
2026-07-23 00:46:25 [info]: AuthController {/api/auth} (version: 1):
2026-07-23 00:46:25 [info]: Mapped {/api/auth/login, POST} (version: 1) route
2026-07-23 00:46:25 [info]: Mapped {/api/auth/status, GET} (version: 1) route
2026-07-23 00:46:25 [info]: UserController {/api/users} (version: 1):
2026-07-23 00:46:25 [info]: Mapped {/api/users, GET} (version: 1) route
2026-07-23 00:46:25 [info]: Mapped {/api/users/:id, GET} (version: 1) route
2026-07-23 00:46:25 [info]: Mapped {/api/users, POST} (version: 1) route
2026-07-23 00:46:25 [info]: Mapped {/api/users/:id, PUT} (version: 1) route
2026-07-23 00:46:25 [info]: Mapped {/api/users/:id, DELETE} (version: 1) route
2026-07-23 00:46:25 [info]: HealthController {/api/health} (version: 1):
2026-07-23 00:46:25 [info]: Mapped {/api/health, GET} (version: 1) route
2026-07-23 00:46:25 [info]: CategoryController {/api/categories} (version: 1):
2026-07-23 00:46:25 [info]: Mapped {/api/categories, GET} (version: 1) route
2026-07-23 00:46:25 [info]: Mapped {/api/categories/:id, GET} (version: 1) route
2026-07-23 00:46:25 [info]: Mapped {/api/categories, POST} (version: 1) route
2026-07-23 00:46:25 [info]: Mapped {/api/categories/:id, PUT} (version: 1) route
2026-07-23 00:46:25 [info]: Mapped {/api/categories/:id, DELETE} (version: 1) route
2026-07-23 00:46:25 [info]: SupplierController {/api/suppliers} (version: 1):
2026-07-23 00:46:25 [info]: Mapped {/api/suppliers, GET} (version: 1) route
2026-07-23 00:46:25 [info]: Mapped {/api/suppliers/:id, GET} (version: 1) route
2026-07-23 00:46:25 [info]: Mapped {/api/suppliers, POST} (version: 1) route
2026-07-23 00:46:25 [info]: Mapped {/api/suppliers/:id, PUT} (version: 1) route
2026-07-23 00:46:25 [info]: Mapped {/api/suppliers/:id, DELETE} (version: 1) route
2026-07-23 00:46:25 [info]: ProductController {/api/products} (version: 1):
2026-07-23 00:46:25 [info]: Mapped {/api/products, GET} (version: 1) route
2026-07-23 00:46:25 [info]: Mapped {/api/products/low-stock, GET} (version: 1) route
2026-07-23 00:46:25 [info]: Mapped {/api/products/barcode/:barcode, GET} (version: 1) route
2026-07-23 00:46:25 [info]: Mapped {/api/products/:id, GET} (version: 1) route
2026-07-23 00:46:25 [info]: Mapped {/api/products, POST} (version: 1) route
2026-07-23 00:46:25 [info]: Mapped {/api/products/:id, PUT} (version: 1) route
2026-07-23 00:46:25 [info]: Mapped {/api/products/:id, DELETE} (version: 1) route
2026-07-23 00:46:25 [info]: Mapped {/api/products/:id/stock/add, PATCH} (version: 1) route
2026-07-23 00:46:25 [info]: Mapped {/api/products/:id/stock/subtract, PATCH} (version: 1) route
2026-07-23 00:46:25 [info]: CustomerController {/api/customers} (version: 1):
2026-07-23 00:46:25 [info]: Mapped {/api/customers, GET} (version: 1) route
2026-07-23 00:46:25 [info]: Mapped {/api/customers/lookup/:doc, GET} (version: 1) route
2026-07-23 00:46:25 [info]: Mapped {/api/customers/:id, GET} (version: 1) route
2026-07-23 00:46:25 [info]: Mapped {/api/customers, POST} (version: 1) route
2026-07-23 00:46:25 [info]: Mapped {/api/customers/:id, PUT} (version: 1) route
2026-07-23 00:46:25 [info]: Mapped {/api/customers/:id, DELETE} (version: 1) route
2026-07-23 00:46:25 [info]: SaleController {/api/sales} (version: 1):
2026-07-23 00:46:25 [info]: Mapped {/api/sales, GET} (version: 1) route
2026-07-23 00:46:25 [info]: Mapped {/api/sales/summary, GET} (version: 1) route
2026-07-23 00:46:25 [info]: Mapped {/api/sales/:id, GET} (version: 1) route
2026-07-23 00:46:25 [info]: Mapped {/api/sales, POST} (version: 1) route
2026-07-23 00:46:25 [info]: Mapped {/api/sales/:id/void, PATCH} (version: 1) route
2026-07-23 00:46:25 [info]: Mapped {/api/sales/credit-note, POST} (version: 1) route
2026-07-23 00:46:25 [info]: CompanySettingsController {/api/company-settings} (version: 1):
2026-07-23 00:46:25 [info]: Mapped {/api/company-settings, GET} (version: 1) route
2026-07-23 00:46:25 [info]: Mapped {/api/company-settings, PUT} (version: 1) route
2026-07-23 00:46:25 [info]: Mapped {/api/company-settings/logo, POST} (version: 1) route
2026-07-23 00:46:25 [info]: Mapped {/api/company-settings/register-sunat-api, POST} (version: 1) route
2026-07-23 00:46:25 [info]: PurchaseOrderController {/api/purchase-orders} (version: 1):
2026-07-23 00:46:25 [info]: Mapped {/api/purchase-orders, GET} (version: 1) route
2026-07-23 00:46:25 [info]: Mapped {/api/purchase-orders/:id, GET} (version: 1) route
2026-07-23 00:46:25 [info]: Mapped {/api/purchase-orders, POST} (version: 1) route
2026-07-23 00:46:25 [info]: Mapped {/api/purchase-orders/:id/receive, PATCH} (version: 1) route
2026-07-23 00:46:25 [info]: Mapped {/api/purchase-orders/:id/cancel, PATCH} (version: 1) route
2026-07-23 00:46:25 [info]: Facturación electrónica: Adaptador inicializado.
2026-07-23 00:46:25 [info]: Nest application successfully started
2026-07-23 00:46:29 [error]: QueryFailedError: Duplicate entry 'B001-00000012' for key 'IDX_sales_invoice_number'
    at MysqlQueryRunner.query (/Users/macintosh/Documents/DEVPRO/Back/src/driver/mysql/MysqlQueryRunner.ts:291:19)
    at process.processTicksAndRejections (node:internal/process/task_queues:103:5)
    at async InsertQueryBuilder.execute (/Users/macintosh/Documents/DEVPRO/Back/src/query-builder/InsertQueryBuilder.ts:166:33)
    at async SubjectExecutor.executeInsertOperations (/Users/macintosh/Documents/DEVPRO/Back/src/persistence/SubjectExecutor.ts:435:42)
    at async SubjectExecutor.execute (/Users/macintosh/Documents/DEVPRO/Back/src/persistence/SubjectExecutor.ts:137:9)
    at async EntityPersistExecutor.execute (/Users/macintosh/Documents/DEVPRO/Back/src/persistence/EntityPersistExecutor.ts:190:21)
    at async <anonymous> (/Users/macintosh/Documents/DEVPRO/Back/src/domain/services/sale.service.ts:160:25)
    at async EntityManager.transaction (/Users/macintosh/Documents/DEVPRO/Back/src/entity-manager/EntityManager.ts:159:28)
    at async SaleService.create (/Users/macintosh/Documents/DEVPRO/Back/src/domain/services/sale.service.ts:70:20)
    at async /Users/macintosh/Documents/DEVPRO/Back/node_modules/@nestjs/core/router/router-execution-context.js:47:62
2026-07-23 00:46:48 [error]: QueryFailedError: Duplicate entry 'B001-00000011' for key 'IDX_sales_invoice_number'
    at MysqlQueryRunner.query (/Users/macintosh/Documents/DEVPRO/Back/src/driver/mysql/MysqlQueryRunner.ts:291:19)
    at process.processTicksAndRejections (node:internal/process/task_queues:103:5)
    at async InsertQueryBuilder.execute (/Users/macintosh/Documents/DEVPRO/Back/src/query-builder/InsertQueryBuilder.ts:166:33)
    at async SubjectExecutor.executeInsertOperations (/Users/macintosh/Documents/DEVPRO/Back/src/persistence/SubjectExecutor.ts:435:42)
    at async SubjectExecutor.execute (/Users/macintosh/Documents/DEVPRO/Back/src/persistence/SubjectExecutor.ts:137:9)
    at async EntityPersistExecutor.execute (/Users/macintosh/Documents/DEVPRO/Back/src/persistence/EntityPersistExecutor.ts:190:21)
    at async <anonymous> (/Users/macintosh/Documents/DEVPRO/Back/src/domain/services/sale.service.ts:160:25)
    at async EntityManager.transaction (/Users/macintosh/Documents/DEVPRO/Back/src/entity-manager/EntityManager.ts:159:28)
    at async SaleService.create (/Users/macintosh/Documents/DEVPRO/Back/src/domain/services/sale.service.ts:70:20)
    at async /Users/macintosh/Documents/DEVPRO/Back/node_modules/@nestjs/core/router/router-execution-context.js:47:62
2026-07-23 00:46:59 [error]: QueryFailedError: Duplicate entry 'B001-00000012' for key 'IDX_sales_invoice_number'
    at MysqlQueryRunner.query (/Users/macintosh/Documents/DEVPRO/Back/src/driver/mysql/MysqlQueryRunner.ts:291:19)
    at process.processTicksAndRejections (node:internal/process/task_queues:103:5)
    at async InsertQueryBuilder.execute (/Users/macintosh/Documents/DEVPRO/Back/src/query-builder/InsertQueryBuilder.ts:166:33)
    at async SubjectExecutor.executeInsertOperations (/Users/macintosh/Documents/DEVPRO/Back/src/persistence/SubjectExecutor.ts:435:42)
    at async SubjectExecutor.execute (/Users/macintosh/Documents/DEVPRO/Back/src/persistence/SubjectExecutor.ts:137:9)
    at async EntityPersistExecutor.execute (/Users/macintosh/Documents/DEVPRO/Back/src/persistence/EntityPersistExecutor.ts:190:21)
    at async <anonymous> (/Users/macintosh/Documents/DEVPRO/Back/src/domain/services/sale.service.ts:160:25)
    at async EntityManager.transaction (/Users/macintosh/Documents/DEVPRO/Back/src/entity-manager/EntityManager.ts:159:28)
    at async SaleService.create (/Users/macintosh/Documents/DEVPRO/Back/src/domain/services/sale.service.ts:70:20)
    at async /Users/macintosh/Documents/DEVPRO/Back/node_modules/@nestjs/core/router/router-execution-context.js:47:62
2026-07-23 00:47:25 [error]: QueryFailedError: Duplicate entry 'B001-00000012' for key 'IDX_sales_invoice_number'
    at MysqlQueryRunner.query (/Users/macintosh/Documents/DEVPRO/Back/src/driver/mysql/MysqlQueryRunner.ts:291:19)
    at process.processTicksAndRejections (node:internal/process/task_queues:103:5)
    at async InsertQueryBuilder.execute (/Users/macintosh/Documents/DEVPRO/Back/src/query-builder/InsertQueryBuilder.ts:166:33)
    at async SubjectExecutor.executeInsertOperations (/Users/macintosh/Documents/DEVPRO/Back/src/persistence/SubjectExecutor.ts:435:42)
    at async SubjectExecutor.execute (/Users/macintosh/Documents/DEVPRO/Back/src/persistence/SubjectExecutor.ts:137:9)
    at async EntityPersistExecutor.execute (/Users/macintosh/Documents/DEVPRO/Back/src/persistence/EntityPersistExecutor.ts:190:21)
    at async <anonymous> (/Users/macintosh/Documents/DEVPRO/Back/src/domain/services/sale.service.ts:160:25)
    at async EntityManager.transaction (/Users/macintosh/Documents/DEVPRO/Back/src/entity-manager/EntityManager.ts:159:28)
    at async SaleService.create (/Users/macintosh/Documents/DEVPRO/Back/src/domain/services/sale.service.ts:70:20)
    at async /Users/macintosh/Documents/DEVPRO/Back/node_modules/@nestjs/core/router/router-execution-context.js:47:62
2026-07-23 00:47:41 [info]: Starting Nest application...
2026-07-23 00:47:41 [info]: AppModule dependencies initialized
2026-07-23 00:47:41 [info]: TypeOrmModule dependencies initialized
2026-07-23 00:47:41 [info]: PassportModule dependencies initialized
2026-07-23 00:47:41 [info]: ConfigHostModule dependencies initialized
2026-07-23 00:47:41 [info]: WinstonModule dependencies initialized
2026-07-23 00:47:41 [info]: HealthModule dependencies initialized
2026-07-23 00:47:41 [info]: HttpModule dependencies initialized
2026-07-23 00:47:41 [info]: DiscoveryModule dependencies initialized
2026-07-23 00:47:41 [info]: ConfigModule dependencies initialized
2026-07-23 00:47:41 [info]: ConfigModule dependencies initialized
2026-07-23 00:47:41 [info]: EventEmitterModule dependencies initialized
2026-07-23 00:47:41 [info]: ScheduleModule dependencies initialized
2026-07-23 00:47:41 [info]: JwtModule dependencies initialized
2026-07-23 00:47:41 [info]: TypeOrmCoreModule dependencies initialized
2026-07-23 00:47:41 [info]: TypeOrmModule dependencies initialized
2026-07-23 00:47:41 [info]: TypeOrmModule dependencies initialized
2026-07-23 00:47:41 [info]: TypeOrmModule dependencies initialized
2026-07-23 00:47:41 [info]: TypeOrmModule dependencies initialized
2026-07-23 00:47:41 [info]: TypeOrmModule dependencies initialized
2026-07-23 00:47:41 [info]: TypeOrmModule dependencies initialized
2026-07-23 00:47:41 [info]: TypeOrmModule dependencies initialized
2026-07-23 00:47:41 [info]: TypeOrmModule dependencies initialized
2026-07-23 00:47:41 [info]: TypeOrmModule dependencies initialized
2026-07-23 00:47:41 [info]: CategoryModule dependencies initialized
2026-07-23 00:47:41 [info]: SupplierModule dependencies initialized
2026-07-23 00:47:41 [info]: CustomerModule dependencies initialized
2026-07-23 00:47:41 [info]: AuthModule dependencies initialized
2026-07-23 00:47:41 [info]: UserModule dependencies initialized
2026-07-23 00:47:41 [info]: ProductModule dependencies initialized
2026-07-23 00:47:41 [info]: PurchaseOrderModule dependencies initialized
2026-07-23 00:47:41 [info]: CompanySettingsModule dependencies initialized
2026-07-23 00:47:41 [info]: SaleModule dependencies initialized
2026-07-23 00:47:41 [info]: AuthController {/api/auth} (version: 1):
2026-07-23 00:47:41 [info]: Mapped {/api/auth/login, POST} (version: 1) route
2026-07-23 00:47:41 [info]: Mapped {/api/auth/status, GET} (version: 1) route
2026-07-23 00:47:41 [info]: UserController {/api/users} (version: 1):
2026-07-23 00:47:41 [info]: Mapped {/api/users, GET} (version: 1) route
2026-07-23 00:47:41 [info]: Mapped {/api/users/:id, GET} (version: 1) route
2026-07-23 00:47:41 [info]: Mapped {/api/users, POST} (version: 1) route
2026-07-23 00:47:41 [info]: Mapped {/api/users/:id, PUT} (version: 1) route
2026-07-23 00:47:41 [info]: Mapped {/api/users/:id, DELETE} (version: 1) route
2026-07-23 00:47:41 [info]: HealthController {/api/health} (version: 1):
2026-07-23 00:47:41 [info]: Mapped {/api/health, GET} (version: 1) route
2026-07-23 00:47:41 [info]: CategoryController {/api/categories} (version: 1):
2026-07-23 00:47:41 [info]: Mapped {/api/categories, GET} (version: 1) route
2026-07-23 00:47:41 [info]: Mapped {/api/categories/:id, GET} (version: 1) route
2026-07-23 00:47:41 [info]: Mapped {/api/categories, POST} (version: 1) route
2026-07-23 00:47:41 [info]: Mapped {/api/categories/:id, PUT} (version: 1) route
2026-07-23 00:47:41 [info]: Mapped {/api/categories/:id, DELETE} (version: 1) route
2026-07-23 00:47:41 [info]: SupplierController {/api/suppliers} (version: 1):
2026-07-23 00:47:41 [info]: Mapped {/api/suppliers, GET} (version: 1) route
2026-07-23 00:47:41 [info]: Mapped {/api/suppliers/:id, GET} (version: 1) route
2026-07-23 00:47:41 [info]: Mapped {/api/suppliers, POST} (version: 1) route
2026-07-23 00:47:41 [info]: Mapped {/api/suppliers/:id, PUT} (version: 1) route
2026-07-23 00:47:41 [info]: Mapped {/api/suppliers/:id, DELETE} (version: 1) route
2026-07-23 00:47:41 [info]: ProductController {/api/products} (version: 1):
2026-07-23 00:47:41 [info]: Mapped {/api/products, GET} (version: 1) route
2026-07-23 00:47:41 [info]: Mapped {/api/products/low-stock, GET} (version: 1) route
2026-07-23 00:47:41 [info]: Mapped {/api/products/barcode/:barcode, GET} (version: 1) route
2026-07-23 00:47:41 [info]: Mapped {/api/products/:id, GET} (version: 1) route
2026-07-23 00:47:41 [info]: Mapped {/api/products, POST} (version: 1) route
2026-07-23 00:47:41 [info]: Mapped {/api/products/:id, PUT} (version: 1) route
2026-07-23 00:47:41 [info]: Mapped {/api/products/:id, DELETE} (version: 1) route
2026-07-23 00:47:41 [info]: Mapped {/api/products/:id/stock/add, PATCH} (version: 1) route
2026-07-23 00:47:41 [info]: Mapped {/api/products/:id/stock/subtract, PATCH} (version: 1) route
2026-07-23 00:47:41 [info]: CustomerController {/api/customers} (version: 1):
2026-07-23 00:47:41 [info]: Mapped {/api/customers, GET} (version: 1) route
2026-07-23 00:47:41 [info]: Mapped {/api/customers/lookup/:doc, GET} (version: 1) route
2026-07-23 00:47:41 [info]: Mapped {/api/customers/:id, GET} (version: 1) route
2026-07-23 00:47:41 [info]: Mapped {/api/customers, POST} (version: 1) route
2026-07-23 00:47:41 [info]: Mapped {/api/customers/:id, PUT} (version: 1) route
2026-07-23 00:47:41 [info]: Mapped {/api/customers/:id, DELETE} (version: 1) route
2026-07-23 00:47:41 [info]: SaleController {/api/sales} (version: 1):
2026-07-23 00:47:41 [info]: Mapped {/api/sales, GET} (version: 1) route
2026-07-23 00:47:41 [info]: Mapped {/api/sales/summary, GET} (version: 1) route
2026-07-23 00:47:41 [info]: Mapped {/api/sales/:id, GET} (version: 1) route
2026-07-23 00:47:41 [info]: Mapped {/api/sales, POST} (version: 1) route
2026-07-23 00:47:41 [info]: Mapped {/api/sales/:id/void, PATCH} (version: 1) route
2026-07-23 00:47:41 [info]: Mapped {/api/sales/credit-note, POST} (version: 1) route
2026-07-23 00:47:41 [info]: CompanySettingsController {/api/company-settings} (version: 1):
2026-07-23 00:47:41 [info]: Mapped {/api/company-settings, GET} (version: 1) route
2026-07-23 00:47:41 [info]: Mapped {/api/company-settings, PUT} (version: 1) route
2026-07-23 00:47:41 [info]: Mapped {/api/company-settings/logo, POST} (version: 1) route
2026-07-23 00:47:41 [info]: Mapped {/api/company-settings/register-sunat-api, POST} (version: 1) route
2026-07-23 00:47:41 [info]: PurchaseOrderController {/api/purchase-orders} (version: 1):
2026-07-23 00:47:41 [info]: Mapped {/api/purchase-orders, GET} (version: 1) route
2026-07-23 00:47:41 [info]: Mapped {/api/purchase-orders/:id, GET} (version: 1) route
2026-07-23 00:47:41 [info]: Mapped {/api/purchase-orders, POST} (version: 1) route
2026-07-23 00:47:41 [info]: Mapped {/api/purchase-orders/:id/receive, PATCH} (version: 1) route
2026-07-23 00:47:41 [info]: Mapped {/api/purchase-orders/:id/cancel, PATCH} (version: 1) route
2026-07-23 00:47:41 [info]: Facturación electrónica: Adaptador inicializado.
2026-07-23 00:47:41 [info]: Nest application successfully started
2026-07-23 00:47:52 [warn]: Reintentando (1/3)...
2026-07-23 00:47:53 [warn]: Reintentando (2/3)...
2026-07-23 00:48:07 [info]: Starting Nest application...
2026-07-23 00:48:07 [info]: AppModule dependencies initialized
2026-07-23 00:48:07 [info]: TypeOrmModule dependencies initialized
2026-07-23 00:48:07 [info]: PassportModule dependencies initialized
2026-07-23 00:48:07 [info]: ConfigHostModule dependencies initialized
2026-07-23 00:48:07 [info]: WinstonModule dependencies initialized
2026-07-23 00:48:07 [info]: HealthModule dependencies initialized
2026-07-23 00:48:07 [info]: HttpModule dependencies initialized
2026-07-23 00:48:07 [info]: DiscoveryModule dependencies initialized
2026-07-23 00:48:07 [info]: ConfigModule dependencies initialized
2026-07-23 00:48:07 [info]: ConfigModule dependencies initialized
2026-07-23 00:48:07 [info]: EventEmitterModule dependencies initialized
2026-07-23 00:48:07 [info]: ScheduleModule dependencies initialized
2026-07-23 00:48:07 [info]: JwtModule dependencies initialized
2026-07-23 00:48:07 [info]: TypeOrmCoreModule dependencies initialized
2026-07-23 00:48:07 [info]: TypeOrmModule dependencies initialized
2026-07-23 00:48:07 [info]: TypeOrmModule dependencies initialized
2026-07-23 00:48:07 [info]: TypeOrmModule dependencies initialized
2026-07-23 00:48:07 [info]: TypeOrmModule dependencies initialized
2026-07-23 00:48:07 [info]: TypeOrmModule dependencies initialized
2026-07-23 00:48:07 [info]: TypeOrmModule dependencies initialized
2026-07-23 00:48:07 [info]: TypeOrmModule dependencies initialized
2026-07-23 00:48:07 [info]: TypeOrmModule dependencies initialized
2026-07-23 00:48:07 [info]: TypeOrmModule dependencies initialized
2026-07-23 00:48:07 [info]: CategoryModule dependencies initialized
2026-07-23 00:48:07 [info]: SupplierModule dependencies initialized
2026-07-23 00:48:07 [info]: CustomerModule dependencies initialized
2026-07-23 00:48:07 [info]: AuthModule dependencies initialized
2026-07-23 00:48:07 [info]: UserModule dependencies initialized
2026-07-23 00:48:07 [info]: ProductModule dependencies initialized
2026-07-23 00:48:07 [info]: PurchaseOrderModule dependencies initialized
2026-07-23 00:48:07 [info]: CompanySettingsModule dependencies initialized
2026-07-23 00:48:07 [info]: SaleModule dependencies initialized
2026-07-23 00:48:08 [info]: AuthController {/api/auth} (version: 1):
2026-07-23 00:48:08 [info]: Mapped {/api/auth/login, POST} (version: 1) route
2026-07-23 00:48:08 [info]: Mapped {/api/auth/status, GET} (version: 1) route
2026-07-23 00:48:08 [info]: UserController {/api/users} (version: 1):
2026-07-23 00:48:08 [info]: Mapped {/api/users, GET} (version: 1) route
2026-07-23 00:48:08 [info]: Mapped {/api/users/:id, GET} (version: 1) route
2026-07-23 00:48:08 [info]: Mapped {/api/users, POST} (version: 1) route
2026-07-23 00:48:08 [info]: Mapped {/api/users/:id, PUT} (version: 1) route
2026-07-23 00:48:08 [info]: Mapped {/api/users/:id, DELETE} (version: 1) route
2026-07-23 00:48:08 [info]: HealthController {/api/health} (version: 1):
2026-07-23 00:48:08 [info]: Mapped {/api/health, GET} (version: 1) route
2026-07-23 00:48:08 [info]: CategoryController {/api/categories} (version: 1):
2026-07-23 00:48:08 [info]: Mapped {/api/categories, GET} (version: 1) route
2026-07-23 00:48:08 [info]: Mapped {/api/categories/:id, GET} (version: 1) route
2026-07-23 00:48:08 [info]: Mapped {/api/categories, POST} (version: 1) route
2026-07-23 00:48:08 [info]: Mapped {/api/categories/:id, PUT} (version: 1) route
2026-07-23 00:48:08 [info]: Mapped {/api/categories/:id, DELETE} (version: 1) route
2026-07-23 00:48:08 [info]: SupplierController {/api/suppliers} (version: 1):
2026-07-23 00:48:08 [info]: Mapped {/api/suppliers, GET} (version: 1) route
2026-07-23 00:48:08 [info]: Mapped {/api/suppliers/:id, GET} (version: 1) route
2026-07-23 00:48:08 [info]: Mapped {/api/suppliers, POST} (version: 1) route
2026-07-23 00:48:08 [info]: Mapped {/api/suppliers/:id, PUT} (version: 1) route
2026-07-23 00:48:08 [info]: Mapped {/api/suppliers/:id, DELETE} (version: 1) route
2026-07-23 00:48:08 [info]: ProductController {/api/products} (version: 1):
2026-07-23 00:48:08 [info]: Mapped {/api/products, GET} (version: 1) route
2026-07-23 00:48:08 [info]: Mapped {/api/products/low-stock, GET} (version: 1) route
2026-07-23 00:48:08 [info]: Mapped {/api/products/barcode/:barcode, GET} (version: 1) route
2026-07-23 00:48:08 [info]: Mapped {/api/products/:id, GET} (version: 1) route
2026-07-23 00:48:08 [info]: Mapped {/api/products, POST} (version: 1) route
2026-07-23 00:48:08 [info]: Mapped {/api/products/:id, PUT} (version: 1) route
2026-07-23 00:48:08 [info]: Mapped {/api/products/:id, DELETE} (version: 1) route
2026-07-23 00:48:08 [info]: Mapped {/api/products/:id/stock/add, PATCH} (version: 1) route
2026-07-23 00:48:08 [info]: Mapped {/api/products/:id/stock/subtract, PATCH} (version: 1) route
2026-07-23 00:48:08 [info]: CustomerController {/api/customers} (version: 1):
2026-07-23 00:48:08 [info]: Mapped {/api/customers, GET} (version: 1) route
2026-07-23 00:48:08 [info]: Mapped {/api/customers/lookup/:doc, GET} (version: 1) route
2026-07-23 00:48:08 [info]: Mapped {/api/customers/:id, GET} (version: 1) route
2026-07-23 00:48:08 [info]: Mapped {/api/customers, POST} (version: 1) route
2026-07-23 00:48:08 [info]: Mapped {/api/customers/:id, PUT} (version: 1) route
2026-07-23 00:48:08 [info]: Mapped {/api/customers/:id, DELETE} (version: 1) route
2026-07-23 00:48:08 [info]: SaleController {/api/sales} (version: 1):
2026-07-23 00:48:08 [info]: Mapped {/api/sales, GET} (version: 1) route
2026-07-23 00:48:08 [info]: Mapped {/api/sales/summary, GET} (version: 1) route
2026-07-23 00:48:08 [info]: Mapped {/api/sales/:id, GET} (version: 1) route
2026-07-23 00:48:08 [info]: Mapped {/api/sales, POST} (version: 1) route
2026-07-23 00:48:08 [info]: Mapped {/api/sales/:id/void, PATCH} (version: 1) route
2026-07-23 00:48:08 [info]: Mapped {/api/sales/credit-note, POST} (version: 1) route
2026-07-23 00:48:08 [info]: CompanySettingsController {/api/company-settings} (version: 1):
2026-07-23 00:48:08 [info]: Mapped {/api/company-settings, GET} (version: 1) route
2026-07-23 00:48:08 [info]: Mapped {/api/company-settings, PUT} (version: 1) route
2026-07-23 00:48:08 [info]: Mapped {/api/company-settings/logo, POST} (version: 1) route
2026-07-23 00:48:08 [info]: Mapped {/api/company-settings/register-sunat-api, POST} (version: 1) route
2026-07-23 00:48:08 [info]: PurchaseOrderController {/api/purchase-orders} (version: 1):
2026-07-23 00:48:08 [info]: Mapped {/api/purchase-orders, GET} (version: 1) route
2026-07-23 00:48:08 [info]: Mapped {/api/purchase-orders/:id, GET} (version: 1) route
2026-07-23 00:48:08 [info]: Mapped {/api/purchase-orders, POST} (version: 1) route
2026-07-23 00:48:08 [info]: Mapped {/api/purchase-orders/:id/receive, PATCH} (version: 1) route
2026-07-23 00:48:08 [info]: Mapped {/api/purchase-orders/:id/cancel, PATCH} (version: 1) route
2026-07-23 00:48:08 [info]: Facturación electrónica: Adaptador inicializado.
2026-07-23 00:48:08 [info]: Nest application successfully started
2026-07-23 00:53:18 [info]: Starting Nest application...
2026-07-23 00:53:18 [info]: AppModule dependencies initialized
2026-07-23 00:53:18 [info]: TypeOrmModule dependencies initialized
2026-07-23 00:53:18 [info]: PassportModule dependencies initialized
2026-07-23 00:53:18 [info]: ConfigHostModule dependencies initialized
2026-07-23 00:53:18 [info]: WinstonModule dependencies initialized
2026-07-23 00:53:18 [info]: HealthModule dependencies initialized
2026-07-23 00:53:18 [info]: HttpModule dependencies initialized
2026-07-23 00:53:18 [info]: DiscoveryModule dependencies initialized
2026-07-23 00:53:18 [info]: ConfigModule dependencies initialized
2026-07-23 00:53:18 [info]: ConfigModule dependencies initialized
2026-07-23 00:53:18 [info]: EventEmitterModule dependencies initialized
2026-07-23 00:53:18 [info]: ScheduleModule dependencies initialized
2026-07-23 00:53:18 [info]: JwtModule dependencies initialized
2026-07-23 00:53:18 [info]: TypeOrmCoreModule dependencies initialized
2026-07-23 00:53:18 [info]: TypeOrmModule dependencies initialized
2026-07-23 00:53:18 [info]: TypeOrmModule dependencies initialized
2026-07-23 00:53:18 [info]: TypeOrmModule dependencies initialized
2026-07-23 00:53:18 [info]: TypeOrmModule dependencies initialized
2026-07-23 00:53:18 [info]: TypeOrmModule dependencies initialized
2026-07-23 00:53:18 [info]: TypeOrmModule dependencies initialized
2026-07-23 00:53:18 [info]: TypeOrmModule dependencies initialized
2026-07-23 00:53:18 [info]: TypeOrmModule dependencies initialized
2026-07-23 00:53:18 [info]: TypeOrmModule dependencies initialized
2026-07-23 00:53:18 [info]: CategoryModule dependencies initialized
2026-07-23 00:53:18 [info]: SupplierModule dependencies initialized
2026-07-23 00:53:18 [info]: CustomerModule dependencies initialized
2026-07-23 00:53:18 [info]: AuthModule dependencies initialized
2026-07-23 00:53:18 [info]: UserModule dependencies initialized
2026-07-23 00:53:18 [info]: ProductModule dependencies initialized
2026-07-23 00:53:18 [info]: PurchaseOrderModule dependencies initialized
2026-07-23 00:53:18 [info]: CompanySettingsModule dependencies initialized
2026-07-23 00:53:18 [info]: SaleModule dependencies initialized
2026-07-23 00:53:18 [info]: AuthController {/api/auth} (version: 1):
2026-07-23 00:53:18 [info]: Mapped {/api/auth/login, POST} (version: 1) route
2026-07-23 00:53:18 [info]: Mapped {/api/auth/status, GET} (version: 1) route
2026-07-23 00:53:18 [info]: UserController {/api/users} (version: 1):
2026-07-23 00:53:18 [info]: Mapped {/api/users, GET} (version: 1) route
2026-07-23 00:53:18 [info]: Mapped {/api/users/:id, GET} (version: 1) route
2026-07-23 00:53:18 [info]: Mapped {/api/users, POST} (version: 1) route
2026-07-23 00:53:18 [info]: Mapped {/api/users/:id, PUT} (version: 1) route
2026-07-23 00:53:18 [info]: Mapped {/api/users/:id, DELETE} (version: 1) route
2026-07-23 00:53:18 [info]: HealthController {/api/health} (version: 1):
2026-07-23 00:53:18 [info]: Mapped {/api/health, GET} (version: 1) route
2026-07-23 00:53:18 [info]: CategoryController {/api/categories} (version: 1):
2026-07-23 00:53:18 [info]: Mapped {/api/categories, GET} (version: 1) route
2026-07-23 00:53:18 [info]: Mapped {/api/categories/:id, GET} (version: 1) route
2026-07-23 00:53:18 [info]: Mapped {/api/categories, POST} (version: 1) route
2026-07-23 00:53:18 [info]: Mapped {/api/categories/:id, PUT} (version: 1) route
2026-07-23 00:53:18 [info]: Mapped {/api/categories/:id, DELETE} (version: 1) route
2026-07-23 00:53:18 [info]: SupplierController {/api/suppliers} (version: 1):
2026-07-23 00:53:18 [info]: Mapped {/api/suppliers, GET} (version: 1) route
2026-07-23 00:53:18 [info]: Mapped {/api/suppliers/:id, GET} (version: 1) route
2026-07-23 00:53:18 [info]: Mapped {/api/suppliers, POST} (version: 1) route
2026-07-23 00:53:18 [info]: Mapped {/api/suppliers/:id, PUT} (version: 1) route
2026-07-23 00:53:18 [info]: Mapped {/api/suppliers/:id, DELETE} (version: 1) route
2026-07-23 00:53:18 [info]: ProductController {/api/products} (version: 1):
2026-07-23 00:53:18 [info]: Mapped {/api/products, GET} (version: 1) route
2026-07-23 00:53:18 [info]: Mapped {/api/products/low-stock, GET} (version: 1) route
2026-07-23 00:53:18 [info]: Mapped {/api/products/barcode/:barcode, GET} (version: 1) route
2026-07-23 00:53:18 [info]: Mapped {/api/products/:id, GET} (version: 1) route
2026-07-23 00:53:18 [info]: Mapped {/api/products, POST} (version: 1) route
2026-07-23 00:53:18 [info]: Mapped {/api/products/:id, PUT} (version: 1) route
2026-07-23 00:53:18 [info]: Mapped {/api/products/:id, DELETE} (version: 1) route
2026-07-23 00:53:18 [info]: Mapped {/api/products/:id/stock/add, PATCH} (version: 1) route
2026-07-23 00:53:18 [info]: Mapped {/api/products/:id/stock/subtract, PATCH} (version: 1) route
2026-07-23 00:53:18 [info]: CustomerController {/api/customers} (version: 1):
2026-07-23 00:53:18 [info]: Mapped {/api/customers, GET} (version: 1) route
2026-07-23 00:53:18 [info]: Mapped {/api/customers/lookup/:doc, GET} (version: 1) route
2026-07-23 00:53:18 [info]: Mapped {/api/customers/:id, GET} (version: 1) route
2026-07-23 00:53:18 [info]: Mapped {/api/customers, POST} (version: 1) route
2026-07-23 00:53:18 [info]: Mapped {/api/customers/:id, PUT} (version: 1) route
2026-07-23 00:53:18 [info]: Mapped {/api/customers/:id, DELETE} (version: 1) route
2026-07-23 00:53:18 [info]: SaleController {/api/sales} (version: 1):
2026-07-23 00:53:18 [info]: Mapped {/api/sales, GET} (version: 1) route
2026-07-23 00:53:18 [info]: Mapped {/api/sales/summary, GET} (version: 1) route
2026-07-23 00:53:18 [info]: Mapped {/api/sales/:id, GET} (version: 1) route
2026-07-23 00:53:18 [info]: Mapped {/api/sales, POST} (version: 1) route
2026-07-23 00:53:18 [info]: Mapped {/api/sales/:id/void, PATCH} (version: 1) route
2026-07-23 00:53:18 [info]: Mapped {/api/sales/credit-note, POST} (version: 1) route
2026-07-23 00:53:18 [info]: CompanySettingsController {/api/company-settings} (version: 1):
2026-07-23 00:53:18 [info]: Mapped {/api/company-settings, GET} (version: 1) route
2026-07-23 00:53:18 [info]: Mapped {/api/company-settings, PUT} (version: 1) route
2026-07-23 00:53:18 [info]: Mapped {/api/company-settings/logo, POST} (version: 1) route
2026-07-23 00:53:18 [info]: Mapped {/api/company-settings/register-sunat-api, POST} (version: 1) route
2026-07-23 00:53:18 [info]: PurchaseOrderController {/api/purchase-orders} (version: 1):
2026-07-23 00:53:18 [info]: Mapped {/api/purchase-orders, GET} (version: 1) route
2026-07-23 00:53:18 [info]: Mapped {/api/purchase-orders/:id, GET} (version: 1) route
2026-07-23 00:53:18 [info]: Mapped {/api/purchase-orders, POST} (version: 1) route
2026-07-23 00:53:18 [info]: Mapped {/api/purchase-orders/:id/receive, PATCH} (version: 1) route
2026-07-23 00:53:18 [info]: Mapped {/api/purchase-orders/:id/cancel, PATCH} (version: 1) route
2026-07-23 00:53:18 [info]: Facturación electrónica: Adaptador inicializado.
2026-07-23 00:53:18 [info]: Nest application successfully started
2026-07-23 01:06:31 [info]: Starting Nest application...
2026-07-23 01:06:31 [info]: AppModule dependencies initialized
2026-07-23 01:06:31 [info]: TypeOrmModule dependencies initialized
2026-07-23 01:06:31 [info]: PassportModule dependencies initialized
2026-07-23 01:06:31 [info]: ConfigHostModule dependencies initialized
2026-07-23 01:06:31 [info]: WinstonModule dependencies initialized
2026-07-23 01:06:31 [info]: HealthModule dependencies initialized
2026-07-23 01:06:31 [info]: HttpModule dependencies initialized
2026-07-23 01:06:31 [info]: DiscoveryModule dependencies initialized
2026-07-23 01:06:31 [info]: ConfigModule dependencies initialized
2026-07-23 01:06:31 [info]: ConfigModule dependencies initialized
2026-07-23 01:06:31 [info]: EventEmitterModule dependencies initialized
2026-07-23 01:06:31 [info]: ScheduleModule dependencies initialized
2026-07-23 01:06:31 [info]: JwtModule dependencies initialized
2026-07-23 01:06:31 [info]: TypeOrmCoreModule dependencies initialized
2026-07-23 01:06:31 [info]: TypeOrmModule dependencies initialized
2026-07-23 01:06:31 [info]: TypeOrmModule dependencies initialized
2026-07-23 01:06:31 [info]: TypeOrmModule dependencies initialized
2026-07-23 01:06:31 [info]: TypeOrmModule dependencies initialized
2026-07-23 01:06:31 [info]: TypeOrmModule dependencies initialized
2026-07-23 01:06:31 [info]: TypeOrmModule dependencies initialized
2026-07-23 01:06:31 [info]: TypeOrmModule dependencies initialized
2026-07-23 01:06:31 [info]: TypeOrmModule dependencies initialized
2026-07-23 01:06:31 [info]: TypeOrmModule dependencies initialized
2026-07-23 01:06:31 [info]: CategoryModule dependencies initialized
2026-07-23 01:06:31 [info]: SupplierModule dependencies initialized
2026-07-23 01:06:31 [info]: CustomerModule dependencies initialized
2026-07-23 01:06:31 [info]: AuthModule dependencies initialized
2026-07-23 01:06:31 [info]: UserModule dependencies initialized
2026-07-23 01:06:31 [info]: ProductModule dependencies initialized
2026-07-23 01:06:31 [info]: PurchaseOrderModule dependencies initialized
2026-07-23 01:06:31 [info]: CompanySettingsModule dependencies initialized
2026-07-23 01:06:31 [info]: SaleModule dependencies initialized
2026-07-23 01:06:31 [info]: AuthController {/api/auth} (version: 1):
2026-07-23 01:06:31 [info]: Mapped {/api/auth/login, POST} (version: 1) route
2026-07-23 01:06:31 [info]: Mapped {/api/auth/status, GET} (version: 1) route
2026-07-23 01:06:31 [info]: UserController {/api/users} (version: 1):
2026-07-23 01:06:31 [info]: Mapped {/api/users, GET} (version: 1) route
2026-07-23 01:06:31 [info]: Mapped {/api/users/:id, GET} (version: 1) route
2026-07-23 01:06:31 [info]: Mapped {/api/users, POST} (version: 1) route
2026-07-23 01:06:31 [info]: Mapped {/api/users/:id, PUT} (version: 1) route
2026-07-23 01:06:31 [info]: Mapped {/api/users/:id, DELETE} (version: 1) route
2026-07-23 01:06:31 [info]: HealthController {/api/health} (version: 1):
2026-07-23 01:06:31 [info]: Mapped {/api/health, GET} (version: 1) route
2026-07-23 01:06:31 [info]: CategoryController {/api/categories} (version: 1):
2026-07-23 01:06:31 [info]: Mapped {/api/categories, GET} (version: 1) route
2026-07-23 01:06:31 [info]: Mapped {/api/categories/:id, GET} (version: 1) route
2026-07-23 01:06:31 [info]: Mapped {/api/categories, POST} (version: 1) route
2026-07-23 01:06:31 [info]: Mapped {/api/categories/:id, PUT} (version: 1) route
2026-07-23 01:06:31 [info]: Mapped {/api/categories/:id, DELETE} (version: 1) route
2026-07-23 01:06:31 [info]: SupplierController {/api/suppliers} (version: 1):
2026-07-23 01:06:31 [info]: Mapped {/api/suppliers, GET} (version: 1) route
2026-07-23 01:06:31 [info]: Mapped {/api/suppliers/:id, GET} (version: 1) route
2026-07-23 01:06:31 [info]: Mapped {/api/suppliers, POST} (version: 1) route
2026-07-23 01:06:31 [info]: Mapped {/api/suppliers/:id, PUT} (version: 1) route
2026-07-23 01:06:31 [info]: Mapped {/api/suppliers/:id, DELETE} (version: 1) route
2026-07-23 01:06:31 [info]: ProductController {/api/products} (version: 1):
2026-07-23 01:06:31 [info]: Mapped {/api/products, GET} (version: 1) route
2026-07-23 01:06:31 [info]: Mapped {/api/products/low-stock, GET} (version: 1) route
2026-07-23 01:06:31 [info]: Mapped {/api/products/barcode/:barcode, GET} (version: 1) route
2026-07-23 01:06:31 [info]: Mapped {/api/products/:id, GET} (version: 1) route
2026-07-23 01:06:31 [info]: Mapped {/api/products, POST} (version: 1) route
2026-07-23 01:06:31 [info]: Mapped {/api/products/:id, PUT} (version: 1) route
2026-07-23 01:06:31 [info]: Mapped {/api/products/:id, DELETE} (version: 1) route
2026-07-23 01:06:31 [info]: Mapped {/api/products/:id/stock/add, PATCH} (version: 1) route
2026-07-23 01:06:31 [info]: Mapped {/api/products/:id/stock/subtract, PATCH} (version: 1) route
2026-07-23 01:06:31 [info]: CustomerController {/api/customers} (version: 1):
2026-07-23 01:06:31 [info]: Mapped {/api/customers, GET} (version: 1) route
2026-07-23 01:06:31 [info]: Mapped {/api/customers/lookup/:doc, GET} (version: 1) route
2026-07-23 01:06:31 [info]: Mapped {/api/customers/:id, GET} (version: 1) route
2026-07-23 01:06:31 [info]: Mapped {/api/customers, POST} (version: 1) route
2026-07-23 01:06:31 [info]: Mapped {/api/customers/:id, PUT} (version: 1) route
2026-07-23 01:06:31 [info]: Mapped {/api/customers/:id, DELETE} (version: 1) route
2026-07-23 01:06:31 [info]: SaleController {/api/sales} (version: 1):
2026-07-23 01:06:31 [info]: Mapped {/api/sales, GET} (version: 1) route
2026-07-23 01:06:31 [info]: Mapped {/api/sales/summary, GET} (version: 1) route
2026-07-23 01:06:31 [info]: Mapped {/api/sales/:id, GET} (version: 1) route
2026-07-23 01:06:31 [info]: Mapped {/api/sales, POST} (version: 1) route
2026-07-23 01:06:31 [info]: Mapped {/api/sales/:id/void, PATCH} (version: 1) route
2026-07-23 01:06:31 [info]: Mapped {/api/sales/credit-note, POST} (version: 1) route
2026-07-23 01:06:31 [info]: CompanySettingsController {/api/company-settings} (version: 1):
2026-07-23 01:06:31 [info]: Mapped {/api/company-settings, GET} (version: 1) route
2026-07-23 01:06:31 [info]: Mapped {/api/company-settings, PUT} (version: 1) route
2026-07-23 01:06:31 [info]: Mapped {/api/company-settings/logo, POST} (version: 1) route
2026-07-23 01:06:31 [info]: Mapped {/api/company-settings/register-sunat-api, POST} (version: 1) route
2026-07-23 01:06:31 [info]: PurchaseOrderController {/api/purchase-orders} (version: 1):
2026-07-23 01:06:31 [info]: Mapped {/api/purchase-orders, GET} (version: 1) route
2026-07-23 01:06:31 [info]: Mapped {/api/purchase-orders/:id, GET} (version: 1) route
2026-07-23 01:06:31 [info]: Mapped {/api/purchase-orders, POST} (version: 1) route
2026-07-23 01:06:31 [info]: Mapped {/api/purchase-orders/:id/receive, PATCH} (version: 1) route
2026-07-23 01:06:31 [info]: Mapped {/api/purchase-orders/:id/cancel, PATCH} (version: 1) route
2026-07-23 01:06:31 [info]: Facturación electrónica: Adaptador inicializado.
2026-07-23 01:06:31 [info]: Nest application successfully started
2026-07-23 12:19:03 [warn]: Reintentando (1/3)...
2026-07-23 12:19:04 [warn]: Reintentando (2/3)...
2026-07-23 12:23:44 [warn]: Reintentando (1/3)...
2026-07-23 12:23:45 [error]: 
2026-07-23 12:23:45 [warn]: Reintentando (2/3)...
2026-07-23 12:24:21 [info]: Starting Nest application...
2026-07-23 12:24:21 [info]: AppModule dependencies initialized
2026-07-23 12:24:21 [info]: TypeOrmModule dependencies initialized
2026-07-23 12:24:21 [info]: PassportModule dependencies initialized
2026-07-23 12:24:21 [info]: ConfigHostModule dependencies initialized
2026-07-23 12:24:21 [info]: WinstonModule dependencies initialized
2026-07-23 12:24:21 [info]: HealthModule dependencies initialized
2026-07-23 12:24:21 [info]: HttpModule dependencies initialized
2026-07-23 12:24:21 [info]: DiscoveryModule dependencies initialized
2026-07-23 12:24:21 [info]: ConfigModule dependencies initialized
2026-07-23 12:24:21 [info]: ConfigModule dependencies initialized
2026-07-23 12:24:21 [info]: EventEmitterModule dependencies initialized
2026-07-23 12:24:21 [info]: ScheduleModule dependencies initialized
2026-07-23 12:24:21 [info]: JwtModule dependencies initialized
2026-07-23 12:24:21 [info]: TypeOrmCoreModule dependencies initialized
2026-07-23 12:24:21 [info]: TypeOrmModule dependencies initialized
2026-07-23 12:24:21 [info]: TypeOrmModule dependencies initialized
2026-07-23 12:24:21 [info]: TypeOrmModule dependencies initialized
2026-07-23 12:24:21 [info]: TypeOrmModule dependencies initialized
2026-07-23 12:24:21 [info]: TypeOrmModule dependencies initialized
2026-07-23 12:24:21 [info]: TypeOrmModule dependencies initialized
2026-07-23 12:24:21 [info]: TypeOrmModule dependencies initialized
2026-07-23 12:24:21 [info]: TypeOrmModule dependencies initialized
2026-07-23 12:24:21 [info]: TypeOrmModule dependencies initialized
2026-07-23 12:24:21 [info]: CategoryModule dependencies initialized
2026-07-23 12:24:21 [info]: SupplierModule dependencies initialized
2026-07-23 12:24:21 [info]: CustomerModule dependencies initialized
2026-07-23 12:24:21 [info]: AuthModule dependencies initialized
2026-07-23 12:24:21 [info]: UserModule dependencies initialized
2026-07-23 12:24:21 [info]: ProductModule dependencies initialized
2026-07-23 12:24:21 [info]: PurchaseOrderModule dependencies initialized
2026-07-23 12:24:21 [info]: CompanySettingsModule dependencies initialized
2026-07-23 12:24:21 [info]: SaleModule dependencies initialized
2026-07-23 12:24:21 [info]: AuthController {/api/auth} (version: 1):
2026-07-23 12:24:21 [info]: Mapped {/api/auth/login, POST} (version: 1) route
2026-07-23 12:24:21 [info]: Mapped {/api/auth/status, GET} (version: 1) route
2026-07-23 12:24:21 [info]: UserController {/api/users} (version: 1):
2026-07-23 12:24:21 [info]: Mapped {/api/users, GET} (version: 1) route
2026-07-23 12:24:21 [info]: Mapped {/api/users/:id, GET} (version: 1) route
2026-07-23 12:24:21 [info]: Mapped {/api/users, POST} (version: 1) route
2026-07-23 12:24:21 [info]: Mapped {/api/users/:id, PUT} (version: 1) route
2026-07-23 12:24:21 [info]: Mapped {/api/users/:id, DELETE} (version: 1) route
2026-07-23 12:24:21 [info]: HealthController {/api/health} (version: 1):
2026-07-23 12:24:21 [info]: Mapped {/api/health, GET} (version: 1) route
2026-07-23 12:24:21 [info]: CategoryController {/api/categories} (version: 1):
2026-07-23 12:24:21 [info]: Mapped {/api/categories, GET} (version: 1) route
2026-07-23 12:24:21 [info]: Mapped {/api/categories/:id, GET} (version: 1) route
2026-07-23 12:24:21 [info]: Mapped {/api/categories, POST} (version: 1) route
2026-07-23 12:24:21 [info]: Mapped {/api/categories/:id, PUT} (version: 1) route
2026-07-23 12:24:21 [info]: Mapped {/api/categories/:id, DELETE} (version: 1) route
2026-07-23 12:24:21 [info]: SupplierController {/api/suppliers} (version: 1):
2026-07-23 12:24:21 [info]: Mapped {/api/suppliers, GET} (version: 1) route
2026-07-23 12:24:21 [info]: Mapped {/api/suppliers/:id, GET} (version: 1) route
2026-07-23 12:24:21 [info]: Mapped {/api/suppliers, POST} (version: 1) route
2026-07-23 12:24:21 [info]: Mapped {/api/suppliers/:id, PUT} (version: 1) route
2026-07-23 12:24:21 [info]: Mapped {/api/suppliers/:id, DELETE} (version: 1) route
2026-07-23 12:24:21 [info]: ProductController {/api/products} (version: 1):
2026-07-23 12:24:21 [info]: Mapped {/api/products, GET} (version: 1) route
2026-07-23 12:24:21 [info]: Mapped {/api/products/low-stock, GET} (version: 1) route
2026-07-23 12:24:21 [info]: Mapped {/api/products/barcode/:barcode, GET} (version: 1) route
2026-07-23 12:24:21 [info]: Mapped {/api/products/:id, GET} (version: 1) route
2026-07-23 12:24:21 [info]: Mapped {/api/products, POST} (version: 1) route
2026-07-23 12:24:21 [info]: Mapped {/api/products/:id, PUT} (version: 1) route
2026-07-23 12:24:21 [info]: Mapped {/api/products/:id, DELETE} (version: 1) route
2026-07-23 12:24:21 [info]: Mapped {/api/products/:id/stock/add, PATCH} (version: 1) route
2026-07-23 12:24:21 [info]: Mapped {/api/products/:id/stock/subtract, PATCH} (version: 1) route
2026-07-23 12:24:21 [info]: CustomerController {/api/customers} (version: 1):
2026-07-23 12:24:21 [info]: Mapped {/api/customers, GET} (version: 1) route
2026-07-23 12:24:21 [info]: Mapped {/api/customers/lookup/:doc, GET} (version: 1) route
2026-07-23 12:24:21 [info]: Mapped {/api/customers/:id, GET} (version: 1) route
2026-07-23 12:24:21 [info]: Mapped {/api/customers, POST} (version: 1) route
2026-07-23 12:24:21 [info]: Mapped {/api/customers/:id, PUT} (version: 1) route
2026-07-23 12:24:21 [info]: Mapped {/api/customers/:id, DELETE} (version: 1) route
2026-07-23 12:24:21 [info]: SaleController {/api/sales} (version: 1):
2026-07-23 12:24:21 [info]: Mapped {/api/sales, GET} (version: 1) route
2026-07-23 12:24:21 [info]: Mapped {/api/sales/summary, GET} (version: 1) route
2026-07-23 12:24:21 [info]: Mapped {/api/sales/:id, GET} (version: 1) route
2026-07-23 12:24:21 [info]: Mapped {/api/sales, POST} (version: 1) route
2026-07-23 12:24:21 [info]: Mapped {/api/sales/:id/void, PATCH} (version: 1) route
2026-07-23 12:24:21 [info]: Mapped {/api/sales/credit-note, POST} (version: 1) route
2026-07-23 12:24:21 [info]: CompanySettingsController {/api/company-settings} (version: 1):
2026-07-23 12:24:21 [info]: Mapped {/api/company-settings, GET} (version: 1) route
2026-07-23 12:24:21 [info]: Mapped {/api/company-settings, PUT} (version: 1) route
2026-07-23 12:24:21 [info]: Mapped {/api/company-settings/logo, POST} (version: 1) route
2026-07-23 12:24:21 [info]: Mapped {/api/company-settings/register-sunat-api, POST} (version: 1) route
2026-07-23 12:24:21 [info]: PurchaseOrderController {/api/purchase-orders} (version: 1):
2026-07-23 12:24:21 [info]: Mapped {/api/purchase-orders, GET} (version: 1) route
2026-07-23 12:24:21 [info]: Mapped {/api/purchase-orders/:id, GET} (version: 1) route
2026-07-23 12:24:21 [info]: Mapped {/api/purchase-orders, POST} (version: 1) route
2026-07-23 12:24:21 [info]: Mapped {/api/purchase-orders/:id/receive, PATCH} (version: 1) route
2026-07-23 12:24:21 [info]: Mapped {/api/purchase-orders/:id/cancel, PATCH} (version: 1) route
2026-07-23 12:24:21 [info]: Facturación electrónica: Adaptador inicializado.
2026-07-23 12:24:21 [info]: Nest application successfully started
2026-07-23 12:51:16 [warn]: Reintentando (1/3)...
2026-07-23 12:51:18 [warn]: Reintentando (2/3)...
2026-07-23 12:57:16 [info]: Starting Nest application...
2026-07-23 12:57:16 [info]: AppModule dependencies initialized
2026-07-23 12:57:16 [info]: TypeOrmModule dependencies initialized
2026-07-23 12:57:16 [info]: PassportModule dependencies initialized
2026-07-23 12:57:16 [info]: ConfigHostModule dependencies initialized
2026-07-23 12:57:16 [info]: WinstonModule dependencies initialized
2026-07-23 12:57:16 [info]: HealthModule dependencies initialized
2026-07-23 12:57:16 [info]: HttpModule dependencies initialized
2026-07-23 12:57:16 [info]: DiscoveryModule dependencies initialized
2026-07-23 12:57:16 [info]: ConfigModule dependencies initialized
2026-07-23 12:57:16 [info]: ConfigModule dependencies initialized
2026-07-23 12:57:16 [info]: EventEmitterModule dependencies initialized
2026-07-23 12:57:16 [info]: ScheduleModule dependencies initialized
2026-07-23 12:57:16 [info]: JwtModule dependencies initialized
2026-07-23 12:57:16 [info]: TypeOrmCoreModule dependencies initialized
2026-07-23 12:57:16 [info]: TypeOrmModule dependencies initialized
2026-07-23 12:57:16 [info]: TypeOrmModule dependencies initialized
2026-07-23 12:57:16 [info]: TypeOrmModule dependencies initialized
2026-07-23 12:57:16 [info]: TypeOrmModule dependencies initialized
2026-07-23 12:57:16 [info]: TypeOrmModule dependencies initialized
2026-07-23 12:57:16 [info]: TypeOrmModule dependencies initialized
2026-07-23 12:57:16 [info]: TypeOrmModule dependencies initialized
2026-07-23 12:57:16 [info]: TypeOrmModule dependencies initialized
2026-07-23 12:57:16 [info]: TypeOrmModule dependencies initialized
2026-07-23 12:57:16 [info]: CategoryModule dependencies initialized
2026-07-23 12:57:16 [info]: SupplierModule dependencies initialized
2026-07-23 12:57:16 [info]: CustomerModule dependencies initialized
2026-07-23 12:57:16 [info]: AuthModule dependencies initialized
2026-07-23 12:57:16 [info]: UserModule dependencies initialized
2026-07-23 12:57:16 [info]: ProductModule dependencies initialized
2026-07-23 12:57:16 [info]: PurchaseOrderModule dependencies initialized
2026-07-23 12:57:16 [info]: CompanySettingsModule dependencies initialized
2026-07-23 12:57:16 [info]: SaleModule dependencies initialized
2026-07-23 12:57:16 [info]: AuthController {/api/auth} (version: 1):
2026-07-23 12:57:16 [info]: Mapped {/api/auth/login, POST} (version: 1) route
2026-07-23 12:57:16 [info]: Mapped {/api/auth/status, GET} (version: 1) route
2026-07-23 12:57:16 [info]: UserController {/api/users} (version: 1):
2026-07-23 12:57:16 [info]: Mapped {/api/users, GET} (version: 1) route
2026-07-23 12:57:16 [info]: Mapped {/api/users/:id, GET} (version: 1) route
2026-07-23 12:57:16 [info]: Mapped {/api/users, POST} (version: 1) route
2026-07-23 12:57:16 [info]: Mapped {/api/users/:id, PUT} (version: 1) route
2026-07-23 12:57:16 [info]: Mapped {/api/users/:id, DELETE} (version: 1) route
2026-07-23 12:57:16 [info]: HealthController {/api/health} (version: 1):
2026-07-23 12:57:16 [info]: Mapped {/api/health, GET} (version: 1) route
2026-07-23 12:57:16 [info]: CategoryController {/api/categories} (version: 1):
2026-07-23 12:57:16 [info]: Mapped {/api/categories, GET} (version: 1) route
2026-07-23 12:57:16 [info]: Mapped {/api/categories/:id, GET} (version: 1) route
2026-07-23 12:57:16 [info]: Mapped {/api/categories, POST} (version: 1) route
2026-07-23 12:57:16 [info]: Mapped {/api/categories/:id, PUT} (version: 1) route
2026-07-23 12:57:16 [info]: Mapped {/api/categories/:id, DELETE} (version: 1) route
2026-07-23 12:57:16 [info]: SupplierController {/api/suppliers} (version: 1):
2026-07-23 12:57:16 [info]: Mapped {/api/suppliers, GET} (version: 1) route
2026-07-23 12:57:16 [info]: Mapped {/api/suppliers/:id, GET} (version: 1) route
2026-07-23 12:57:16 [info]: Mapped {/api/suppliers, POST} (version: 1) route
2026-07-23 12:57:16 [info]: Mapped {/api/suppliers/:id, PUT} (version: 1) route
2026-07-23 12:57:16 [info]: Mapped {/api/suppliers/:id, DELETE} (version: 1) route
2026-07-23 12:57:16 [info]: ProductController {/api/products} (version: 1):
2026-07-23 12:57:16 [info]: Mapped {/api/products, GET} (version: 1) route
2026-07-23 12:57:16 [info]: Mapped {/api/products/low-stock, GET} (version: 1) route
2026-07-23 12:57:16 [info]: Mapped {/api/products/barcode/:barcode, GET} (version: 1) route
2026-07-23 12:57:16 [info]: Mapped {/api/products/:id, GET} (version: 1) route
2026-07-23 12:57:16 [info]: Mapped {/api/products, POST} (version: 1) route
2026-07-23 12:57:16 [info]: Mapped {/api/products/:id, PUT} (version: 1) route
2026-07-23 12:57:16 [info]: Mapped {/api/products/:id, DELETE} (version: 1) route
2026-07-23 12:57:16 [info]: Mapped {/api/products/:id/stock/add, PATCH} (version: 1) route
2026-07-23 12:57:16 [info]: Mapped {/api/products/:id/stock/subtract, PATCH} (version: 1) route
2026-07-23 12:57:16 [info]: CustomerController {/api/customers} (version: 1):
2026-07-23 12:57:16 [info]: Mapped {/api/customers, GET} (version: 1) route
2026-07-23 12:57:16 [info]: Mapped {/api/customers/lookup/:doc, GET} (version: 1) route
2026-07-23 12:57:16 [info]: Mapped {/api/customers/:id, GET} (version: 1) route
2026-07-23 12:57:16 [info]: Mapped {/api/customers, POST} (version: 1) route
2026-07-23 12:57:16 [info]: Mapped {/api/customers/:id, PUT} (version: 1) route
2026-07-23 12:57:16 [info]: Mapped {/api/customers/:id, DELETE} (version: 1) route
2026-07-23 12:57:16 [info]: SaleController {/api/sales} (version: 1):
2026-07-23 12:57:16 [info]: Mapped {/api/sales, GET} (version: 1) route
2026-07-23 12:57:16 [info]: Mapped {/api/sales/summary, GET} (version: 1) route
2026-07-23 12:57:16 [info]: Mapped {/api/sales/:id, GET} (version: 1) route
2026-07-23 12:57:16 [info]: Mapped {/api/sales, POST} (version: 1) route
2026-07-23 12:57:16 [info]: Mapped {/api/sales/:id/void, PATCH} (version: 1) route
2026-07-23 12:57:16 [info]: Mapped {/api/sales/credit-note, POST} (version: 1) route
2026-07-23 12:57:16 [info]: CompanySettingsController {/api/company-settings} (version: 1):
2026-07-23 12:57:16 [info]: Mapped {/api/company-settings, GET} (version: 1) route
2026-07-23 12:57:16 [info]: Mapped {/api/company-settings, PUT} (version: 1) route
2026-07-23 12:57:16 [info]: Mapped {/api/company-settings/logo, POST} (version: 1) route
2026-07-23 12:57:16 [info]: Mapped {/api/company-settings/register-sunat-api, POST} (version: 1) route
2026-07-23 12:57:16 [info]: PurchaseOrderController {/api/purchase-orders} (version: 1):
2026-07-23 12:57:16 [info]: Mapped {/api/purchase-orders, GET} (version: 1) route
2026-07-23 12:57:16 [info]: Mapped {/api/purchase-orders/:id, GET} (version: 1) route
2026-07-23 12:57:16 [info]: Mapped {/api/purchase-orders, POST} (version: 1) route
2026-07-23 12:57:16 [info]: Mapped {/api/purchase-orders/:id/receive, PATCH} (version: 1) route
2026-07-23 12:57:16 [info]: Mapped {/api/purchase-orders/:id/cancel, PATCH} (version: 1) route
2026-07-23 12:57:16 [info]: Facturación electrónica: Adaptador inicializado.
2026-07-23 12:57:16 [info]: Nest application successfully started
2026-07-23 13:01:21 [info]: Starting Nest application...
2026-07-23 13:01:21 [info]: AppModule dependencies initialized
2026-07-23 13:01:21 [info]: TypeOrmModule dependencies initialized
2026-07-23 13:01:21 [info]: PassportModule dependencies initialized
2026-07-23 13:01:21 [info]: ConfigHostModule dependencies initialized
2026-07-23 13:01:21 [info]: WinstonModule dependencies initialized
2026-07-23 13:01:21 [info]: HealthModule dependencies initialized
2026-07-23 13:01:21 [info]: HttpModule dependencies initialized
2026-07-23 13:01:21 [info]: DiscoveryModule dependencies initialized
2026-07-23 13:01:21 [info]: ConfigModule dependencies initialized
2026-07-23 13:01:21 [info]: ConfigModule dependencies initialized
2026-07-23 13:01:21 [info]: EventEmitterModule dependencies initialized
2026-07-23 13:01:21 [info]: ScheduleModule dependencies initialized
2026-07-23 13:01:21 [info]: JwtModule dependencies initialized
2026-07-23 13:01:21 [info]: TypeOrmCoreModule dependencies initialized
2026-07-23 13:01:21 [info]: TypeOrmModule dependencies initialized
2026-07-23 13:01:21 [info]: TypeOrmModule dependencies initialized
2026-07-23 13:01:21 [info]: TypeOrmModule dependencies initialized
2026-07-23 13:01:21 [info]: TypeOrmModule dependencies initialized
2026-07-23 13:01:21 [info]: TypeOrmModule dependencies initialized
2026-07-23 13:01:21 [info]: TypeOrmModule dependencies initialized
2026-07-23 13:01:21 [info]: TypeOrmModule dependencies initialized
2026-07-23 13:01:21 [info]: TypeOrmModule dependencies initialized
2026-07-23 13:01:21 [info]: TypeOrmModule dependencies initialized
2026-07-23 13:01:21 [info]: CategoryModule dependencies initialized
2026-07-23 13:01:21 [info]: SupplierModule dependencies initialized
2026-07-23 13:01:21 [info]: CustomerModule dependencies initialized
2026-07-23 13:01:21 [info]: AuthModule dependencies initialized
2026-07-23 13:01:21 [info]: UserModule dependencies initialized
2026-07-23 13:01:21 [info]: ProductModule dependencies initialized
2026-07-23 13:01:21 [info]: PurchaseOrderModule dependencies initialized
2026-07-23 13:01:21 [info]: CompanySettingsModule dependencies initialized
2026-07-23 13:01:21 [info]: SaleModule dependencies initialized
2026-07-23 13:01:21 [info]: AuthController {/api/auth} (version: 1):
2026-07-23 13:01:21 [info]: Mapped {/api/auth/login, POST} (version: 1) route
2026-07-23 13:01:21 [info]: Mapped {/api/auth/status, GET} (version: 1) route
2026-07-23 13:01:21 [info]: UserController {/api/users} (version: 1):
2026-07-23 13:01:21 [info]: Mapped {/api/users, GET} (version: 1) route
2026-07-23 13:01:21 [info]: Mapped {/api/users/:id, GET} (version: 1) route
2026-07-23 13:01:21 [info]: Mapped {/api/users, POST} (version: 1) route
2026-07-23 13:01:21 [info]: Mapped {/api/users/:id, PUT} (version: 1) route
2026-07-23 13:01:21 [info]: Mapped {/api/users/:id, DELETE} (version: 1) route
2026-07-23 13:01:21 [info]: HealthController {/api/health} (version: 1):
2026-07-23 13:01:21 [info]: Mapped {/api/health, GET} (version: 1) route
2026-07-23 13:01:21 [info]: CategoryController {/api/categories} (version: 1):
2026-07-23 13:01:21 [info]: Mapped {/api/categories, GET} (version: 1) route
2026-07-23 13:01:21 [info]: Mapped {/api/categories/:id, GET} (version: 1) route
2026-07-23 13:01:21 [info]: Mapped {/api/categories, POST} (version: 1) route
2026-07-23 13:01:21 [info]: Mapped {/api/categories/:id, PUT} (version: 1) route
2026-07-23 13:01:21 [info]: Mapped {/api/categories/:id, DELETE} (version: 1) route
2026-07-23 13:01:21 [info]: SupplierController {/api/suppliers} (version: 1):
2026-07-23 13:01:21 [info]: Mapped {/api/suppliers, GET} (version: 1) route
2026-07-23 13:01:21 [info]: Mapped {/api/suppliers/:id, GET} (version: 1) route
2026-07-23 13:01:21 [info]: Mapped {/api/suppliers, POST} (version: 1) route
2026-07-23 13:01:21 [info]: Mapped {/api/suppliers/:id, PUT} (version: 1) route
2026-07-23 13:01:21 [info]: Mapped {/api/suppliers/:id, DELETE} (version: 1) route
2026-07-23 13:01:21 [info]: ProductController {/api/products} (version: 1):
2026-07-23 13:01:21 [info]: Mapped {/api/products, GET} (version: 1) route
2026-07-23 13:01:21 [info]: Mapped {/api/products/low-stock, GET} (version: 1) route
2026-07-23 13:01:21 [info]: Mapped {/api/products/barcode/:barcode, GET} (version: 1) route
2026-07-23 13:01:21 [info]: Mapped {/api/products/:id, GET} (version: 1) route
2026-07-23 13:01:21 [info]: Mapped {/api/products, POST} (version: 1) route
2026-07-23 13:01:21 [info]: Mapped {/api/products/:id, PUT} (version: 1) route
2026-07-23 13:01:21 [info]: Mapped {/api/products/:id, DELETE} (version: 1) route
2026-07-23 13:01:21 [info]: Mapped {/api/products/:id/stock/add, PATCH} (version: 1) route
2026-07-23 13:01:21 [info]: Mapped {/api/products/:id/stock/subtract, PATCH} (version: 1) route
2026-07-23 13:01:21 [info]: CustomerController {/api/customers} (version: 1):
2026-07-23 13:01:21 [info]: Mapped {/api/customers, GET} (version: 1) route
2026-07-23 13:01:21 [info]: Mapped {/api/customers/lookup/:doc, GET} (version: 1) route
2026-07-23 13:01:21 [info]: Mapped {/api/customers/:id, GET} (version: 1) route
2026-07-23 13:01:21 [info]: Mapped {/api/customers, POST} (version: 1) route
2026-07-23 13:01:21 [info]: Mapped {/api/customers/:id, PUT} (version: 1) route
2026-07-23 13:01:21 [info]: Mapped {/api/customers/:id, DELETE} (version: 1) route
2026-07-23 13:01:21 [info]: SaleController {/api/sales} (version: 1):
2026-07-23 13:01:21 [info]: Mapped {/api/sales, GET} (version: 1) route
2026-07-23 13:01:21 [info]: Mapped {/api/sales/summary, GET} (version: 1) route
2026-07-23 13:01:21 [info]: Mapped {/api/sales/:id, GET} (version: 1) route
2026-07-23 13:01:21 [info]: Mapped {/api/sales, POST} (version: 1) route
2026-07-23 13:01:21 [info]: Mapped {/api/sales/:id/void, PATCH} (version: 1) route
2026-07-23 13:01:21 [info]: Mapped {/api/sales/credit-note, POST} (version: 1) route
2026-07-23 13:01:21 [info]: CompanySettingsController {/api/company-settings} (version: 1):
2026-07-23 13:01:21 [info]: Mapped {/api/company-settings, GET} (version: 1) route
2026-07-23 13:01:21 [info]: Mapped {/api/company-settings, PUT} (version: 1) route
2026-07-23 13:01:21 [info]: Mapped {/api/company-settings/logo, POST} (version: 1) route
2026-07-23 13:01:21 [info]: Mapped {/api/company-settings/register-sunat-api, POST} (version: 1) route
2026-07-23 13:01:21 [info]: PurchaseOrderController {/api/purchase-orders} (version: 1):
2026-07-23 13:01:21 [info]: Mapped {/api/purchase-orders, GET} (version: 1) route
2026-07-23 13:01:21 [info]: Mapped {/api/purchase-orders/:id, GET} (version: 1) route
2026-07-23 13:01:21 [info]: Mapped {/api/purchase-orders, POST} (version: 1) route
2026-07-23 13:01:21 [info]: Mapped {/api/purchase-orders/:id/receive, PATCH} (version: 1) route
2026-07-23 13:01:21 [info]: Mapped {/api/purchase-orders/:id/cancel, PATCH} (version: 1) route
2026-07-23 13:01:21 [info]: Facturación electrónica: Adaptador inicializado.
2026-07-23 13:01:21 [info]: Nest application successfully started
2026-07-23 13:01:35 [info]: Starting Nest application...
2026-07-23 13:01:35 [info]: AppModule dependencies initialized
2026-07-23 13:01:35 [info]: TypeOrmModule dependencies initialized
2026-07-23 13:01:35 [info]: PassportModule dependencies initialized
2026-07-23 13:01:35 [info]: ConfigHostModule dependencies initialized
2026-07-23 13:01:35 [info]: WinstonModule dependencies initialized
2026-07-23 13:01:35 [info]: HealthModule dependencies initialized
2026-07-23 13:01:35 [info]: HttpModule dependencies initialized
2026-07-23 13:01:35 [info]: DiscoveryModule dependencies initialized
2026-07-23 13:01:35 [info]: ConfigModule dependencies initialized
2026-07-23 13:01:35 [info]: ConfigModule dependencies initialized
2026-07-23 13:01:35 [info]: EventEmitterModule dependencies initialized
2026-07-23 13:01:35 [info]: ScheduleModule dependencies initialized
2026-07-23 13:01:35 [info]: JwtModule dependencies initialized
2026-07-23 13:01:35 [info]: TypeOrmCoreModule dependencies initialized
2026-07-23 13:01:35 [info]: TypeOrmModule dependencies initialized
2026-07-23 13:01:35 [info]: TypeOrmModule dependencies initialized
2026-07-23 13:01:35 [info]: TypeOrmModule dependencies initialized
2026-07-23 13:01:35 [info]: TypeOrmModule dependencies initialized
2026-07-23 13:01:35 [info]: TypeOrmModule dependencies initialized
2026-07-23 13:01:35 [info]: TypeOrmModule dependencies initialized
2026-07-23 13:01:35 [info]: TypeOrmModule dependencies initialized
2026-07-23 13:01:35 [info]: TypeOrmModule dependencies initialized
2026-07-23 13:01:35 [info]: TypeOrmModule dependencies initialized
2026-07-23 13:01:35 [info]: CategoryModule dependencies initialized
2026-07-23 13:01:35 [info]: SupplierModule dependencies initialized
2026-07-23 13:01:35 [info]: CustomerModule dependencies initialized
2026-07-23 13:01:35 [info]: AuthModule dependencies initialized
2026-07-23 13:01:35 [info]: UserModule dependencies initialized
2026-07-23 13:01:35 [info]: ProductModule dependencies initialized
2026-07-23 13:01:35 [info]: PurchaseOrderModule dependencies initialized
2026-07-23 13:01:35 [info]: CompanySettingsModule dependencies initialized
2026-07-23 13:01:35 [info]: SaleModule dependencies initialized
2026-07-23 13:01:35 [info]: AuthController {/api/auth} (version: 1):
2026-07-23 13:01:35 [info]: Mapped {/api/auth/login, POST} (version: 1) route
2026-07-23 13:01:35 [info]: Mapped {/api/auth/status, GET} (version: 1) route
2026-07-23 13:01:35 [info]: UserController {/api/users} (version: 1):
2026-07-23 13:01:35 [info]: Mapped {/api/users, GET} (version: 1) route
2026-07-23 13:01:35 [info]: Mapped {/api/users/:id, GET} (version: 1) route
2026-07-23 13:01:35 [info]: Mapped {/api/users, POST} (version: 1) route
2026-07-23 13:01:35 [info]: Mapped {/api/users/:id, PUT} (version: 1) route
2026-07-23 13:01:35 [info]: Mapped {/api/users/:id, DELETE} (version: 1) route
2026-07-23 13:01:35 [info]: HealthController {/api/health} (version: 1):
2026-07-23 13:01:35 [info]: Mapped {/api/health, GET} (version: 1) route
2026-07-23 13:01:35 [info]: CategoryController {/api/categories} (version: 1):
2026-07-23 13:01:35 [info]: Mapped {/api/categories, GET} (version: 1) route
2026-07-23 13:01:35 [info]: Mapped {/api/categories/:id, GET} (version: 1) route
2026-07-23 13:01:35 [info]: Mapped {/api/categories, POST} (version: 1) route
2026-07-23 13:01:35 [info]: Mapped {/api/categories/:id, PUT} (version: 1) route
2026-07-23 13:01:35 [info]: Mapped {/api/categories/:id, DELETE} (version: 1) route
2026-07-23 13:01:35 [info]: SupplierController {/api/suppliers} (version: 1):
2026-07-23 13:01:35 [info]: Mapped {/api/suppliers, GET} (version: 1) route
2026-07-23 13:01:35 [info]: Mapped {/api/suppliers/:id, GET} (version: 1) route
2026-07-23 13:01:35 [info]: Mapped {/api/suppliers, POST} (version: 1) route
2026-07-23 13:01:35 [info]: Mapped {/api/suppliers/:id, PUT} (version: 1) route
2026-07-23 13:01:35 [info]: Mapped {/api/suppliers/:id, DELETE} (version: 1) route
2026-07-23 13:01:35 [info]: ProductController {/api/products} (version: 1):
2026-07-23 13:01:35 [info]: Mapped {/api/products, GET} (version: 1) route
2026-07-23 13:01:35 [info]: Mapped {/api/products/low-stock, GET} (version: 1) route
2026-07-23 13:01:35 [info]: Mapped {/api/products/barcode/:barcode, GET} (version: 1) route
2026-07-23 13:01:35 [info]: Mapped {/api/products/:id, GET} (version: 1) route
2026-07-23 13:01:35 [info]: Mapped {/api/products, POST} (version: 1) route
2026-07-23 13:01:35 [info]: Mapped {/api/products/:id, PUT} (version: 1) route
2026-07-23 13:01:35 [info]: Mapped {/api/products/:id, DELETE} (version: 1) route
2026-07-23 13:01:35 [info]: Mapped {/api/products/:id/stock/add, PATCH} (version: 1) route
2026-07-23 13:01:35 [info]: Mapped {/api/products/:id/stock/subtract, PATCH} (version: 1) route
2026-07-23 13:01:35 [info]: CustomerController {/api/customers} (version: 1):
2026-07-23 13:01:35 [info]: Mapped {/api/customers, GET} (version: 1) route
2026-07-23 13:01:35 [info]: Mapped {/api/customers/lookup/:doc, GET} (version: 1) route
2026-07-23 13:01:35 [info]: Mapped {/api/customers/:id, GET} (version: 1) route
2026-07-23 13:01:35 [info]: Mapped {/api/customers, POST} (version: 1) route
2026-07-23 13:01:35 [info]: Mapped {/api/customers/:id, PUT} (version: 1) route
2026-07-23 13:01:35 [info]: Mapped {/api/customers/:id, DELETE} (version: 1) route
2026-07-23 13:01:35 [info]: SaleController {/api/sales} (version: 1):
2026-07-23 13:01:35 [info]: Mapped {/api/sales, GET} (version: 1) route
2026-07-23 13:01:35 [info]: Mapped {/api/sales/summary, GET} (version: 1) route
2026-07-23 13:01:35 [info]: Mapped {/api/sales/:id, GET} (version: 1) route
2026-07-23 13:01:35 [info]: Mapped {/api/sales, POST} (version: 1) route
2026-07-23 13:01:35 [info]: Mapped {/api/sales/:id/void, PATCH} (version: 1) route
2026-07-23 13:01:35 [info]: Mapped {/api/sales/credit-note, POST} (version: 1) route
2026-07-23 13:01:35 [info]: CompanySettingsController {/api/company-settings} (version: 1):
2026-07-23 13:01:35 [info]: Mapped {/api/company-settings, GET} (version: 1) route
2026-07-23 13:01:35 [info]: Mapped {/api/company-settings, PUT} (version: 1) route
2026-07-23 13:01:35 [info]: Mapped {/api/company-settings/logo, POST} (version: 1) route
2026-07-23 13:01:35 [info]: Mapped {/api/company-settings/register-sunat-api, POST} (version: 1) route
2026-07-23 13:01:35 [info]: PurchaseOrderController {/api/purchase-orders} (version: 1):
2026-07-23 13:01:35 [info]: Mapped {/api/purchase-orders, GET} (version: 1) route
2026-07-23 13:01:35 [info]: Mapped {/api/purchase-orders/:id, GET} (version: 1) route
2026-07-23 13:01:35 [info]: Mapped {/api/purchase-orders, POST} (version: 1) route
2026-07-23 13:01:35 [info]: Mapped {/api/purchase-orders/:id/receive, PATCH} (version: 1) route
2026-07-23 13:01:35 [info]: Mapped {/api/purchase-orders/:id/cancel, PATCH} (version: 1) route
2026-07-23 13:01:35 [info]: Facturación electrónica: Adaptador inicializado.
2026-07-23 13:01:35 [info]: Nest application successfully started
2026-07-23 13:01:42 [info]: Starting Nest application...
2026-07-23 13:01:42 [info]: AppModule dependencies initialized
2026-07-23 13:01:42 [info]: TypeOrmModule dependencies initialized
2026-07-23 13:01:42 [info]: PassportModule dependencies initialized
2026-07-23 13:01:42 [info]: ConfigHostModule dependencies initialized
2026-07-23 13:01:42 [info]: WinstonModule dependencies initialized
2026-07-23 13:01:42 [info]: HealthModule dependencies initialized
2026-07-23 13:01:42 [info]: HttpModule dependencies initialized
2026-07-23 13:01:42 [info]: DiscoveryModule dependencies initialized
2026-07-23 13:01:42 [info]: ConfigModule dependencies initialized
2026-07-23 13:01:42 [info]: ConfigModule dependencies initialized
2026-07-23 13:01:42 [info]: EventEmitterModule dependencies initialized
2026-07-23 13:01:42 [info]: ScheduleModule dependencies initialized
2026-07-23 13:01:42 [info]: JwtModule dependencies initialized
2026-07-23 13:01:42 [info]: TypeOrmCoreModule dependencies initialized
2026-07-23 13:01:42 [info]: TypeOrmModule dependencies initialized
2026-07-23 13:01:42 [info]: TypeOrmModule dependencies initialized
2026-07-23 13:01:42 [info]: TypeOrmModule dependencies initialized
2026-07-23 13:01:42 [info]: TypeOrmModule dependencies initialized
2026-07-23 13:01:42 [info]: TypeOrmModule dependencies initialized
2026-07-23 13:01:42 [info]: TypeOrmModule dependencies initialized
2026-07-23 13:01:42 [info]: TypeOrmModule dependencies initialized
2026-07-23 13:01:42 [info]: TypeOrmModule dependencies initialized
2026-07-23 13:01:42 [info]: TypeOrmModule dependencies initialized
2026-07-23 13:01:42 [info]: CategoryModule dependencies initialized
2026-07-23 13:01:42 [info]: SupplierModule dependencies initialized
2026-07-23 13:01:42 [info]: CustomerModule dependencies initialized
2026-07-23 13:01:42 [info]: AuthModule dependencies initialized
2026-07-23 13:01:42 [info]: UserModule dependencies initialized
2026-07-23 13:01:42 [info]: ProductModule dependencies initialized
2026-07-23 13:01:42 [info]: PurchaseOrderModule dependencies initialized
2026-07-23 13:01:42 [info]: CompanySettingsModule dependencies initialized
2026-07-23 13:01:42 [info]: SaleModule dependencies initialized
2026-07-23 13:01:42 [info]: AuthController {/api/auth} (version: 1):
2026-07-23 13:01:42 [info]: Mapped {/api/auth/login, POST} (version: 1) route
2026-07-23 13:01:42 [info]: Mapped {/api/auth/status, GET} (version: 1) route
2026-07-23 13:01:42 [info]: UserController {/api/users} (version: 1):
2026-07-23 13:01:42 [info]: Mapped {/api/users, GET} (version: 1) route
2026-07-23 13:01:42 [info]: Mapped {/api/users/:id, GET} (version: 1) route
2026-07-23 13:01:42 [info]: Mapped {/api/users, POST} (version: 1) route
2026-07-23 13:01:42 [info]: Mapped {/api/users/:id, PUT} (version: 1) route
2026-07-23 13:01:42 [info]: Mapped {/api/users/:id, DELETE} (version: 1) route
2026-07-23 13:01:42 [info]: HealthController {/api/health} (version: 1):
2026-07-23 13:01:42 [info]: Mapped {/api/health, GET} (version: 1) route
2026-07-23 13:01:42 [info]: CategoryController {/api/categories} (version: 1):
2026-07-23 13:01:42 [info]: Mapped {/api/categories, GET} (version: 1) route
2026-07-23 13:01:42 [info]: Mapped {/api/categories/:id, GET} (version: 1) route
2026-07-23 13:01:42 [info]: Mapped {/api/categories, POST} (version: 1) route
2026-07-23 13:01:42 [info]: Mapped {/api/categories/:id, PUT} (version: 1) route
2026-07-23 13:01:42 [info]: Mapped {/api/categories/:id, DELETE} (version: 1) route
2026-07-23 13:01:42 [info]: SupplierController {/api/suppliers} (version: 1):
2026-07-23 13:01:42 [info]: Mapped {/api/suppliers, GET} (version: 1) route
2026-07-23 13:01:42 [info]: Mapped {/api/suppliers/:id, GET} (version: 1) route
2026-07-23 13:01:42 [info]: Mapped {/api/suppliers, POST} (version: 1) route
2026-07-23 13:01:42 [info]: Mapped {/api/suppliers/:id, PUT} (version: 1) route
2026-07-23 13:01:42 [info]: Mapped {/api/suppliers/:id, DELETE} (version: 1) route
2026-07-23 13:01:42 [info]: ProductController {/api/products} (version: 1):
2026-07-23 13:01:42 [info]: Mapped {/api/products, GET} (version: 1) route
2026-07-23 13:01:42 [info]: Mapped {/api/products/low-stock, GET} (version: 1) route
2026-07-23 13:01:42 [info]: Mapped {/api/products/barcode/:barcode, GET} (version: 1) route
2026-07-23 13:01:42 [info]: Mapped {/api/products/:id, GET} (version: 1) route
2026-07-23 13:01:42 [info]: Mapped {/api/products, POST} (version: 1) route
2026-07-23 13:01:42 [info]: Mapped {/api/products/:id, PUT} (version: 1) route
2026-07-23 13:01:42 [info]: Mapped {/api/products/:id, DELETE} (version: 1) route
2026-07-23 13:01:42 [info]: Mapped {/api/products/:id/stock/add, PATCH} (version: 1) route
2026-07-23 13:01:42 [info]: Mapped {/api/products/:id/stock/subtract, PATCH} (version: 1) route
2026-07-23 13:01:42 [info]: CustomerController {/api/customers} (version: 1):
2026-07-23 13:01:42 [info]: Mapped {/api/customers, GET} (version: 1) route
2026-07-23 13:01:42 [info]: Mapped {/api/customers/lookup/:doc, GET} (version: 1) route
2026-07-23 13:01:42 [info]: Mapped {/api/customers/:id, GET} (version: 1) route
2026-07-23 13:01:42 [info]: Mapped {/api/customers, POST} (version: 1) route
2026-07-23 13:01:42 [info]: Mapped {/api/customers/:id, PUT} (version: 1) route
2026-07-23 13:01:42 [info]: Mapped {/api/customers/:id, DELETE} (version: 1) route
2026-07-23 13:01:42 [info]: SaleController {/api/sales} (version: 1):
2026-07-23 13:01:42 [info]: Mapped {/api/sales, GET} (version: 1) route
2026-07-23 13:01:42 [info]: Mapped {/api/sales/summary, GET} (version: 1) route
2026-07-23 13:01:42 [info]: Mapped {/api/sales/:id, GET} (version: 1) route
2026-07-23 13:01:42 [info]: Mapped {/api/sales, POST} (version: 1) route
2026-07-23 13:01:42 [info]: Mapped {/api/sales/:id/void, PATCH} (version: 1) route
2026-07-23 13:01:42 [info]: Mapped {/api/sales/credit-note, POST} (version: 1) route
2026-07-23 13:01:42 [info]: CompanySettingsController {/api/company-settings} (version: 1):
2026-07-23 13:01:42 [info]: Mapped {/api/company-settings, GET} (version: 1) route
2026-07-23 13:01:42 [info]: Mapped {/api/company-settings, PUT} (version: 1) route
2026-07-23 13:01:42 [info]: Mapped {/api/company-settings/logo, POST} (version: 1) route
2026-07-23 13:01:42 [info]: Mapped {/api/company-settings/register-sunat-api, POST} (version: 1) route
2026-07-23 13:01:42 [info]: PurchaseOrderController {/api/purchase-orders} (version: 1):
2026-07-23 13:01:42 [info]: Mapped {/api/purchase-orders, GET} (version: 1) route
2026-07-23 13:01:42 [info]: Mapped {/api/purchase-orders/:id, GET} (version: 1) route
2026-07-23 13:01:42 [info]: Mapped {/api/purchase-orders, POST} (version: 1) route
2026-07-23 13:01:42 [info]: Mapped {/api/purchase-orders/:id/receive, PATCH} (version: 1) route
2026-07-23 13:01:42 [info]: Mapped {/api/purchase-orders/:id/cancel, PATCH} (version: 1) route
2026-07-23 13:01:42 [info]: Facturación electrónica: Adaptador inicializado.
2026-07-23 13:01:42 [info]: Nest application successfully started
2026-07-23 13:07:08 [info]: Starting Nest application...
2026-07-23 13:07:08 [info]: AppModule dependencies initialized
2026-07-23 13:07:08 [info]: TypeOrmModule dependencies initialized
2026-07-23 13:07:08 [info]: PassportModule dependencies initialized
2026-07-23 13:07:08 [info]: ConfigHostModule dependencies initialized
2026-07-23 13:07:08 [info]: WinstonModule dependencies initialized
2026-07-23 13:07:08 [info]: HealthModule dependencies initialized
2026-07-23 13:07:08 [info]: HttpModule dependencies initialized
2026-07-23 13:07:08 [info]: DiscoveryModule dependencies initialized
2026-07-23 13:07:08 [info]: ConfigModule dependencies initialized
2026-07-23 13:07:08 [info]: ConfigModule dependencies initialized
2026-07-23 13:07:08 [info]: EventEmitterModule dependencies initialized
2026-07-23 13:07:08 [info]: ScheduleModule dependencies initialized
2026-07-23 13:07:08 [info]: JwtModule dependencies initialized
2026-07-23 13:07:09 [info]: TypeOrmCoreModule dependencies initialized
2026-07-23 13:07:09 [info]: TypeOrmModule dependencies initialized
2026-07-23 13:07:09 [info]: TypeOrmModule dependencies initialized
2026-07-23 13:07:09 [info]: TypeOrmModule dependencies initialized
2026-07-23 13:07:09 [info]: TypeOrmModule dependencies initialized
2026-07-23 13:07:09 [info]: TypeOrmModule dependencies initialized
2026-07-23 13:07:09 [info]: TypeOrmModule dependencies initialized
2026-07-23 13:07:09 [info]: TypeOrmModule dependencies initialized
2026-07-23 13:07:09 [info]: TypeOrmModule dependencies initialized
2026-07-23 13:07:09 [info]: TypeOrmModule dependencies initialized
2026-07-23 13:07:09 [info]: CategoryModule dependencies initialized
2026-07-23 13:07:09 [info]: SupplierModule dependencies initialized
2026-07-23 13:07:09 [info]: CustomerModule dependencies initialized
2026-07-23 13:07:09 [info]: AuthModule dependencies initialized
2026-07-23 13:07:09 [info]: UserModule dependencies initialized
2026-07-23 13:07:09 [info]: ProductModule dependencies initialized
2026-07-23 13:07:09 [info]: PurchaseOrderModule dependencies initialized
2026-07-23 13:07:09 [info]: CompanySettingsModule dependencies initialized
2026-07-23 13:07:09 [info]: SaleModule dependencies initialized
2026-07-23 13:07:09 [info]: AuthController {/api/auth} (version: 1):
2026-07-23 13:07:09 [info]: Mapped {/api/auth/login, POST} (version: 1) route
2026-07-23 13:07:09 [info]: Mapped {/api/auth/status, GET} (version: 1) route
2026-07-23 13:07:09 [info]: UserController {/api/users} (version: 1):
2026-07-23 13:07:09 [info]: Mapped {/api/users, GET} (version: 1) route
2026-07-23 13:07:09 [info]: Mapped {/api/users/:id, GET} (version: 1) route
2026-07-23 13:07:09 [info]: Mapped {/api/users, POST} (version: 1) route
2026-07-23 13:07:09 [info]: Mapped {/api/users/:id, PUT} (version: 1) route
2026-07-23 13:07:09 [info]: Mapped {/api/users/:id, DELETE} (version: 1) route
2026-07-23 13:07:09 [info]: HealthController {/api/health} (version: 1):
2026-07-23 13:07:09 [info]: Mapped {/api/health, GET} (version: 1) route
2026-07-23 13:07:09 [info]: CategoryController {/api/categories} (version: 1):
2026-07-23 13:07:09 [info]: Mapped {/api/categories, GET} (version: 1) route
2026-07-23 13:07:09 [info]: Mapped {/api/categories/:id, GET} (version: 1) route
2026-07-23 13:07:09 [info]: Mapped {/api/categories, POST} (version: 1) route
2026-07-23 13:07:09 [info]: Mapped {/api/categories/:id, PUT} (version: 1) route
2026-07-23 13:07:09 [info]: Mapped {/api/categories/:id, DELETE} (version: 1) route
2026-07-23 13:07:09 [info]: SupplierController {/api/suppliers} (version: 1):
2026-07-23 13:07:09 [info]: Mapped {/api/suppliers, GET} (version: 1) route
2026-07-23 13:07:09 [info]: Mapped {/api/suppliers/:id, GET} (version: 1) route
2026-07-23 13:07:09 [info]: Mapped {/api/suppliers, POST} (version: 1) route
2026-07-23 13:07:09 [info]: Mapped {/api/suppliers/:id, PUT} (version: 1) route
2026-07-23 13:07:09 [info]: Mapped {/api/suppliers/:id, DELETE} (version: 1) route
2026-07-23 13:07:09 [info]: ProductController {/api/products} (version: 1):
2026-07-23 13:07:09 [info]: Mapped {/api/products, GET} (version: 1) route
2026-07-23 13:07:09 [info]: Mapped {/api/products/low-stock, GET} (version: 1) route
2026-07-23 13:07:09 [info]: Mapped {/api/products/barcode/:barcode, GET} (version: 1) route
2026-07-23 13:07:09 [info]: Mapped {/api/products/:id, GET} (version: 1) route
2026-07-23 13:07:09 [info]: Mapped {/api/products, POST} (version: 1) route
2026-07-23 13:07:09 [info]: Mapped {/api/products/:id, PUT} (version: 1) route
2026-07-23 13:07:09 [info]: Mapped {/api/products/:id, DELETE} (version: 1) route
2026-07-23 13:07:09 [info]: Mapped {/api/products/:id/stock/add, PATCH} (version: 1) route
2026-07-23 13:07:09 [info]: Mapped {/api/products/:id/stock/subtract, PATCH} (version: 1) route
2026-07-23 13:07:09 [info]: CustomerController {/api/customers} (version: 1):
2026-07-23 13:07:09 [info]: Mapped {/api/customers, GET} (version: 1) route
2026-07-23 13:07:09 [info]: Mapped {/api/customers/lookup/:doc, GET} (version: 1) route
2026-07-23 13:07:09 [info]: Mapped {/api/customers/:id, GET} (version: 1) route
2026-07-23 13:07:09 [info]: Mapped {/api/customers, POST} (version: 1) route
2026-07-23 13:07:09 [info]: Mapped {/api/customers/:id, PUT} (version: 1) route
2026-07-23 13:07:09 [info]: Mapped {/api/customers/:id, DELETE} (version: 1) route
2026-07-23 13:07:09 [info]: SaleController {/api/sales} (version: 1):
2026-07-23 13:07:09 [info]: Mapped {/api/sales, GET} (version: 1) route
2026-07-23 13:07:09 [info]: Mapped {/api/sales/summary, GET} (version: 1) route
2026-07-23 13:07:09 [info]: Mapped {/api/sales/:id, GET} (version: 1) route
2026-07-23 13:07:09 [info]: Mapped {/api/sales, POST} (version: 1) route
2026-07-23 13:07:09 [info]: Mapped {/api/sales/:id/void, PATCH} (version: 1) route
2026-07-23 13:07:09 [info]: Mapped {/api/sales/credit-note, POST} (version: 1) route
2026-07-23 13:07:09 [info]: CompanySettingsController {/api/company-settings} (version: 1):
2026-07-23 13:07:09 [info]: Mapped {/api/company-settings, GET} (version: 1) route
2026-07-23 13:07:09 [info]: Mapped {/api/company-settings, PUT} (version: 1) route
2026-07-23 13:07:09 [info]: Mapped {/api/company-settings/logo, POST} (version: 1) route
2026-07-23 13:07:09 [info]: Mapped {/api/company-settings/register-sunat-api, POST} (version: 1) route
2026-07-23 13:07:09 [info]: PurchaseOrderController {/api/purchase-orders} (version: 1):
2026-07-23 13:07:09 [info]: Mapped {/api/purchase-orders, GET} (version: 1) route
2026-07-23 13:07:09 [info]: Mapped {/api/purchase-orders/:id, GET} (version: 1) route
2026-07-23 13:07:09 [info]: Mapped {/api/purchase-orders, POST} (version: 1) route
2026-07-23 13:07:09 [info]: Mapped {/api/purchase-orders/:id/receive, PATCH} (version: 1) route
2026-07-23 13:07:09 [info]: Mapped {/api/purchase-orders/:id/cancel, PATCH} (version: 1) route
2026-07-23 13:07:09 [info]: Facturación electrónica: Adaptador inicializado.
2026-07-23 13:07:09 [info]: Nest application successfully started
2026-07-23 13:07:14 [info]: Starting Nest application...
2026-07-23 13:07:14 [info]: AppModule dependencies initialized
2026-07-23 13:07:14 [info]: TypeOrmModule dependencies initialized
2026-07-23 13:07:14 [info]: PassportModule dependencies initialized
2026-07-23 13:07:14 [info]: ConfigHostModule dependencies initialized
2026-07-23 13:07:14 [info]: WinstonModule dependencies initialized
2026-07-23 13:07:14 [info]: HealthModule dependencies initialized
2026-07-23 13:07:14 [info]: HttpModule dependencies initialized
2026-07-23 13:07:14 [info]: DiscoveryModule dependencies initialized
2026-07-23 13:07:14 [info]: ConfigModule dependencies initialized
2026-07-23 13:07:14 [info]: ConfigModule dependencies initialized
2026-07-23 13:07:14 [info]: EventEmitterModule dependencies initialized
2026-07-23 13:07:14 [info]: ScheduleModule dependencies initialized
2026-07-23 13:07:14 [info]: JwtModule dependencies initialized
2026-07-23 13:07:14 [info]: TypeOrmCoreModule dependencies initialized
2026-07-23 13:07:14 [info]: TypeOrmModule dependencies initialized
2026-07-23 13:07:14 [info]: TypeOrmModule dependencies initialized
2026-07-23 13:07:14 [info]: TypeOrmModule dependencies initialized
2026-07-23 13:07:14 [info]: TypeOrmModule dependencies initialized
2026-07-23 13:07:14 [info]: TypeOrmModule dependencies initialized
2026-07-23 13:07:14 [info]: TypeOrmModule dependencies initialized
2026-07-23 13:07:14 [info]: TypeOrmModule dependencies initialized
2026-07-23 13:07:14 [info]: TypeOrmModule dependencies initialized
2026-07-23 13:07:14 [info]: TypeOrmModule dependencies initialized
2026-07-23 13:07:14 [info]: CategoryModule dependencies initialized
2026-07-23 13:07:14 [info]: SupplierModule dependencies initialized
2026-07-23 13:07:14 [info]: CustomerModule dependencies initialized
2026-07-23 13:07:14 [info]: AuthModule dependencies initialized
2026-07-23 13:07:14 [info]: UserModule dependencies initialized
2026-07-23 13:07:14 [info]: ProductModule dependencies initialized
2026-07-23 13:07:14 [info]: PurchaseOrderModule dependencies initialized
2026-07-23 13:07:14 [info]: CompanySettingsModule dependencies initialized
2026-07-23 13:07:14 [info]: SaleModule dependencies initialized
2026-07-23 13:07:14 [info]: AuthController {/api/auth} (version: 1):
2026-07-23 13:07:14 [info]: Mapped {/api/auth/login, POST} (version: 1) route
2026-07-23 13:07:14 [info]: Mapped {/api/auth/status, GET} (version: 1) route
2026-07-23 13:07:14 [info]: UserController {/api/users} (version: 1):
2026-07-23 13:07:14 [info]: Mapped {/api/users, GET} (version: 1) route
2026-07-23 13:07:14 [info]: Mapped {/api/users/:id, GET} (version: 1) route
2026-07-23 13:07:14 [info]: Mapped {/api/users, POST} (version: 1) route
2026-07-23 13:07:14 [info]: Mapped {/api/users/:id, PUT} (version: 1) route
2026-07-23 13:07:14 [info]: Mapped {/api/users/:id, DELETE} (version: 1) route
2026-07-23 13:07:14 [info]: HealthController {/api/health} (version: 1):
2026-07-23 13:07:14 [info]: Mapped {/api/health, GET} (version: 1) route
2026-07-23 13:07:14 [info]: CategoryController {/api/categories} (version: 1):
2026-07-23 13:07:14 [info]: Mapped {/api/categories, GET} (version: 1) route
2026-07-23 13:07:14 [info]: Mapped {/api/categories/:id, GET} (version: 1) route
2026-07-23 13:07:14 [info]: Mapped {/api/categories, POST} (version: 1) route
2026-07-23 13:07:15 [info]: Mapped {/api/categories/:id, PUT} (version: 1) route
2026-07-23 13:07:15 [info]: Mapped {/api/categories/:id, DELETE} (version: 1) route
2026-07-23 13:07:15 [info]: SupplierController {/api/suppliers} (version: 1):
2026-07-23 13:07:15 [info]: Mapped {/api/suppliers, GET} (version: 1) route
2026-07-23 13:07:15 [info]: Mapped {/api/suppliers/:id, GET} (version: 1) route
2026-07-23 13:07:15 [info]: Mapped {/api/suppliers, POST} (version: 1) route
2026-07-23 13:07:15 [info]: Mapped {/api/suppliers/:id, PUT} (version: 1) route
2026-07-23 13:07:15 [info]: Mapped {/api/suppliers/:id, DELETE} (version: 1) route
2026-07-23 13:07:15 [info]: ProductController {/api/products} (version: 1):
2026-07-23 13:07:15 [info]: Mapped {/api/products, GET} (version: 1) route
2026-07-23 13:07:15 [info]: Mapped {/api/products/low-stock, GET} (version: 1) route
2026-07-23 13:07:15 [info]: Mapped {/api/products/barcode/:barcode, GET} (version: 1) route
2026-07-23 13:07:15 [info]: Mapped {/api/products/:id, GET} (version: 1) route
2026-07-23 13:07:15 [info]: Mapped {/api/products, POST} (version: 1) route
2026-07-23 13:07:15 [info]: Mapped {/api/products/:id, PUT} (version: 1) route
2026-07-23 13:07:15 [info]: Mapped {/api/products/:id, DELETE} (version: 1) route
2026-07-23 13:07:15 [info]: Mapped {/api/products/:id/stock/add, PATCH} (version: 1) route
2026-07-23 13:07:15 [info]: Mapped {/api/products/:id/stock/subtract, PATCH} (version: 1) route
2026-07-23 13:07:15 [info]: CustomerController {/api/customers} (version: 1):
2026-07-23 13:07:15 [info]: Mapped {/api/customers, GET} (version: 1) route
2026-07-23 13:07:15 [info]: Mapped {/api/customers/lookup/:doc, GET} (version: 1) route
2026-07-23 13:07:15 [info]: Mapped {/api/customers/:id, GET} (version: 1) route
2026-07-23 13:07:15 [info]: Mapped {/api/customers, POST} (version: 1) route
2026-07-23 13:07:15 [info]: Mapped {/api/customers/:id, PUT} (version: 1) route
2026-07-23 13:07:15 [info]: Mapped {/api/customers/:id, DELETE} (version: 1) route
2026-07-23 13:07:15 [info]: SaleController {/api/sales} (version: 1):
2026-07-23 13:07:15 [info]: Mapped {/api/sales, GET} (version: 1) route
2026-07-23 13:07:15 [info]: Mapped {/api/sales/summary, GET} (version: 1) route
2026-07-23 13:07:15 [info]: Mapped {/api/sales/:id, GET} (version: 1) route
2026-07-23 13:07:15 [info]: Mapped {/api/sales, POST} (version: 1) route
2026-07-23 13:07:15 [info]: Mapped {/api/sales/:id/void, PATCH} (version: 1) route
2026-07-23 13:07:15 [info]: Mapped {/api/sales/credit-note, POST} (version: 1) route
2026-07-23 13:07:15 [info]: CompanySettingsController {/api/company-settings} (version: 1):
2026-07-23 13:07:15 [info]: Mapped {/api/company-settings, GET} (version: 1) route
2026-07-23 13:07:15 [info]: Mapped {/api/company-settings, PUT} (version: 1) route
2026-07-23 13:07:15 [info]: Mapped {/api/company-settings/logo, POST} (version: 1) route
2026-07-23 13:07:15 [info]: Mapped {/api/company-settings/register-sunat-api, POST} (version: 1) route
2026-07-23 13:07:15 [info]: PurchaseOrderController {/api/purchase-orders} (version: 1):
2026-07-23 13:07:15 [info]: Mapped {/api/purchase-orders, GET} (version: 1) route
2026-07-23 13:07:15 [info]: Mapped {/api/purchase-orders/:id, GET} (version: 1) route
2026-07-23 13:07:15 [info]: Mapped {/api/purchase-orders, POST} (version: 1) route
2026-07-23 13:07:15 [info]: Mapped {/api/purchase-orders/:id/receive, PATCH} (version: 1) route
2026-07-23 13:07:15 [info]: Mapped {/api/purchase-orders/:id/cancel, PATCH} (version: 1) route
2026-07-23 13:07:15 [info]: Facturación electrónica: Adaptador inicializado.
2026-07-23 13:07:15 [info]: Nest application successfully started
2026-07-23 13:07:21 [info]: Starting Nest application...
2026-07-23 13:07:21 [info]: AppModule dependencies initialized
2026-07-23 13:07:21 [info]: TypeOrmModule dependencies initialized
2026-07-23 13:07:21 [info]: PassportModule dependencies initialized
2026-07-23 13:07:21 [info]: ConfigHostModule dependencies initialized
2026-07-23 13:07:21 [info]: WinstonModule dependencies initialized
2026-07-23 13:07:21 [info]: HealthModule dependencies initialized
2026-07-23 13:07:21 [info]: HttpModule dependencies initialized
2026-07-23 13:07:21 [info]: DiscoveryModule dependencies initialized
2026-07-23 13:07:21 [info]: ConfigModule dependencies initialized
2026-07-23 13:07:21 [info]: ConfigModule dependencies initialized
2026-07-23 13:07:21 [info]: EventEmitterModule dependencies initialized
2026-07-23 13:07:21 [info]: ScheduleModule dependencies initialized
2026-07-23 13:07:21 [info]: JwtModule dependencies initialized
2026-07-23 13:07:21 [info]: TypeOrmCoreModule dependencies initialized
2026-07-23 13:07:21 [info]: TypeOrmModule dependencies initialized
2026-07-23 13:07:21 [info]: TypeOrmModule dependencies initialized
2026-07-23 13:07:21 [info]: TypeOrmModule dependencies initialized
2026-07-23 13:07:21 [info]: TypeOrmModule dependencies initialized
2026-07-23 13:07:21 [info]: TypeOrmModule dependencies initialized
2026-07-23 13:07:21 [info]: TypeOrmModule dependencies initialized
2026-07-23 13:07:21 [info]: TypeOrmModule dependencies initialized
2026-07-23 13:07:21 [info]: TypeOrmModule dependencies initialized
2026-07-23 13:07:21 [info]: TypeOrmModule dependencies initialized
2026-07-23 13:07:21 [info]: CategoryModule dependencies initialized
2026-07-23 13:07:21 [info]: SupplierModule dependencies initialized
2026-07-23 13:07:21 [info]: CustomerModule dependencies initialized
2026-07-23 13:07:21 [info]: AuthModule dependencies initialized
2026-07-23 13:07:21 [info]: UserModule dependencies initialized
2026-07-23 13:07:21 [info]: ProductModule dependencies initialized
2026-07-23 13:07:21 [info]: PurchaseOrderModule dependencies initialized
2026-07-23 13:07:21 [info]: CompanySettingsModule dependencies initialized
2026-07-23 13:07:21 [info]: SaleModule dependencies initialized
2026-07-23 13:07:21 [info]: AuthController {/api/auth} (version: 1):
2026-07-23 13:07:21 [info]: Mapped {/api/auth/login, POST} (version: 1) route
2026-07-23 13:07:21 [info]: Mapped {/api/auth/status, GET} (version: 1) route
2026-07-23 13:07:21 [info]: UserController {/api/users} (version: 1):
2026-07-23 13:07:21 [info]: Mapped {/api/users, GET} (version: 1) route
2026-07-23 13:07:21 [info]: Mapped {/api/users/:id, GET} (version: 1) route
2026-07-23 13:07:21 [info]: Mapped {/api/users, POST} (version: 1) route
2026-07-23 13:07:21 [info]: Mapped {/api/users/:id, PUT} (version: 1) route
2026-07-23 13:07:21 [info]: Mapped {/api/users/:id, DELETE} (version: 1) route
2026-07-23 13:07:21 [info]: HealthController {/api/health} (version: 1):
2026-07-23 13:07:21 [info]: Mapped {/api/health, GET} (version: 1) route
2026-07-23 13:07:21 [info]: CategoryController {/api/categories} (version: 1):
2026-07-23 13:07:21 [info]: Mapped {/api/categories, GET} (version: 1) route
2026-07-23 13:07:21 [info]: Mapped {/api/categories/:id, GET} (version: 1) route
2026-07-23 13:07:21 [info]: Mapped {/api/categories, POST} (version: 1) route
2026-07-23 13:07:21 [info]: Mapped {/api/categories/:id, PUT} (version: 1) route
2026-07-23 13:07:21 [info]: Mapped {/api/categories/:id, DELETE} (version: 1) route
2026-07-23 13:07:21 [info]: SupplierController {/api/suppliers} (version: 1):
2026-07-23 13:07:21 [info]: Mapped {/api/suppliers, GET} (version: 1) route
2026-07-23 13:07:21 [info]: Mapped {/api/suppliers/:id, GET} (version: 1) route
2026-07-23 13:07:21 [info]: Mapped {/api/suppliers, POST} (version: 1) route
2026-07-23 13:07:21 [info]: Mapped {/api/suppliers/:id, PUT} (version: 1) route
2026-07-23 13:07:21 [info]: Mapped {/api/suppliers/:id, DELETE} (version: 1) route
2026-07-23 13:07:21 [info]: ProductController {/api/products} (version: 1):
2026-07-23 13:07:21 [info]: Mapped {/api/products, GET} (version: 1) route
2026-07-23 13:07:21 [info]: Mapped {/api/products/low-stock, GET} (version: 1) route
2026-07-23 13:07:21 [info]: Mapped {/api/products/barcode/:barcode, GET} (version: 1) route
2026-07-23 13:07:21 [info]: Mapped {/api/products/:id, GET} (version: 1) route
2026-07-23 13:07:21 [info]: Mapped {/api/products, POST} (version: 1) route
2026-07-23 13:07:21 [info]: Mapped {/api/products/:id, PUT} (version: 1) route
2026-07-23 13:07:21 [info]: Mapped {/api/products/:id, DELETE} (version: 1) route
2026-07-23 13:07:21 [info]: Mapped {/api/products/:id/stock/add, PATCH} (version: 1) route
2026-07-23 13:07:21 [info]: Mapped {/api/products/:id/stock/subtract, PATCH} (version: 1) route
2026-07-23 13:07:21 [info]: CustomerController {/api/customers} (version: 1):
2026-07-23 13:07:21 [info]: Mapped {/api/customers, GET} (version: 1) route
2026-07-23 13:07:21 [info]: Mapped {/api/customers/lookup/:doc, GET} (version: 1) route
2026-07-23 13:07:21 [info]: Mapped {/api/customers/:id, GET} (version: 1) route
2026-07-23 13:07:21 [info]: Mapped {/api/customers, POST} (version: 1) route
2026-07-23 13:07:21 [info]: Mapped {/api/customers/:id, PUT} (version: 1) route
2026-07-23 13:07:21 [info]: Mapped {/api/customers/:id, DELETE} (version: 1) route
2026-07-23 13:07:21 [info]: SaleController {/api/sales} (version: 1):
2026-07-23 13:07:21 [info]: Mapped {/api/sales, GET} (version: 1) route
2026-07-23 13:07:21 [info]: Mapped {/api/sales/summary, GET} (version: 1) route
2026-07-23 13:07:21 [info]: Mapped {/api/sales/:id, GET} (version: 1) route
2026-07-23 13:07:21 [info]: Mapped {/api/sales, POST} (version: 1) route
2026-07-23 13:07:21 [info]: Mapped {/api/sales/:id/void, PATCH} (version: 1) route
2026-07-23 13:07:21 [info]: Mapped {/api/sales/credit-note, POST} (version: 1) route
2026-07-23 13:07:21 [info]: CompanySettingsController {/api/company-settings} (version: 1):
2026-07-23 13:07:21 [info]: Mapped {/api/company-settings, GET} (version: 1) route
2026-07-23 13:07:21 [info]: Mapped {/api/company-settings, PUT} (version: 1) route
2026-07-23 13:07:21 [info]: Mapped {/api/company-settings/logo, POST} (version: 1) route
2026-07-23 13:07:21 [info]: Mapped {/api/company-settings/register-sunat-api, POST} (version: 1) route
2026-07-23 13:07:21 [info]: PurchaseOrderController {/api/purchase-orders} (version: 1):
2026-07-23 13:07:21 [info]: Mapped {/api/purchase-orders, GET} (version: 1) route
2026-07-23 13:07:21 [info]: Mapped {/api/purchase-orders/:id, GET} (version: 1) route
2026-07-23 13:07:21 [info]: Mapped {/api/purchase-orders, POST} (version: 1) route
2026-07-23 13:07:21 [info]: Mapped {/api/purchase-orders/:id/receive, PATCH} (version: 1) route
2026-07-23 13:07:21 [info]: Mapped {/api/purchase-orders/:id/cancel, PATCH} (version: 1) route
2026-07-23 13:07:21 [info]: Facturación electrónica: Adaptador inicializado.
2026-07-23 13:07:21 [info]: Nest application successfully started
2026-07-23 13:10:35 [info]: Starting Nest application...
2026-07-23 13:10:35 [info]: AppModule dependencies initialized
2026-07-23 13:10:35 [info]: TypeOrmModule dependencies initialized
2026-07-23 13:10:35 [info]: PassportModule dependencies initialized
2026-07-23 13:10:35 [info]: ConfigHostModule dependencies initialized
2026-07-23 13:10:35 [info]: WinstonModule dependencies initialized
2026-07-23 13:10:35 [info]: HealthModule dependencies initialized
2026-07-23 13:10:35 [info]: HttpModule dependencies initialized
2026-07-23 13:10:35 [info]: DiscoveryModule dependencies initialized
2026-07-23 13:10:35 [info]: ConfigModule dependencies initialized
2026-07-23 13:10:35 [info]: ConfigModule dependencies initialized
2026-07-23 13:10:35 [info]: EventEmitterModule dependencies initialized
2026-07-23 13:10:35 [info]: ScheduleModule dependencies initialized
2026-07-23 13:10:35 [info]: JwtModule dependencies initialized
2026-07-23 13:10:35 [info]: TypeOrmCoreModule dependencies initialized
2026-07-23 13:10:35 [info]: TypeOrmModule dependencies initialized
2026-07-23 13:10:35 [info]: TypeOrmModule dependencies initialized
2026-07-23 13:10:35 [info]: TypeOrmModule dependencies initialized
2026-07-23 13:10:35 [info]: TypeOrmModule dependencies initialized
2026-07-23 13:10:35 [info]: TypeOrmModule dependencies initialized
2026-07-23 13:10:35 [info]: TypeOrmModule dependencies initialized
2026-07-23 13:10:35 [info]: TypeOrmModule dependencies initialized
2026-07-23 13:10:35 [info]: TypeOrmModule dependencies initialized
2026-07-23 13:10:35 [info]: TypeOrmModule dependencies initialized
2026-07-23 13:10:35 [info]: TypeOrmModule dependencies initialized
2026-07-23 13:10:35 [info]: CategoryModule dependencies initialized
2026-07-23 13:10:35 [info]: SupplierModule dependencies initialized
2026-07-23 13:10:35 [info]: CustomerModule dependencies initialized
2026-07-23 13:10:35 [info]: AuthModule dependencies initialized
2026-07-23 13:10:35 [info]: EstablishmentsModule dependencies initialized
2026-07-23 13:10:35 [info]: UserModule dependencies initialized
2026-07-23 13:10:35 [info]: ProductModule dependencies initialized
2026-07-23 13:10:35 [info]: PurchaseOrderModule dependencies initialized
2026-07-23 13:10:35 [info]: CompanySettingsModule dependencies initialized
2026-07-23 13:10:35 [info]: SaleModule dependencies initialized
2026-07-23 13:10:35 [info]: AuthController {/api/auth} (version: 1):
2026-07-23 13:10:35 [info]: Mapped {/api/auth/login, POST} (version: 1) route
2026-07-23 13:10:35 [info]: Mapped {/api/auth/status, GET} (version: 1) route
2026-07-23 13:10:35 [info]: UserController {/api/users} (version: 1):
2026-07-23 13:10:35 [info]: Mapped {/api/users, GET} (version: 1) route
2026-07-23 13:10:35 [info]: Mapped {/api/users/:id, GET} (version: 1) route
2026-07-23 13:10:35 [info]: Mapped {/api/users, POST} (version: 1) route
2026-07-23 13:10:35 [info]: Mapped {/api/users/:id, PUT} (version: 1) route
2026-07-23 13:10:35 [info]: Mapped {/api/users/:id, DELETE} (version: 1) route
2026-07-23 13:10:35 [info]: HealthController {/api/health} (version: 1):
2026-07-23 13:10:35 [info]: Mapped {/api/health, GET} (version: 1) route
2026-07-23 13:10:35 [info]: CategoryController {/api/categories} (version: 1):
2026-07-23 13:10:35 [info]: Mapped {/api/categories, GET} (version: 1) route
2026-07-23 13:10:35 [info]: Mapped {/api/categories/:id, GET} (version: 1) route
2026-07-23 13:10:35 [info]: Mapped {/api/categories, POST} (version: 1) route
2026-07-23 13:10:35 [info]: Mapped {/api/categories/:id, PUT} (version: 1) route
2026-07-23 13:10:35 [info]: Mapped {/api/categories/:id, DELETE} (version: 1) route
2026-07-23 13:10:35 [info]: SupplierController {/api/suppliers} (version: 1):
2026-07-23 13:10:35 [info]: Mapped {/api/suppliers, GET} (version: 1) route
2026-07-23 13:10:35 [info]: Mapped {/api/suppliers/:id, GET} (version: 1) route
2026-07-23 13:10:35 [info]: Mapped {/api/suppliers, POST} (version: 1) route
2026-07-23 13:10:35 [info]: Mapped {/api/suppliers/:id, PUT} (version: 1) route
2026-07-23 13:10:35 [info]: Mapped {/api/suppliers/:id, DELETE} (version: 1) route
2026-07-23 13:10:35 [info]: ProductController {/api/products} (version: 1):
2026-07-23 13:10:35 [info]: Mapped {/api/products, GET} (version: 1) route
2026-07-23 13:10:35 [info]: Mapped {/api/products/low-stock, GET} (version: 1) route
2026-07-23 13:10:35 [info]: Mapped {/api/products/barcode/:barcode, GET} (version: 1) route
2026-07-23 13:10:35 [info]: Mapped {/api/products/:id, GET} (version: 1) route
2026-07-23 13:10:35 [info]: Mapped {/api/products, POST} (version: 1) route
2026-07-23 13:10:35 [info]: Mapped {/api/products/:id, PUT} (version: 1) route
2026-07-23 13:10:35 [info]: Mapped {/api/products/:id, DELETE} (version: 1) route
2026-07-23 13:10:35 [info]: Mapped {/api/products/:id/stock/add, PATCH} (version: 1) route
2026-07-23 13:10:35 [info]: Mapped {/api/products/:id/stock/subtract, PATCH} (version: 1) route
2026-07-23 13:10:35 [info]: CustomerController {/api/customers} (version: 1):
2026-07-23 13:10:35 [info]: Mapped {/api/customers, GET} (version: 1) route
2026-07-23 13:10:35 [info]: Mapped {/api/customers/lookup/:doc, GET} (version: 1) route
2026-07-23 13:10:35 [info]: Mapped {/api/customers/:id, GET} (version: 1) route
2026-07-23 13:10:35 [info]: Mapped {/api/customers, POST} (version: 1) route
2026-07-23 13:10:35 [info]: Mapped {/api/customers/:id, PUT} (version: 1) route
2026-07-23 13:10:35 [info]: Mapped {/api/customers/:id, DELETE} (version: 1) route
2026-07-23 13:10:35 [info]: SaleController {/api/sales} (version: 1):
2026-07-23 13:10:35 [info]: Mapped {/api/sales, GET} (version: 1) route
2026-07-23 13:10:35 [info]: Mapped {/api/sales/summary, GET} (version: 1) route
2026-07-23 13:10:35 [info]: Mapped {/api/sales/:id, GET} (version: 1) route
2026-07-23 13:10:35 [info]: Mapped {/api/sales, POST} (version: 1) route
2026-07-23 13:10:35 [info]: Mapped {/api/sales/:id/void, PATCH} (version: 1) route
2026-07-23 13:10:35 [info]: Mapped {/api/sales/credit-note, POST} (version: 1) route
2026-07-23 13:10:35 [info]: CompanySettingsController {/api/company-settings} (version: 1):
2026-07-23 13:10:35 [info]: Mapped {/api/company-settings, GET} (version: 1) route
2026-07-23 13:10:35 [info]: Mapped {/api/company-settings, PUT} (version: 1) route
2026-07-23 13:10:35 [info]: Mapped {/api/company-settings/logo, POST} (version: 1) route
2026-07-23 13:10:35 [info]: Mapped {/api/company-settings/register-sunat-api, POST} (version: 1) route
2026-07-23 13:10:35 [info]: PurchaseOrderController {/api/purchase-orders} (version: 1):
2026-07-23 13:10:35 [info]: Mapped {/api/purchase-orders, GET} (version: 1) route
2026-07-23 13:10:35 [info]: Mapped {/api/purchase-orders/:id, GET} (version: 1) route
2026-07-23 13:10:35 [info]: Mapped {/api/purchase-orders, POST} (version: 1) route
2026-07-23 13:10:35 [info]: Mapped {/api/purchase-orders/:id/receive, PATCH} (version: 1) route
2026-07-23 13:10:35 [info]: Mapped {/api/purchase-orders/:id/cancel, PATCH} (version: 1) route
2026-07-23 13:10:35 [info]: EstablishmentsController {/api/establishments} (version: 1):
2026-07-23 13:10:35 [info]: Mapped {/api/establishments, GET} (version: 1) route
2026-07-23 13:10:35 [info]: Mapped {/api/establishments, POST} (version: 1) route
2026-07-23 13:10:35 [info]: Mapped {/api/establishments/series, GET} (version: 1) route
2026-07-23 13:10:35 [info]: Mapped {/api/establishments/series, POST} (version: 1) route
2026-07-23 13:10:35 [info]: Facturación electrónica: Adaptador inicializado.
2026-07-23 13:10:35 [info]: Facturación electrónica: Adaptador inicializado.
2026-07-23 13:10:35 [info]: Nest application successfully started
2026-07-23 13:10:58 [warn]: Reintentando (1/3)...
2026-07-23 13:10:59 [warn]: Reintentando (2/3)...
2026-07-23 13:11:02 [warn]: Reintentando (1/3)...
2026-07-23 13:11:03 [error]: 
2026-07-23 13:11:03 [warn]: Reintentando (2/3)...
2026-07-23 13:14:32 [error]: QueryFailedError: Duplicate entry 'F001-00000002' for key 'IDX_sales_invoice_number'
    at MysqlQueryRunner.query (/Users/macintosh/Documents/DEVPRO/Back/src/driver/mysql/MysqlQueryRunner.ts:291:19)
    at process.processTicksAndRejections (node:internal/process/task_queues:103:5)
    at async InsertQueryBuilder.execute (/Users/macintosh/Documents/DEVPRO/Back/src/query-builder/InsertQueryBuilder.ts:166:33)
    at async SubjectExecutor.executeInsertOperations (/Users/macintosh/Documents/DEVPRO/Back/src/persistence/SubjectExecutor.ts:435:42)
    at async SubjectExecutor.execute (/Users/macintosh/Documents/DEVPRO/Back/src/persistence/SubjectExecutor.ts:137:9)
    at async EntityPersistExecutor.execute (/Users/macintosh/Documents/DEVPRO/Back/src/persistence/EntityPersistExecutor.ts:190:21)
    at async <anonymous> (/Users/macintosh/Documents/DEVPRO/Back/src/domain/services/sale.service.ts:160:25)
    at async EntityManager.transaction (/Users/macintosh/Documents/DEVPRO/Back/src/entity-manager/EntityManager.ts:159:28)
    at async SaleService.create (/Users/macintosh/Documents/DEVPRO/Back/src/domain/services/sale.service.ts:70:20)
    at async /Users/macintosh/Documents/DEVPRO/Back/node_modules/@nestjs/core/router/router-execution-context.js:47:62
2026-07-23 13:15:44 [info]: Circuit breaker restablecido (half-open)
2026-07-23 13:15:45 [warn]: Reintentando (1/3)...
2026-07-23 13:15:46 [warn]: Reintentando (2/3)...
2026-07-23 13:26:37 [warn]: Reintentando (1/3)...
2026-07-23 13:26:38 [error]: 
2026-07-23 13:26:38 [warn]: Reintentando (2/3)...
2026-07-23 13:27:55 [info]: Circuit breaker restablecido (half-open)
2026-07-23 13:27:56 [warn]: Reintentando (1/3)...
2026-07-23 13:27:57 [warn]: Reintentando (2/3)...
2026-07-23 13:28:11 [warn]: Reintentando (1/3)...
2026-07-23 13:28:13 [error]: 
2026-07-23 13:28:13 [warn]: Reintentando (2/3)...
2026-07-23 13:30:07 [info]: Circuit breaker restablecido (half-open)
2026-07-23 13:30:07 [warn]: Reintentando (1/3)...
2026-07-23 13:30:08 [warn]: Reintentando (2/3)...
2026-07-23 13:32:46 [warn]: Reintentando (1/3)...
2026-07-23 13:32:48 [warn]: Reintentando (2/3)...
2026-07-23 13:32:56 [warn]: Reintentando (1/3)...
2026-07-23 13:32:57 [warn]: Reintentando (2/3)...
2026-07-23 13:33:01 [warn]: Reintentando (1/3)...
2026-07-23 13:33:02 [warn]: Reintentando (2/3)...
2026-07-23 13:34:42 [warn]: Reintentando (1/3)...
2026-07-23 13:34:43 [warn]: Reintentando (2/3)...
2026-07-23 13:36:55 [warn]: Reintentando (1/3)...
2026-07-23 13:36:56 [warn]: Reintentando (2/3)...
2026-07-23 13:47:42 [info]: Starting Nest application...
2026-07-23 13:47:42 [info]: AppModule dependencies initialized
2026-07-23 13:47:42 [info]: TypeOrmModule dependencies initialized
2026-07-23 13:47:42 [info]: PassportModule dependencies initialized
2026-07-23 13:47:42 [info]: ConfigHostModule dependencies initialized
2026-07-23 13:47:42 [info]: WinstonModule dependencies initialized
2026-07-23 13:47:42 [info]: HealthModule dependencies initialized
2026-07-23 13:47:42 [info]: HttpModule dependencies initialized
2026-07-23 13:47:42 [info]: DiscoveryModule dependencies initialized
2026-07-23 13:47:42 [info]: ConfigModule dependencies initialized
2026-07-23 13:47:42 [info]: ConfigModule dependencies initialized
2026-07-23 13:47:42 [info]: EventEmitterModule dependencies initialized
2026-07-23 13:47:42 [info]: ScheduleModule dependencies initialized
2026-07-23 13:47:42 [info]: JwtModule dependencies initialized
2026-07-23 13:47:42 [info]: TypeOrmCoreModule dependencies initialized
2026-07-23 13:47:42 [info]: TypeOrmModule dependencies initialized
2026-07-23 13:47:42 [info]: TypeOrmModule dependencies initialized
2026-07-23 13:47:42 [info]: TypeOrmModule dependencies initialized
2026-07-23 13:47:42 [info]: TypeOrmModule dependencies initialized
2026-07-23 13:47:42 [info]: TypeOrmModule dependencies initialized
2026-07-23 13:47:42 [info]: TypeOrmModule dependencies initialized
2026-07-23 13:47:42 [info]: TypeOrmModule dependencies initialized
2026-07-23 13:47:42 [info]: TypeOrmModule dependencies initialized
2026-07-23 13:47:42 [info]: TypeOrmModule dependencies initialized
2026-07-23 13:47:42 [info]: TypeOrmModule dependencies initialized
2026-07-23 13:47:42 [info]: CategoryModule dependencies initialized
2026-07-23 13:47:42 [info]: SupplierModule dependencies initialized
2026-07-23 13:47:42 [info]: CustomerModule dependencies initialized
2026-07-23 13:47:42 [info]: AuthModule dependencies initialized
2026-07-23 13:47:42 [info]: EstablishmentsModule dependencies initialized
2026-07-23 13:47:42 [info]: UserModule dependencies initialized
2026-07-23 13:47:42 [info]: ProductModule dependencies initialized
2026-07-23 13:47:42 [info]: PurchaseOrderModule dependencies initialized
2026-07-23 13:47:42 [info]: CompanySettingsModule dependencies initialized
2026-07-23 13:47:42 [info]: SaleModule dependencies initialized
2026-07-23 13:47:42 [info]: AuthController {/api/auth} (version: 1):
2026-07-23 13:47:42 [info]: Mapped {/api/auth/login, POST} (version: 1) route
2026-07-23 13:47:42 [info]: Mapped {/api/auth/status, GET} (version: 1) route
2026-07-23 13:47:42 [info]: UserController {/api/users} (version: 1):
2026-07-23 13:47:42 [info]: Mapped {/api/users, GET} (version: 1) route
2026-07-23 13:47:42 [info]: Mapped {/api/users/:id, GET} (version: 1) route
2026-07-23 13:47:42 [info]: Mapped {/api/users, POST} (version: 1) route
2026-07-23 13:47:42 [info]: Mapped {/api/users/:id, PUT} (version: 1) route
2026-07-23 13:47:42 [info]: Mapped {/api/users/:id, DELETE} (version: 1) route
2026-07-23 13:47:42 [info]: HealthController {/api/health} (version: 1):
2026-07-23 13:47:42 [info]: Mapped {/api/health, GET} (version: 1) route
2026-07-23 13:47:42 [info]: CategoryController {/api/categories} (version: 1):
2026-07-23 13:47:42 [info]: Mapped {/api/categories, GET} (version: 1) route
2026-07-23 13:47:42 [info]: Mapped {/api/categories/:id, GET} (version: 1) route
2026-07-23 13:47:42 [info]: Mapped {/api/categories, POST} (version: 1) route
2026-07-23 13:47:42 [info]: Mapped {/api/categories/:id, PUT} (version: 1) route
2026-07-23 13:47:42 [info]: Mapped {/api/categories/:id, DELETE} (version: 1) route
2026-07-23 13:47:42 [info]: SupplierController {/api/suppliers} (version: 1):
2026-07-23 13:47:42 [info]: Mapped {/api/suppliers, GET} (version: 1) route
2026-07-23 13:47:42 [info]: Mapped {/api/suppliers/:id, GET} (version: 1) route
2026-07-23 13:47:42 [info]: Mapped {/api/suppliers, POST} (version: 1) route
2026-07-23 13:47:42 [info]: Mapped {/api/suppliers/:id, PUT} (version: 1) route
2026-07-23 13:47:42 [info]: Mapped {/api/suppliers/:id, DELETE} (version: 1) route
2026-07-23 13:47:42 [info]: ProductController {/api/products} (version: 1):
2026-07-23 13:47:42 [info]: Mapped {/api/products, GET} (version: 1) route
2026-07-23 13:47:42 [info]: Mapped {/api/products/low-stock, GET} (version: 1) route
2026-07-23 13:47:42 [info]: Mapped {/api/products/barcode/:barcode, GET} (version: 1) route
2026-07-23 13:47:42 [info]: Mapped {/api/products/:id, GET} (version: 1) route
2026-07-23 13:47:42 [info]: Mapped {/api/products, POST} (version: 1) route
2026-07-23 13:47:42 [info]: Mapped {/api/products/:id, PUT} (version: 1) route
2026-07-23 13:47:42 [info]: Mapped {/api/products/:id, DELETE} (version: 1) route
2026-07-23 13:47:42 [info]: Mapped {/api/products/:id/stock/add, PATCH} (version: 1) route
2026-07-23 13:47:42 [info]: Mapped {/api/products/:id/stock/subtract, PATCH} (version: 1) route
2026-07-23 13:47:42 [info]: CustomerController {/api/customers} (version: 1):
2026-07-23 13:47:42 [info]: Mapped {/api/customers, GET} (version: 1) route
2026-07-23 13:47:42 [info]: Mapped {/api/customers/lookup/:doc, GET} (version: 1) route
2026-07-23 13:47:42 [info]: Mapped {/api/customers/:id, GET} (version: 1) route
2026-07-23 13:47:42 [info]: Mapped {/api/customers, POST} (version: 1) route
2026-07-23 13:47:42 [info]: Mapped {/api/customers/:id, PUT} (version: 1) route
2026-07-23 13:47:42 [info]: Mapped {/api/customers/:id, DELETE} (version: 1) route
2026-07-23 13:47:42 [info]: SaleController {/api/sales} (version: 1):
2026-07-23 13:47:42 [info]: Mapped {/api/sales, GET} (version: 1) route
2026-07-23 13:47:42 [info]: Mapped {/api/sales/summary, GET} (version: 1) route
2026-07-23 13:47:42 [info]: Mapped {/api/sales/:id, GET} (version: 1) route
2026-07-23 13:47:42 [info]: Mapped {/api/sales, POST} (version: 1) route
2026-07-23 13:47:42 [info]: Mapped {/api/sales/:id/void, PATCH} (version: 1) route
2026-07-23 13:47:42 [info]: Mapped {/api/sales/credit-note, POST} (version: 1) route
2026-07-23 13:47:42 [info]: CompanySettingsController {/api/company-settings} (version: 1):
2026-07-23 13:47:42 [info]: Mapped {/api/company-settings, GET} (version: 1) route
2026-07-23 13:47:42 [info]: Mapped {/api/company-settings, PUT} (version: 1) route
2026-07-23 13:47:42 [info]: Mapped {/api/company-settings/logo, POST} (version: 1) route
2026-07-23 13:47:42 [info]: Mapped {/api/company-settings/register-sunat-api, POST} (version: 1) route
2026-07-23 13:47:42 [info]: PurchaseOrderController {/api/purchase-orders} (version: 1):
2026-07-23 13:47:42 [info]: Mapped {/api/purchase-orders, GET} (version: 1) route
2026-07-23 13:47:42 [info]: Mapped {/api/purchase-orders/:id, GET} (version: 1) route
2026-07-23 13:47:42 [info]: Mapped {/api/purchase-orders, POST} (version: 1) route
2026-07-23 13:47:42 [info]: Mapped {/api/purchase-orders/:id/receive, PATCH} (version: 1) route
2026-07-23 13:47:42 [info]: Mapped {/api/purchase-orders/:id/cancel, PATCH} (version: 1) route
2026-07-23 13:47:42 [info]: EstablishmentsController {/api/establishments} (version: 1):
2026-07-23 13:47:42 [info]: Mapped {/api/establishments, GET} (version: 1) route
2026-07-23 13:47:42 [info]: Mapped {/api/establishments, POST} (version: 1) route
2026-07-23 13:47:42 [info]: Mapped {/api/establishments/series, GET} (version: 1) route
2026-07-23 13:47:42 [info]: Mapped {/api/establishments/series, POST} (version: 1) route
2026-07-23 13:47:42 [info]: Facturación electrónica: Adaptador inicializado.
2026-07-23 13:47:42 [info]: Facturación electrónica: Adaptador inicializado.
2026-07-23 13:47:42 [info]: Nest application successfully started
2026-07-23 13:48:27 [info]: Starting Nest application...
2026-07-23 13:48:27 [info]: AppModule dependencies initialized
2026-07-23 13:48:27 [info]: TypeOrmModule dependencies initialized
2026-07-23 13:48:27 [info]: PassportModule dependencies initialized
2026-07-23 13:48:27 [info]: ConfigHostModule dependencies initialized
2026-07-23 13:48:27 [info]: WinstonModule dependencies initialized
2026-07-23 13:48:27 [info]: HealthModule dependencies initialized
2026-07-23 13:48:27 [info]: HttpModule dependencies initialized
2026-07-23 13:48:27 [info]: DiscoveryModule dependencies initialized
2026-07-23 13:48:27 [info]: ConfigModule dependencies initialized
2026-07-23 13:48:27 [info]: ConfigModule dependencies initialized
2026-07-23 13:48:27 [info]: EventEmitterModule dependencies initialized
2026-07-23 13:48:27 [info]: ScheduleModule dependencies initialized
2026-07-23 13:48:27 [info]: JwtModule dependencies initialized
2026-07-23 13:48:27 [info]: TypeOrmCoreModule dependencies initialized
2026-07-23 13:48:27 [info]: TypeOrmModule dependencies initialized
2026-07-23 13:48:27 [info]: TypeOrmModule dependencies initialized
2026-07-23 13:48:27 [info]: TypeOrmModule dependencies initialized
2026-07-23 13:48:27 [info]: TypeOrmModule dependencies initialized
2026-07-23 13:48:27 [info]: TypeOrmModule dependencies initialized
2026-07-23 13:48:27 [info]: TypeOrmModule dependencies initialized
2026-07-23 13:48:27 [info]: TypeOrmModule dependencies initialized
2026-07-23 13:48:27 [info]: TypeOrmModule dependencies initialized
2026-07-23 13:48:27 [info]: TypeOrmModule dependencies initialized
2026-07-23 13:48:27 [info]: TypeOrmModule dependencies initialized
2026-07-23 13:48:27 [info]: CategoryModule dependencies initialized
2026-07-23 13:48:27 [info]: SupplierModule dependencies initialized
2026-07-23 13:48:27 [info]: CustomerModule dependencies initialized
2026-07-23 13:48:27 [info]: AuthModule dependencies initialized
2026-07-23 13:48:27 [info]: EstablishmentsModule dependencies initialized
2026-07-23 13:48:27 [info]: UserModule dependencies initialized
2026-07-23 13:48:27 [info]: ProductModule dependencies initialized
2026-07-23 13:48:27 [info]: PurchaseOrderModule dependencies initialized
2026-07-23 13:48:27 [info]: CompanySettingsModule dependencies initialized
2026-07-23 13:48:27 [info]: SaleModule dependencies initialized
2026-07-23 13:48:27 [info]: AuthController {/api/auth} (version: 1):
2026-07-23 13:48:27 [info]: Mapped {/api/auth/login, POST} (version: 1) route
2026-07-23 13:48:27 [info]: Mapped {/api/auth/status, GET} (version: 1) route
2026-07-23 13:48:27 [info]: UserController {/api/users} (version: 1):
2026-07-23 13:48:27 [info]: Mapped {/api/users, GET} (version: 1) route
2026-07-23 13:48:27 [info]: Mapped {/api/users/:id, GET} (version: 1) route
2026-07-23 13:48:27 [info]: Mapped {/api/users, POST} (version: 1) route
2026-07-23 13:48:27 [info]: Mapped {/api/users/:id, PUT} (version: 1) route
2026-07-23 13:48:27 [info]: Mapped {/api/users/:id, DELETE} (version: 1) route
2026-07-23 13:48:27 [info]: HealthController {/api/health} (version: 1):
2026-07-23 13:48:27 [info]: Mapped {/api/health, GET} (version: 1) route
2026-07-23 13:48:27 [info]: CategoryController {/api/categories} (version: 1):
2026-07-23 13:48:27 [info]: Mapped {/api/categories, GET} (version: 1) route
2026-07-23 13:48:27 [info]: Mapped {/api/categories/:id, GET} (version: 1) route
2026-07-23 13:48:27 [info]: Mapped {/api/categories, POST} (version: 1) route
2026-07-23 13:48:27 [info]: Mapped {/api/categories/:id, PUT} (version: 1) route
2026-07-23 13:48:27 [info]: Mapped {/api/categories/:id, DELETE} (version: 1) route
2026-07-23 13:48:27 [info]: SupplierController {/api/suppliers} (version: 1):
2026-07-23 13:48:27 [info]: Mapped {/api/suppliers, GET} (version: 1) route
2026-07-23 13:48:27 [info]: Mapped {/api/suppliers/:id, GET} (version: 1) route
2026-07-23 13:48:27 [info]: Mapped {/api/suppliers, POST} (version: 1) route
2026-07-23 13:48:27 [info]: Mapped {/api/suppliers/:id, PUT} (version: 1) route
2026-07-23 13:48:27 [info]: Mapped {/api/suppliers/:id, DELETE} (version: 1) route
2026-07-23 13:48:27 [info]: ProductController {/api/products} (version: 1):
2026-07-23 13:48:27 [info]: Mapped {/api/products, GET} (version: 1) route
2026-07-23 13:48:27 [info]: Mapped {/api/products/low-stock, GET} (version: 1) route
2026-07-23 13:48:27 [info]: Mapped {/api/products/barcode/:barcode, GET} (version: 1) route
2026-07-23 13:48:27 [info]: Mapped {/api/products/:id, GET} (version: 1) route
2026-07-23 13:48:27 [info]: Mapped {/api/products, POST} (version: 1) route
2026-07-23 13:48:27 [info]: Mapped {/api/products/:id, PUT} (version: 1) route
2026-07-23 13:48:27 [info]: Mapped {/api/products/:id, DELETE} (version: 1) route
2026-07-23 13:48:27 [info]: Mapped {/api/products/:id/stock/add, PATCH} (version: 1) route
2026-07-23 13:48:27 [info]: Mapped {/api/products/:id/stock/subtract, PATCH} (version: 1) route
2026-07-23 13:48:27 [info]: CustomerController {/api/customers} (version: 1):
2026-07-23 13:48:27 [info]: Mapped {/api/customers, GET} (version: 1) route
2026-07-23 13:48:27 [info]: Mapped {/api/customers/lookup/:doc, GET} (version: 1) route
2026-07-23 13:48:27 [info]: Mapped {/api/customers/:id, GET} (version: 1) route
2026-07-23 13:48:27 [info]: Mapped {/api/customers, POST} (version: 1) route
2026-07-23 13:48:27 [info]: Mapped {/api/customers/:id, PUT} (version: 1) route
2026-07-23 13:48:27 [info]: Mapped {/api/customers/:id, DELETE} (version: 1) route
2026-07-23 13:48:27 [info]: SaleController {/api/sales} (version: 1):
2026-07-23 13:48:27 [info]: Mapped {/api/sales, GET} (version: 1) route
2026-07-23 13:48:27 [info]: Mapped {/api/sales/summary, GET} (version: 1) route
2026-07-23 13:48:27 [info]: Mapped {/api/sales/:id, GET} (version: 1) route
2026-07-23 13:48:27 [info]: Mapped {/api/sales, POST} (version: 1) route
2026-07-23 13:48:27 [info]: Mapped {/api/sales/:id/void, PATCH} (version: 1) route
2026-07-23 13:48:27 [info]: Mapped {/api/sales/credit-note, POST} (version: 1) route
2026-07-23 13:48:27 [info]: CompanySettingsController {/api/company-settings} (version: 1):
2026-07-23 13:48:27 [info]: Mapped {/api/company-settings, GET} (version: 1) route
2026-07-23 13:48:27 [info]: Mapped {/api/company-settings, PUT} (version: 1) route
2026-07-23 13:48:27 [info]: Mapped {/api/company-settings/logo, POST} (version: 1) route
2026-07-23 13:48:27 [info]: Mapped {/api/company-settings/register-sunat-api, POST} (version: 1) route
2026-07-23 13:48:27 [info]: PurchaseOrderController {/api/purchase-orders} (version: 1):
2026-07-23 13:48:27 [info]: Mapped {/api/purchase-orders, GET} (version: 1) route
2026-07-23 13:48:27 [info]: Mapped {/api/purchase-orders/:id, GET} (version: 1) route
2026-07-23 13:48:27 [info]: Mapped {/api/purchase-orders, POST} (version: 1) route
2026-07-23 13:48:27 [info]: Mapped {/api/purchase-orders/:id/receive, PATCH} (version: 1) route
2026-07-23 13:48:27 [info]: Mapped {/api/purchase-orders/:id/cancel, PATCH} (version: 1) route
2026-07-23 13:48:27 [info]: EstablishmentsController {/api/establishments} (version: 1):
2026-07-23 13:48:27 [info]: Mapped {/api/establishments, GET} (version: 1) route
2026-07-23 13:48:27 [info]: Mapped {/api/establishments, POST} (version: 1) route
2026-07-23 13:48:27 [info]: Mapped {/api/establishments/series, GET} (version: 1) route
2026-07-23 13:48:27 [info]: Mapped {/api/establishments/series, POST} (version: 1) route
2026-07-23 13:48:27 [info]: Facturación electrónica: Adaptador inicializado.
2026-07-23 13:48:27 [info]: Facturación electrónica: Adaptador inicializado.
2026-07-23 13:48:27 [info]: Nest application successfully started
2026-07-23 13:49:10 [error]: QueryFailedError: Duplicate entry 'F001-00000002' for key 'IDX_sales_invoice_number'
    at MysqlQueryRunner.query (/Users/macintosh/Documents/DEVPRO/Back/src/driver/mysql/MysqlQueryRunner.ts:291:19)
    at process.processTicksAndRejections (node:internal/process/task_queues:103:5)
    at async InsertQueryBuilder.execute (/Users/macintosh/Documents/DEVPRO/Back/src/query-builder/InsertQueryBuilder.ts:166:33)
    at async SubjectExecutor.executeInsertOperations (/Users/macintosh/Documents/DEVPRO/Back/src/persistence/SubjectExecutor.ts:435:42)
    at async SubjectExecutor.execute (/Users/macintosh/Documents/DEVPRO/Back/src/persistence/SubjectExecutor.ts:137:9)
    at async EntityPersistExecutor.execute (/Users/macintosh/Documents/DEVPRO/Back/src/persistence/EntityPersistExecutor.ts:190:21)
    at async <anonymous> (/Users/macintosh/Documents/DEVPRO/Back/src/domain/services/sale.service.ts:161:25)
    at async EntityManager.transaction (/Users/macintosh/Documents/DEVPRO/Back/src/entity-manager/EntityManager.ts:159:28)
    at async SaleService.create (/Users/macintosh/Documents/DEVPRO/Back/src/domain/services/sale.service.ts:71:20)
    at async /Users/macintosh/Documents/DEVPRO/Back/node_modules/@nestjs/core/router/router-execution-context.js:47:62
2026-07-23 13:49:25 [error]: QueryFailedError: Duplicate entry 'F001-00000002' for key 'IDX_sales_invoice_number'
    at MysqlQueryRunner.query (/Users/macintosh/Documents/DEVPRO/Back/src/driver/mysql/MysqlQueryRunner.ts:291:19)
    at process.processTicksAndRejections (node:internal/process/task_queues:103:5)
    at async InsertQueryBuilder.execute (/Users/macintosh/Documents/DEVPRO/Back/src/query-builder/InsertQueryBuilder.ts:166:33)
    at async SubjectExecutor.executeInsertOperations (/Users/macintosh/Documents/DEVPRO/Back/src/persistence/SubjectExecutor.ts:435:42)
    at async SubjectExecutor.execute (/Users/macintosh/Documents/DEVPRO/Back/src/persistence/SubjectExecutor.ts:137:9)
    at async EntityPersistExecutor.execute (/Users/macintosh/Documents/DEVPRO/Back/src/persistence/EntityPersistExecutor.ts:190:21)
    at async <anonymous> (/Users/macintosh/Documents/DEVPRO/Back/src/domain/services/sale.service.ts:161:25)
    at async EntityManager.transaction (/Users/macintosh/Documents/DEVPRO/Back/src/entity-manager/EntityManager.ts:159:28)
    at async SaleService.create (/Users/macintosh/Documents/DEVPRO/Back/src/domain/services/sale.service.ts:71:20)
    at async /Users/macintosh/Documents/DEVPRO/Back/node_modules/@nestjs/core/router/router-execution-context.js:47:62
2026-07-23 13:49:37 [error]: QueryFailedError: Duplicate entry 'F001-00000002' for key 'IDX_sales_invoice_number'
    at MysqlQueryRunner.query (/Users/macintosh/Documents/DEVPRO/Back/src/driver/mysql/MysqlQueryRunner.ts:291:19)
    at process.processTicksAndRejections (node:internal/process/task_queues:103:5)
    at async InsertQueryBuilder.execute (/Users/macintosh/Documents/DEVPRO/Back/src/query-builder/InsertQueryBuilder.ts:166:33)
    at async SubjectExecutor.executeInsertOperations (/Users/macintosh/Documents/DEVPRO/Back/src/persistence/SubjectExecutor.ts:435:42)
    at async SubjectExecutor.execute (/Users/macintosh/Documents/DEVPRO/Back/src/persistence/SubjectExecutor.ts:137:9)
    at async EntityPersistExecutor.execute (/Users/macintosh/Documents/DEVPRO/Back/src/persistence/EntityPersistExecutor.ts:190:21)
    at async <anonymous> (/Users/macintosh/Documents/DEVPRO/Back/src/domain/services/sale.service.ts:161:25)
    at async EntityManager.transaction (/Users/macintosh/Documents/DEVPRO/Back/src/entity-manager/EntityManager.ts:159:28)
    at async SaleService.create (/Users/macintosh/Documents/DEVPRO/Back/src/domain/services/sale.service.ts:71:20)
    at async /Users/macintosh/Documents/DEVPRO/Back/node_modules/@nestjs/core/router/router-execution-context.js:47:62
2026-07-23 13:49:39 [error]: QueryFailedError: Duplicate entry 'F001-00000002' for key 'IDX_sales_invoice_number'
    at MysqlQueryRunner.query (/Users/macintosh/Documents/DEVPRO/Back/src/driver/mysql/MysqlQueryRunner.ts:291:19)
    at process.processTicksAndRejections (node:internal/process/task_queues:103:5)
    at async InsertQueryBuilder.execute (/Users/macintosh/Documents/DEVPRO/Back/src/query-builder/InsertQueryBuilder.ts:166:33)
    at async SubjectExecutor.executeInsertOperations (/Users/macintosh/Documents/DEVPRO/Back/src/persistence/SubjectExecutor.ts:435:42)
    at async SubjectExecutor.execute (/Users/macintosh/Documents/DEVPRO/Back/src/persistence/SubjectExecutor.ts:137:9)
    at async EntityPersistExecutor.execute (/Users/macintosh/Documents/DEVPRO/Back/src/persistence/EntityPersistExecutor.ts:190:21)
    at async <anonymous> (/Users/macintosh/Documents/DEVPRO/Back/src/domain/services/sale.service.ts:161:25)
    at async EntityManager.transaction (/Users/macintosh/Documents/DEVPRO/Back/src/entity-manager/EntityManager.ts:159:28)
    at async SaleService.create (/Users/macintosh/Documents/DEVPRO/Back/src/domain/services/sale.service.ts:71:20)
    at async /Users/macintosh/Documents/DEVPRO/Back/node_modules/@nestjs/core/router/router-execution-context.js:47:62
2026-07-23 13:50:22 [error]: QueryFailedError: Duplicate entry 'F001-00000002' for key 'IDX_sales_invoice_number'
    at MysqlQueryRunner.query (/Users/macintosh/Documents/DEVPRO/Back/src/driver/mysql/MysqlQueryRunner.ts:291:19)
    at process.processTicksAndRejections (node:internal/process/task_queues:103:5)
    at async InsertQueryBuilder.execute (/Users/macintosh/Documents/DEVPRO/Back/src/query-builder/InsertQueryBuilder.ts:166:33)
    at async SubjectExecutor.executeInsertOperations (/Users/macintosh/Documents/DEVPRO/Back/src/persistence/SubjectExecutor.ts:435:42)
    at async SubjectExecutor.execute (/Users/macintosh/Documents/DEVPRO/Back/src/persistence/SubjectExecutor.ts:137:9)
    at async EntityPersistExecutor.execute (/Users/macintosh/Documents/DEVPRO/Back/src/persistence/EntityPersistExecutor.ts:190:21)
    at async <anonymous> (/Users/macintosh/Documents/DEVPRO/Back/src/domain/services/sale.service.ts:161:25)
    at async EntityManager.transaction (/Users/macintosh/Documents/DEVPRO/Back/src/entity-manager/EntityManager.ts:159:28)
    at async SaleService.create (/Users/macintosh/Documents/DEVPRO/Back/src/domain/services/sale.service.ts:71:20)
    at async /Users/macintosh/Documents/DEVPRO/Back/node_modules/@nestjs/core/router/router-execution-context.js:47:62
2026-07-23 13:50:25 [error]: QueryFailedError: Duplicate entry 'F001-00000002' for key 'IDX_sales_invoice_number'
    at MysqlQueryRunner.query (/Users/macintosh/Documents/DEVPRO/Back/src/driver/mysql/MysqlQueryRunner.ts:291:19)
    at process.processTicksAndRejections (node:internal/process/task_queues:103:5)
    at async InsertQueryBuilder.execute (/Users/macintosh/Documents/DEVPRO/Back/src/query-builder/InsertQueryBuilder.ts:166:33)
    at async SubjectExecutor.executeInsertOperations (/Users/macintosh/Documents/DEVPRO/Back/src/persistence/SubjectExecutor.ts:435:42)
    at async SubjectExecutor.execute (/Users/macintosh/Documents/DEVPRO/Back/src/persistence/SubjectExecutor.ts:137:9)
    at async EntityPersistExecutor.execute (/Users/macintosh/Documents/DEVPRO/Back/src/persistence/EntityPersistExecutor.ts:190:21)
    at async <anonymous> (/Users/macintosh/Documents/DEVPRO/Back/src/domain/services/sale.service.ts:161:25)
    at async EntityManager.transaction (/Users/macintosh/Documents/DEVPRO/Back/src/entity-manager/EntityManager.ts:159:28)
    at async SaleService.create (/Users/macintosh/Documents/DEVPRO/Back/src/domain/services/sale.service.ts:71:20)
    at async /Users/macintosh/Documents/DEVPRO/Back/node_modules/@nestjs/core/router/router-execution-context.js:47:62
2026-07-23 13:50:37 [error]: QueryFailedError: Duplicate entry 'F001-00000002' for key 'IDX_sales_invoice_number'
    at MysqlQueryRunner.query (/Users/macintosh/Documents/DEVPRO/Back/src/driver/mysql/MysqlQueryRunner.ts:291:19)
    at process.processTicksAndRejections (node:internal/process/task_queues:103:5)
    at async InsertQueryBuilder.execute (/Users/macintosh/Documents/DEVPRO/Back/src/query-builder/InsertQueryBuilder.ts:166:33)
    at async SubjectExecutor.executeInsertOperations (/Users/macintosh/Documents/DEVPRO/Back/src/persistence/SubjectExecutor.ts:435:42)
    at async SubjectExecutor.execute (/Users/macintosh/Documents/DEVPRO/Back/src/persistence/SubjectExecutor.ts:137:9)
    at async EntityPersistExecutor.execute (/Users/macintosh/Documents/DEVPRO/Back/src/persistence/EntityPersistExecutor.ts:190:21)
    at async <anonymous> (/Users/macintosh/Documents/DEVPRO/Back/src/domain/services/sale.service.ts:161:25)
    at async EntityManager.transaction (/Users/macintosh/Documents/DEVPRO/Back/src/entity-manager/EntityManager.ts:159:28)
    at async SaleService.create (/Users/macintosh/Documents/DEVPRO/Back/src/domain/services/sale.service.ts:71:20)
    at async /Users/macintosh/Documents/DEVPRO/Back/node_modules/@nestjs/core/router/router-execution-context.js:47:62
2026-07-23 13:50:57 [error]: QueryFailedError: Duplicate entry 'F001-00000002' for key 'IDX_sales_invoice_number'
    at MysqlQueryRunner.query (/Users/macintosh/Documents/DEVPRO/Back/src/driver/mysql/MysqlQueryRunner.ts:291:19)
    at process.processTicksAndRejections (node:internal/process/task_queues:103:5)
    at async InsertQueryBuilder.execute (/Users/macintosh/Documents/DEVPRO/Back/src/query-builder/InsertQueryBuilder.ts:166:33)
    at async SubjectExecutor.executeInsertOperations (/Users/macintosh/Documents/DEVPRO/Back/src/persistence/SubjectExecutor.ts:435:42)
    at async SubjectExecutor.execute (/Users/macintosh/Documents/DEVPRO/Back/src/persistence/SubjectExecutor.ts:137:9)
    at async EntityPersistExecutor.execute (/Users/macintosh/Documents/DEVPRO/Back/src/persistence/EntityPersistExecutor.ts:190:21)
    at async <anonymous> (/Users/macintosh/Documents/DEVPRO/Back/src/domain/services/sale.service.ts:161:25)
    at async EntityManager.transaction (/Users/macintosh/Documents/DEVPRO/Back/src/entity-manager/EntityManager.ts:159:28)
    at async SaleService.create (/Users/macintosh/Documents/DEVPRO/Back/src/domain/services/sale.service.ts:71:20)
    at async /Users/macintosh/Documents/DEVPRO/Back/node_modules/@nestjs/core/router/router-execution-context.js:47:62
2026-07-23 13:51:00 [error]: QueryFailedError: Duplicate entry 'F001-00000002' for key 'IDX_sales_invoice_number'
    at MysqlQueryRunner.query (/Users/macintosh/Documents/DEVPRO/Back/src/driver/mysql/MysqlQueryRunner.ts:291:19)
    at process.processTicksAndRejections (node:internal/process/task_queues:103:5)
    at async InsertQueryBuilder.execute (/Users/macintosh/Documents/DEVPRO/Back/src/query-builder/InsertQueryBuilder.ts:166:33)
    at async SubjectExecutor.executeInsertOperations (/Users/macintosh/Documents/DEVPRO/Back/src/persistence/SubjectExecutor.ts:435:42)
    at async SubjectExecutor.execute (/Users/macintosh/Documents/DEVPRO/Back/src/persistence/SubjectExecutor.ts:137:9)
    at async EntityPersistExecutor.execute (/Users/macintosh/Documents/DEVPRO/Back/src/persistence/EntityPersistExecutor.ts:190:21)
    at async <anonymous> (/Users/macintosh/Documents/DEVPRO/Back/src/domain/services/sale.service.ts:161:25)
    at async EntityManager.transaction (/Users/macintosh/Documents/DEVPRO/Back/src/entity-manager/EntityManager.ts:159:28)
    at async SaleService.create (/Users/macintosh/Documents/DEVPRO/Back/src/domain/services/sale.service.ts:71:20)
    at async /Users/macintosh/Documents/DEVPRO/Back/node_modules/@nestjs/core/router/router-execution-context.js:47:62
2026-07-23 13:51:24 [error]: QueryFailedError: Duplicate entry 'F001-00000002' for key 'IDX_sales_invoice_number'
    at MysqlQueryRunner.query (/Users/macintosh/Documents/DEVPRO/Back/src/driver/mysql/MysqlQueryRunner.ts:291:19)
    at process.processTicksAndRejections (node:internal/process/task_queues:103:5)
    at async InsertQueryBuilder.execute (/Users/macintosh/Documents/DEVPRO/Back/src/query-builder/InsertQueryBuilder.ts:166:33)
    at async SubjectExecutor.executeInsertOperations (/Users/macintosh/Documents/DEVPRO/Back/src/persistence/SubjectExecutor.ts:435:42)
    at async SubjectExecutor.execute (/Users/macintosh/Documents/DEVPRO/Back/src/persistence/SubjectExecutor.ts:137:9)
    at async EntityPersistExecutor.execute (/Users/macintosh/Documents/DEVPRO/Back/src/persistence/EntityPersistExecutor.ts:190:21)
    at async <anonymous> (/Users/macintosh/Documents/DEVPRO/Back/src/domain/services/sale.service.ts:161:25)
    at async EntityManager.transaction (/Users/macintosh/Documents/DEVPRO/Back/src/entity-manager/EntityManager.ts:159:28)
    at async SaleService.create (/Users/macintosh/Documents/DEVPRO/Back/src/domain/services/sale.service.ts:71:20)
    at async /Users/macintosh/Documents/DEVPRO/Back/node_modules/@nestjs/core/router/router-execution-context.js:47:62
2026-07-23 13:51:42 [info]: Starting Nest application...
2026-07-23 13:51:42 [info]: AppModule dependencies initialized
2026-07-23 13:51:42 [info]: TypeOrmModule dependencies initialized
2026-07-23 13:51:42 [info]: PassportModule dependencies initialized
2026-07-23 13:51:42 [info]: ConfigHostModule dependencies initialized
2026-07-23 13:51:42 [info]: WinstonModule dependencies initialized
2026-07-23 13:51:42 [info]: HealthModule dependencies initialized
2026-07-23 13:51:42 [info]: HttpModule dependencies initialized
2026-07-23 13:51:42 [info]: DiscoveryModule dependencies initialized
2026-07-23 13:51:42 [info]: ConfigModule dependencies initialized
2026-07-23 13:51:42 [info]: ConfigModule dependencies initialized
2026-07-23 13:51:42 [info]: EventEmitterModule dependencies initialized
2026-07-23 13:51:42 [info]: ScheduleModule dependencies initialized
2026-07-23 13:51:42 [info]: JwtModule dependencies initialized
2026-07-23 13:51:42 [info]: TypeOrmCoreModule dependencies initialized
2026-07-23 13:51:42 [info]: TypeOrmModule dependencies initialized
2026-07-23 13:51:42 [info]: TypeOrmModule dependencies initialized
2026-07-23 13:51:42 [info]: TypeOrmModule dependencies initialized
2026-07-23 13:51:42 [info]: TypeOrmModule dependencies initialized
2026-07-23 13:51:42 [info]: TypeOrmModule dependencies initialized
2026-07-23 13:51:42 [info]: TypeOrmModule dependencies initialized
2026-07-23 13:51:42 [info]: TypeOrmModule dependencies initialized
2026-07-23 13:51:42 [info]: TypeOrmModule dependencies initialized
2026-07-23 13:51:42 [info]: TypeOrmModule dependencies initialized
2026-07-23 13:51:42 [info]: TypeOrmModule dependencies initialized
2026-07-23 13:51:42 [info]: CategoryModule dependencies initialized
2026-07-23 13:51:42 [info]: SupplierModule dependencies initialized
2026-07-23 13:51:42 [info]: CustomerModule dependencies initialized
2026-07-23 13:51:42 [info]: AuthModule dependencies initialized
2026-07-23 13:51:42 [info]: EstablishmentsModule dependencies initialized
2026-07-23 13:51:42 [info]: UserModule dependencies initialized
2026-07-23 13:51:42 [info]: ProductModule dependencies initialized
2026-07-23 13:51:42 [info]: PurchaseOrderModule dependencies initialized
2026-07-23 13:51:42 [info]: CompanySettingsModule dependencies initialized
2026-07-23 13:51:42 [info]: SaleModule dependencies initialized
2026-07-23 13:51:42 [info]: AuthController {/api/auth} (version: 1):
2026-07-23 13:51:42 [info]: Mapped {/api/auth/login, POST} (version: 1) route
2026-07-23 13:51:42 [info]: Mapped {/api/auth/status, GET} (version: 1) route
2026-07-23 13:51:42 [info]: UserController {/api/users} (version: 1):
2026-07-23 13:51:42 [info]: Mapped {/api/users, GET} (version: 1) route
2026-07-23 13:51:42 [info]: Mapped {/api/users/:id, GET} (version: 1) route
2026-07-23 13:51:42 [info]: Mapped {/api/users, POST} (version: 1) route
2026-07-23 13:51:42 [info]: Mapped {/api/users/:id, PUT} (version: 1) route
2026-07-23 13:51:42 [info]: Mapped {/api/users/:id, DELETE} (version: 1) route
2026-07-23 13:51:42 [info]: HealthController {/api/health} (version: 1):
2026-07-23 13:51:42 [info]: Mapped {/api/health, GET} (version: 1) route
2026-07-23 13:51:42 [info]: CategoryController {/api/categories} (version: 1):
2026-07-23 13:51:42 [info]: Mapped {/api/categories, GET} (version: 1) route
2026-07-23 13:51:42 [info]: Mapped {/api/categories/:id, GET} (version: 1) route
2026-07-23 13:51:42 [info]: Mapped {/api/categories, POST} (version: 1) route
2026-07-23 13:51:42 [info]: Mapped {/api/categories/:id, PUT} (version: 1) route
2026-07-23 13:51:42 [info]: Mapped {/api/categories/:id, DELETE} (version: 1) route
2026-07-23 13:51:42 [info]: SupplierController {/api/suppliers} (version: 1):
2026-07-23 13:51:42 [info]: Mapped {/api/suppliers, GET} (version: 1) route
2026-07-23 13:51:42 [info]: Mapped {/api/suppliers/:id, GET} (version: 1) route
2026-07-23 13:51:42 [info]: Mapped {/api/suppliers, POST} (version: 1) route
2026-07-23 13:51:42 [info]: Mapped {/api/suppliers/:id, PUT} (version: 1) route
2026-07-23 13:51:42 [info]: Mapped {/api/suppliers/:id, DELETE} (version: 1) route
2026-07-23 13:51:42 [info]: ProductController {/api/products} (version: 1):
2026-07-23 13:51:42 [info]: Mapped {/api/products, GET} (version: 1) route
2026-07-23 13:51:42 [info]: Mapped {/api/products/low-stock, GET} (version: 1) route
2026-07-23 13:51:42 [info]: Mapped {/api/products/barcode/:barcode, GET} (version: 1) route
2026-07-23 13:51:42 [info]: Mapped {/api/products/:id, GET} (version: 1) route
2026-07-23 13:51:42 [info]: Mapped {/api/products, POST} (version: 1) route
2026-07-23 13:51:42 [info]: Mapped {/api/products/:id, PUT} (version: 1) route
2026-07-23 13:51:42 [info]: Mapped {/api/products/:id, DELETE} (version: 1) route
2026-07-23 13:51:42 [info]: Mapped {/api/products/:id/stock/add, PATCH} (version: 1) route
2026-07-23 13:51:42 [info]: Mapped {/api/products/:id/stock/subtract, PATCH} (version: 1) route
2026-07-23 13:51:42 [info]: CustomerController {/api/customers} (version: 1):
2026-07-23 13:51:42 [info]: Mapped {/api/customers, GET} (version: 1) route
2026-07-23 13:51:42 [info]: Mapped {/api/customers/lookup/:doc, GET} (version: 1) route
2026-07-23 13:51:42 [info]: Mapped {/api/customers/:id, GET} (version: 1) route
2026-07-23 13:51:42 [info]: Mapped {/api/customers, POST} (version: 1) route
2026-07-23 13:51:42 [info]: Mapped {/api/customers/:id, PUT} (version: 1) route
2026-07-23 13:51:42 [info]: Mapped {/api/customers/:id, DELETE} (version: 1) route
2026-07-23 13:51:42 [info]: SaleController {/api/sales} (version: 1):
2026-07-23 13:51:42 [info]: Mapped {/api/sales, GET} (version: 1) route
2026-07-23 13:51:42 [info]: Mapped {/api/sales/summary, GET} (version: 1) route
2026-07-23 13:51:42 [info]: Mapped {/api/sales/:id, GET} (version: 1) route
2026-07-23 13:51:42 [info]: Mapped {/api/sales, POST} (version: 1) route
2026-07-23 13:51:42 [info]: Mapped {/api/sales/:id/void, PATCH} (version: 1) route
2026-07-23 13:51:42 [info]: Mapped {/api/sales/credit-note, POST} (version: 1) route
2026-07-23 13:51:42 [info]: CompanySettingsController {/api/company-settings} (version: 1):
2026-07-23 13:51:42 [info]: Mapped {/api/company-settings, GET} (version: 1) route
2026-07-23 13:51:42 [info]: Mapped {/api/company-settings, PUT} (version: 1) route
2026-07-23 13:51:42 [info]: Mapped {/api/company-settings/logo, POST} (version: 1) route
2026-07-23 13:51:42 [info]: Mapped {/api/company-settings/register-sunat-api, POST} (version: 1) route
2026-07-23 13:51:42 [info]: PurchaseOrderController {/api/purchase-orders} (version: 1):
2026-07-23 13:51:42 [info]: Mapped {/api/purchase-orders, GET} (version: 1) route
2026-07-23 13:51:42 [info]: Mapped {/api/purchase-orders/:id, GET} (version: 1) route
2026-07-23 13:51:42 [info]: Mapped {/api/purchase-orders, POST} (version: 1) route
2026-07-23 13:51:42 [info]: Mapped {/api/purchase-orders/:id/receive, PATCH} (version: 1) route
2026-07-23 13:51:42 [info]: Mapped {/api/purchase-orders/:id/cancel, PATCH} (version: 1) route
2026-07-23 13:51:42 [info]: EstablishmentsController {/api/establishments} (version: 1):
2026-07-23 13:51:42 [info]: Mapped {/api/establishments, GET} (version: 1) route
2026-07-23 13:51:42 [info]: Mapped {/api/establishments, POST} (version: 1) route
2026-07-23 13:51:42 [info]: Mapped {/api/establishments/series, GET} (version: 1) route
2026-07-23 13:51:42 [info]: Mapped {/api/establishments/series, POST} (version: 1) route
2026-07-23 13:51:42 [info]: Facturación electrónica: Adaptador inicializado.
2026-07-23 13:51:42 [info]: Facturación electrónica: Adaptador inicializado.
2026-07-23 13:51:42 [info]: Nest application successfully started
2026-07-23 13:51:45 [error]: QueryFailedError: Duplicate entry 'F001-00000002' for key 'IDX_sales_invoice_number'
    at MysqlQueryRunner.query (/Users/macintosh/Documents/DEVPRO/Back/src/driver/mysql/MysqlQueryRunner.ts:291:19)
    at process.processTicksAndRejections (node:internal/process/task_queues:103:5)
    at async InsertQueryBuilder.execute (/Users/macintosh/Documents/DEVPRO/Back/src/query-builder/InsertQueryBuilder.ts:166:33)
    at async SubjectExecutor.executeInsertOperations (/Users/macintosh/Documents/DEVPRO/Back/src/persistence/SubjectExecutor.ts:435:42)
    at async SubjectExecutor.execute (/Users/macintosh/Documents/DEVPRO/Back/src/persistence/SubjectExecutor.ts:137:9)
    at async EntityPersistExecutor.execute (/Users/macintosh/Documents/DEVPRO/Back/src/persistence/EntityPersistExecutor.ts:190:21)
    at async <anonymous> (/Users/macintosh/Documents/DEVPRO/Back/src/domain/services/sale.service.ts:161:25)
    at async EntityManager.transaction (/Users/macintosh/Documents/DEVPRO/Back/src/entity-manager/EntityManager.ts:159:28)
    at async SaleService.create (/Users/macintosh/Documents/DEVPRO/Back/src/domain/services/sale.service.ts:71:20)
    at async /Users/macintosh/Documents/DEVPRO/Back/node_modules/@nestjs/core/router/router-execution-context.js:47:62
2026-07-23 13:52:03 [error]: QueryFailedError: Duplicate entry 'F001-00000002' for key 'IDX_sales_invoice_number'
    at MysqlQueryRunner.query (/Users/macintosh/Documents/DEVPRO/Back/src/driver/mysql/MysqlQueryRunner.ts:291:19)
    at process.processTicksAndRejections (node:internal/process/task_queues:103:5)
    at async InsertQueryBuilder.execute (/Users/macintosh/Documents/DEVPRO/Back/src/query-builder/InsertQueryBuilder.ts:166:33)
    at async SubjectExecutor.executeInsertOperations (/Users/macintosh/Documents/DEVPRO/Back/src/persistence/SubjectExecutor.ts:435:42)
    at async SubjectExecutor.execute (/Users/macintosh/Documents/DEVPRO/Back/src/persistence/SubjectExecutor.ts:137:9)
    at async EntityPersistExecutor.execute (/Users/macintosh/Documents/DEVPRO/Back/src/persistence/EntityPersistExecutor.ts:190:21)
    at async <anonymous> (/Users/macintosh/Documents/DEVPRO/Back/src/domain/services/sale.service.ts:161:25)
    at async EntityManager.transaction (/Users/macintosh/Documents/DEVPRO/Back/src/entity-manager/EntityManager.ts:159:28)
    at async SaleService.create (/Users/macintosh/Documents/DEVPRO/Back/src/domain/services/sale.service.ts:71:20)
    at async /Users/macintosh/Documents/DEVPRO/Back/node_modules/@nestjs/core/router/router-execution-context.js:47:62
2026-07-23 13:52:14 [warn]: Reintentando (1/3)...
2026-07-23 13:52:15 [warn]: Reintentando (2/3)...
2026-07-23 13:52:18 [error]: QueryFailedError: Duplicate entry 'F001-00000002' for key 'IDX_sales_invoice_number'
    at MysqlQueryRunner.query (/Users/macintosh/Documents/DEVPRO/Back/src/driver/mysql/MysqlQueryRunner.ts:291:19)
    at process.processTicksAndRejections (node:internal/process/task_queues:103:5)
    at async InsertQueryBuilder.execute (/Users/macintosh/Documents/DEVPRO/Back/src/query-builder/InsertQueryBuilder.ts:166:33)
    at async SubjectExecutor.executeInsertOperations (/Users/macintosh/Documents/DEVPRO/Back/src/persistence/SubjectExecutor.ts:435:42)
    at async SubjectExecutor.execute (/Users/macintosh/Documents/DEVPRO/Back/src/persistence/SubjectExecutor.ts:137:9)
    at async EntityPersistExecutor.execute (/Users/macintosh/Documents/DEVPRO/Back/src/persistence/EntityPersistExecutor.ts:190:21)
    at async <anonymous> (/Users/macintosh/Documents/DEVPRO/Back/src/domain/services/sale.service.ts:161:25)
    at async EntityManager.transaction (/Users/macintosh/Documents/DEVPRO/Back/src/entity-manager/EntityManager.ts:159:28)
    at async SaleService.create (/Users/macintosh/Documents/DEVPRO/Back/src/domain/services/sale.service.ts:71:20)
    at async /Users/macintosh/Documents/DEVPRO/Back/node_modules/@nestjs/core/router/router-execution-context.js:47:62
2026-07-23 13:53:17 [error]: QueryFailedError: Duplicate entry 'F001-00000002' for key 'IDX_sales_invoice_number'
    at MysqlQueryRunner.query (/Users/macintosh/Documents/DEVPRO/Back/src/driver/mysql/MysqlQueryRunner.ts:291:19)
    at process.processTicksAndRejections (node:internal/process/task_queues:103:5)
    at async InsertQueryBuilder.execute (/Users/macintosh/Documents/DEVPRO/Back/src/query-builder/InsertQueryBuilder.ts:166:33)
    at async SubjectExecutor.executeInsertOperations (/Users/macintosh/Documents/DEVPRO/Back/src/persistence/SubjectExecutor.ts:435:42)
    at async SubjectExecutor.execute (/Users/macintosh/Documents/DEVPRO/Back/src/persistence/SubjectExecutor.ts:137:9)
    at async EntityPersistExecutor.execute (/Users/macintosh/Documents/DEVPRO/Back/src/persistence/EntityPersistExecutor.ts:190:21)
    at async <anonymous> (/Users/macintosh/Documents/DEVPRO/Back/src/domain/services/sale.service.ts:161:25)
    at async EntityManager.transaction (/Users/macintosh/Documents/DEVPRO/Back/src/entity-manager/EntityManager.ts:159:28)
    at async SaleService.create (/Users/macintosh/Documents/DEVPRO/Back/src/domain/services/sale.service.ts:71:20)
    at async /Users/macintosh/Documents/DEVPRO/Back/node_modules/@nestjs/core/router/router-execution-context.js:47:62
2026-07-23 13:53:54 [error]: QueryFailedError: Duplicate entry 'F001-00000002' for key 'IDX_sales_invoice_number'
    at MysqlQueryRunner.query (/Users/macintosh/Documents/DEVPRO/Back/src/driver/mysql/MysqlQueryRunner.ts:291:19)
    at process.processTicksAndRejections (node:internal/process/task_queues:103:5)
    at async InsertQueryBuilder.execute (/Users/macintosh/Documents/DEVPRO/Back/src/query-builder/InsertQueryBuilder.ts:166:33)
    at async SubjectExecutor.executeInsertOperations (/Users/macintosh/Documents/DEVPRO/Back/src/persistence/SubjectExecutor.ts:435:42)
    at async SubjectExecutor.execute (/Users/macintosh/Documents/DEVPRO/Back/src/persistence/SubjectExecutor.ts:137:9)
    at async EntityPersistExecutor.execute (/Users/macintosh/Documents/DEVPRO/Back/src/persistence/EntityPersistExecutor.ts:190:21)
    at async <anonymous> (/Users/macintosh/Documents/DEVPRO/Back/src/domain/services/sale.service.ts:161:25)
    at async EntityManager.transaction (/Users/macintosh/Documents/DEVPRO/Back/src/entity-manager/EntityManager.ts:159:28)
    at async SaleService.create (/Users/macintosh/Documents/DEVPRO/Back/src/domain/services/sale.service.ts:71:20)
    at async /Users/macintosh/Documents/DEVPRO/Back/node_modules/@nestjs/core/router/router-execution-context.js:47:62
2026-07-23 13:54:19 [info]: Starting Nest application...
2026-07-23 13:54:19 [info]: AppModule dependencies initialized
2026-07-23 13:54:19 [info]: TypeOrmModule dependencies initialized
2026-07-23 13:54:19 [info]: PassportModule dependencies initialized
2026-07-23 13:54:19 [info]: ConfigHostModule dependencies initialized
2026-07-23 13:54:19 [info]: WinstonModule dependencies initialized
2026-07-23 13:54:19 [info]: HealthModule dependencies initialized
2026-07-23 13:54:19 [info]: HttpModule dependencies initialized
2026-07-23 13:54:19 [info]: DiscoveryModule dependencies initialized
2026-07-23 13:54:19 [info]: ConfigModule dependencies initialized
2026-07-23 13:54:19 [info]: ConfigModule dependencies initialized
2026-07-23 13:54:19 [info]: EventEmitterModule dependencies initialized
2026-07-23 13:54:19 [info]: ScheduleModule dependencies initialized
2026-07-23 13:54:19 [info]: JwtModule dependencies initialized
2026-07-23 13:54:19 [info]: TypeOrmCoreModule dependencies initialized
2026-07-23 13:54:19 [info]: TypeOrmModule dependencies initialized
2026-07-23 13:54:19 [info]: TypeOrmModule dependencies initialized
2026-07-23 13:54:19 [info]: TypeOrmModule dependencies initialized
2026-07-23 13:54:19 [info]: TypeOrmModule dependencies initialized
2026-07-23 13:54:19 [info]: TypeOrmModule dependencies initialized
2026-07-23 13:54:19 [info]: TypeOrmModule dependencies initialized
2026-07-23 13:54:19 [info]: TypeOrmModule dependencies initialized
2026-07-23 13:54:19 [info]: TypeOrmModule dependencies initialized
2026-07-23 13:54:19 [info]: TypeOrmModule dependencies initialized
2026-07-23 13:54:19 [info]: TypeOrmModule dependencies initialized
2026-07-23 13:54:19 [info]: CategoryModule dependencies initialized
2026-07-23 13:54:19 [info]: SupplierModule dependencies initialized
2026-07-23 13:54:19 [info]: CustomerModule dependencies initialized
2026-07-23 13:54:19 [info]: AuthModule dependencies initialized
2026-07-23 13:54:19 [info]: EstablishmentsModule dependencies initialized
2026-07-23 13:54:19 [info]: UserModule dependencies initialized
2026-07-23 13:54:19 [info]: ProductModule dependencies initialized
2026-07-23 13:54:19 [info]: PurchaseOrderModule dependencies initialized
2026-07-23 13:54:19 [info]: CompanySettingsModule dependencies initialized
2026-07-23 13:54:19 [info]: SaleModule dependencies initialized
2026-07-23 13:54:19 [info]: AuthController {/api/auth} (version: 1):
2026-07-23 13:54:19 [info]: Mapped {/api/auth/login, POST} (version: 1) route
2026-07-23 13:54:19 [info]: Mapped {/api/auth/status, GET} (version: 1) route
2026-07-23 13:54:19 [info]: UserController {/api/users} (version: 1):
2026-07-23 13:54:19 [info]: Mapped {/api/users, GET} (version: 1) route
2026-07-23 13:54:19 [info]: Mapped {/api/users/:id, GET} (version: 1) route
2026-07-23 13:54:19 [info]: Mapped {/api/users, POST} (version: 1) route
2026-07-23 13:54:19 [info]: Mapped {/api/users/:id, PUT} (version: 1) route
2026-07-23 13:54:19 [info]: Mapped {/api/users/:id, DELETE} (version: 1) route
2026-07-23 13:54:19 [info]: HealthController {/api/health} (version: 1):
2026-07-23 13:54:19 [info]: Mapped {/api/health, GET} (version: 1) route
2026-07-23 13:54:19 [info]: CategoryController {/api/categories} (version: 1):
2026-07-23 13:54:19 [info]: Mapped {/api/categories, GET} (version: 1) route
2026-07-23 13:54:19 [info]: Mapped {/api/categories/:id, GET} (version: 1) route
2026-07-23 13:54:19 [info]: Mapped {/api/categories, POST} (version: 1) route
2026-07-23 13:54:19 [info]: Mapped {/api/categories/:id, PUT} (version: 1) route
2026-07-23 13:54:19 [info]: Mapped {/api/categories/:id, DELETE} (version: 1) route
2026-07-23 13:54:19 [info]: SupplierController {/api/suppliers} (version: 1):
2026-07-23 13:54:19 [info]: Mapped {/api/suppliers, GET} (version: 1) route
2026-07-23 13:54:19 [info]: Mapped {/api/suppliers/:id, GET} (version: 1) route
2026-07-23 13:54:19 [info]: Mapped {/api/suppliers, POST} (version: 1) route
2026-07-23 13:54:19 [info]: Mapped {/api/suppliers/:id, PUT} (version: 1) route
2026-07-23 13:54:19 [info]: Mapped {/api/suppliers/:id, DELETE} (version: 1) route
2026-07-23 13:54:19 [info]: ProductController {/api/products} (version: 1):
2026-07-23 13:54:19 [info]: Mapped {/api/products, GET} (version: 1) route
2026-07-23 13:54:19 [info]: Mapped {/api/products/low-stock, GET} (version: 1) route
2026-07-23 13:54:19 [info]: Mapped {/api/products/barcode/:barcode, GET} (version: 1) route
2026-07-23 13:54:19 [info]: Mapped {/api/products/:id, GET} (version: 1) route
2026-07-23 13:54:19 [info]: Mapped {/api/products, POST} (version: 1) route
2026-07-23 13:54:19 [info]: Mapped {/api/products/:id, PUT} (version: 1) route
2026-07-23 13:54:19 [info]: Mapped {/api/products/:id, DELETE} (version: 1) route
2026-07-23 13:54:19 [info]: Mapped {/api/products/:id/stock/add, PATCH} (version: 1) route
2026-07-23 13:54:19 [info]: Mapped {/api/products/:id/stock/subtract, PATCH} (version: 1) route
2026-07-23 13:54:19 [info]: CustomerController {/api/customers} (version: 1):
2026-07-23 13:54:19 [info]: Mapped {/api/customers, GET} (version: 1) route
2026-07-23 13:54:19 [info]: Mapped {/api/customers/lookup/:doc, GET} (version: 1) route
2026-07-23 13:54:19 [info]: Mapped {/api/customers/:id, GET} (version: 1) route
2026-07-23 13:54:19 [info]: Mapped {/api/customers, POST} (version: 1) route
2026-07-23 13:54:19 [info]: Mapped {/api/customers/:id, PUT} (version: 1) route
2026-07-23 13:54:19 [info]: Mapped {/api/customers/:id, DELETE} (version: 1) route
2026-07-23 13:54:19 [info]: SaleController {/api/sales} (version: 1):
2026-07-23 13:54:19 [info]: Mapped {/api/sales, GET} (version: 1) route
2026-07-23 13:54:19 [info]: Mapped {/api/sales/summary, GET} (version: 1) route
2026-07-23 13:54:19 [info]: Mapped {/api/sales/:id, GET} (version: 1) route
2026-07-23 13:54:19 [info]: Mapped {/api/sales, POST} (version: 1) route
2026-07-23 13:54:19 [info]: Mapped {/api/sales/:id/void, PATCH} (version: 1) route
2026-07-23 13:54:19 [info]: Mapped {/api/sales/credit-note, POST} (version: 1) route
2026-07-23 13:54:19 [info]: CompanySettingsController {/api/company-settings} (version: 1):
2026-07-23 13:54:19 [info]: Mapped {/api/company-settings, GET} (version: 1) route
2026-07-23 13:54:19 [info]: Mapped {/api/company-settings, PUT} (version: 1) route
2026-07-23 13:54:19 [info]: Mapped {/api/company-settings/logo, POST} (version: 1) route
2026-07-23 13:54:19 [info]: Mapped {/api/company-settings/register-sunat-api, POST} (version: 1) route
2026-07-23 13:54:19 [info]: PurchaseOrderController {/api/purchase-orders} (version: 1):
2026-07-23 13:54:19 [info]: Mapped {/api/purchase-orders, GET} (version: 1) route
2026-07-23 13:54:19 [info]: Mapped {/api/purchase-orders/:id, GET} (version: 1) route
2026-07-23 13:54:19 [info]: Mapped {/api/purchase-orders, POST} (version: 1) route
2026-07-23 13:54:19 [info]: Mapped {/api/purchase-orders/:id/receive, PATCH} (version: 1) route
2026-07-23 13:54:19 [info]: Mapped {/api/purchase-orders/:id/cancel, PATCH} (version: 1) route
2026-07-23 13:54:19 [info]: EstablishmentsController {/api/establishments} (version: 1):
2026-07-23 13:54:19 [info]: Mapped {/api/establishments, GET} (version: 1) route
2026-07-23 13:54:19 [info]: Mapped {/api/establishments, POST} (version: 1) route
2026-07-23 13:54:19 [info]: Mapped {/api/establishments/series, GET} (version: 1) route
2026-07-23 13:54:19 [info]: Mapped {/api/establishments/series, POST} (version: 1) route
2026-07-23 13:54:19 [info]: Facturación electrónica: Adaptador inicializado.
2026-07-23 13:54:19 [info]: Facturación electrónica: Adaptador inicializado.
2026-07-23 13:54:19 [info]: Nest application successfully started
2026-07-23 13:54:26 [error]: QueryFailedError: Duplicate entry 'F001-00000002' for key 'IDX_sales_invoice_number'
    at MysqlQueryRunner.query (/Users/macintosh/Documents/DEVPRO/Back/src/driver/mysql/MysqlQueryRunner.ts:291:19)
    at process.processTicksAndRejections (node:internal/process/task_queues:103:5)
    at async InsertQueryBuilder.execute (/Users/macintosh/Documents/DEVPRO/Back/src/query-builder/InsertQueryBuilder.ts:166:33)
    at async SubjectExecutor.executeInsertOperations (/Users/macintosh/Documents/DEVPRO/Back/src/persistence/SubjectExecutor.ts:435:42)
    at async SubjectExecutor.execute (/Users/macintosh/Documents/DEVPRO/Back/src/persistence/SubjectExecutor.ts:137:9)
    at async EntityPersistExecutor.execute (/Users/macintosh/Documents/DEVPRO/Back/src/persistence/EntityPersistExecutor.ts:190:21)
    at async <anonymous> (/Users/macintosh/Documents/DEVPRO/Back/src/domain/services/sale.service.ts:161:25)
    at async EntityManager.transaction (/Users/macintosh/Documents/DEVPRO/Back/src/entity-manager/EntityManager.ts:159:28)
    at async SaleService.create (/Users/macintosh/Documents/DEVPRO/Back/src/domain/services/sale.service.ts:71:20)
    at async /Users/macintosh/Documents/DEVPRO/Back/node_modules/@nestjs/core/router/router-execution-context.js:47:62
2026-07-23 13:54:59 [error]: QueryFailedError: Duplicate entry 'F001-00000002' for key 'IDX_sales_invoice_number'
    at MysqlQueryRunner.query (/Users/macintosh/Documents/DEVPRO/Back/src/driver/mysql/MysqlQueryRunner.ts:291:19)
    at process.processTicksAndRejections (node:internal/process/task_queues:103:5)
    at async InsertQueryBuilder.execute (/Users/macintosh/Documents/DEVPRO/Back/src/query-builder/InsertQueryBuilder.ts:166:33)
    at async SubjectExecutor.executeInsertOperations (/Users/macintosh/Documents/DEVPRO/Back/src/persistence/SubjectExecutor.ts:435:42)
    at async SubjectExecutor.execute (/Users/macintosh/Documents/DEVPRO/Back/src/persistence/SubjectExecutor.ts:137:9)
    at async EntityPersistExecutor.execute (/Users/macintosh/Documents/DEVPRO/Back/src/persistence/EntityPersistExecutor.ts:190:21)
    at async <anonymous> (/Users/macintosh/Documents/DEVPRO/Back/src/domain/services/sale.service.ts:161:25)
    at async EntityManager.transaction (/Users/macintosh/Documents/DEVPRO/Back/src/entity-manager/EntityManager.ts:159:28)
    at async SaleService.create (/Users/macintosh/Documents/DEVPRO/Back/src/domain/services/sale.service.ts:71:20)
    at async /Users/macintosh/Documents/DEVPRO/Back/node_modules/@nestjs/core/router/router-execution-context.js:47:62
2026-07-23 13:55:21 [error]: QueryFailedError: Duplicate entry 'F001-00000002' for key 'IDX_sales_invoice_number'
    at MysqlQueryRunner.query (/Users/macintosh/Documents/DEVPRO/Back/src/driver/mysql/MysqlQueryRunner.ts:291:19)
    at process.processTicksAndRejections (node:internal/process/task_queues:103:5)
    at async InsertQueryBuilder.execute (/Users/macintosh/Documents/DEVPRO/Back/src/query-builder/InsertQueryBuilder.ts:166:33)
    at async SubjectExecutor.executeInsertOperations (/Users/macintosh/Documents/DEVPRO/Back/src/persistence/SubjectExecutor.ts:435:42)
    at async SubjectExecutor.execute (/Users/macintosh/Documents/DEVPRO/Back/src/persistence/SubjectExecutor.ts:137:9)
    at async EntityPersistExecutor.execute (/Users/macintosh/Documents/DEVPRO/Back/src/persistence/EntityPersistExecutor.ts:190:21)
    at async <anonymous> (/Users/macintosh/Documents/DEVPRO/Back/src/domain/services/sale.service.ts:161:25)
    at async EntityManager.transaction (/Users/macintosh/Documents/DEVPRO/Back/src/entity-manager/EntityManager.ts:159:28)
    at async SaleService.create (/Users/macintosh/Documents/DEVPRO/Back/src/domain/services/sale.service.ts:71:20)
    at async /Users/macintosh/Documents/DEVPRO/Back/node_modules/@nestjs/core/router/router-execution-context.js:47:62
2026-07-23 13:55:27 [error]: QueryFailedError: Duplicate entry 'F001-00000002' for key 'IDX_sales_invoice_number'
    at MysqlQueryRunner.query (/Users/macintosh/Documents/DEVPRO/Back/src/driver/mysql/MysqlQueryRunner.ts:291:19)
    at process.processTicksAndRejections (node:internal/process/task_queues:103:5)
    at async InsertQueryBuilder.execute (/Users/macintosh/Documents/DEVPRO/Back/src/query-builder/InsertQueryBuilder.ts:166:33)
    at async SubjectExecutor.executeInsertOperations (/Users/macintosh/Documents/DEVPRO/Back/src/persistence/SubjectExecutor.ts:435:42)
    at async SubjectExecutor.execute (/Users/macintosh/Documents/DEVPRO/Back/src/persistence/SubjectExecutor.ts:137:9)
    at async EntityPersistExecutor.execute (/Users/macintosh/Documents/DEVPRO/Back/src/persistence/EntityPersistExecutor.ts:190:21)
    at async <anonymous> (/Users/macintosh/Documents/DEVPRO/Back/src/domain/services/sale.service.ts:161:25)
    at async EntityManager.transaction (/Users/macintosh/Documents/DEVPRO/Back/src/entity-manager/EntityManager.ts:159:28)
    at async SaleService.create (/Users/macintosh/Documents/DEVPRO/Back/src/domain/services/sale.service.ts:71:20)
    at async /Users/macintosh/Documents/DEVPRO/Back/node_modules/@nestjs/core/router/router-execution-context.js:47:62
2026-07-23 13:55:36 [info]: Starting Nest application...
2026-07-23 13:55:36 [info]: AppModule dependencies initialized
2026-07-23 13:55:36 [info]: TypeOrmModule dependencies initialized
2026-07-23 13:55:36 [info]: PassportModule dependencies initialized
2026-07-23 13:55:36 [info]: ConfigHostModule dependencies initialized
2026-07-23 13:55:36 [info]: WinstonModule dependencies initialized
2026-07-23 13:55:36 [info]: HealthModule dependencies initialized
2026-07-23 13:55:36 [info]: HttpModule dependencies initialized
2026-07-23 13:55:36 [info]: DiscoveryModule dependencies initialized
2026-07-23 13:55:36 [info]: ConfigModule dependencies initialized
2026-07-23 13:55:36 [info]: ConfigModule dependencies initialized
2026-07-23 13:55:36 [info]: EventEmitterModule dependencies initialized
2026-07-23 13:55:36 [info]: ScheduleModule dependencies initialized
2026-07-23 13:55:36 [info]: JwtModule dependencies initialized
2026-07-23 13:55:36 [info]: TypeOrmCoreModule dependencies initialized
2026-07-23 13:55:36 [info]: TypeOrmModule dependencies initialized
2026-07-23 13:55:36 [info]: TypeOrmModule dependencies initialized
2026-07-23 13:55:36 [info]: TypeOrmModule dependencies initialized
2026-07-23 13:55:36 [info]: TypeOrmModule dependencies initialized
2026-07-23 13:55:36 [info]: TypeOrmModule dependencies initialized
2026-07-23 13:55:36 [info]: TypeOrmModule dependencies initialized
2026-07-23 13:55:36 [info]: TypeOrmModule dependencies initialized
2026-07-23 13:55:36 [info]: TypeOrmModule dependencies initialized
2026-07-23 13:55:36 [info]: TypeOrmModule dependencies initialized
2026-07-23 13:55:36 [info]: TypeOrmModule dependencies initialized
2026-07-23 13:55:36 [info]: CategoryModule dependencies initialized
2026-07-23 13:55:36 [info]: SupplierModule dependencies initialized
2026-07-23 13:55:36 [info]: CustomerModule dependencies initialized
2026-07-23 13:55:36 [info]: AuthModule dependencies initialized
2026-07-23 13:55:36 [info]: EstablishmentsModule dependencies initialized
2026-07-23 13:55:36 [info]: UserModule dependencies initialized
2026-07-23 13:55:36 [info]: ProductModule dependencies initialized
2026-07-23 13:55:36 [info]: PurchaseOrderModule dependencies initialized
2026-07-23 13:55:36 [info]: CompanySettingsModule dependencies initialized
2026-07-23 13:55:36 [info]: SaleModule dependencies initialized
2026-07-23 13:55:36 [info]: AuthController {/api/auth} (version: 1):
2026-07-23 13:55:36 [info]: Mapped {/api/auth/login, POST} (version: 1) route
2026-07-23 13:55:36 [info]: Mapped {/api/auth/status, GET} (version: 1) route
2026-07-23 13:55:36 [info]: UserController {/api/users} (version: 1):
2026-07-23 13:55:36 [info]: Mapped {/api/users, GET} (version: 1) route
2026-07-23 13:55:36 [info]: Mapped {/api/users/:id, GET} (version: 1) route
2026-07-23 13:55:36 [info]: Mapped {/api/users, POST} (version: 1) route
2026-07-23 13:55:36 [info]: Mapped {/api/users/:id, PUT} (version: 1) route
2026-07-23 13:55:36 [info]: Mapped {/api/users/:id, DELETE} (version: 1) route
2026-07-23 13:55:36 [info]: HealthController {/api/health} (version: 1):
2026-07-23 13:55:36 [info]: Mapped {/api/health, GET} (version: 1) route
2026-07-23 13:55:36 [info]: CategoryController {/api/categories} (version: 1):
2026-07-23 13:55:36 [info]: Mapped {/api/categories, GET} (version: 1) route
2026-07-23 13:55:36 [info]: Mapped {/api/categories/:id, GET} (version: 1) route
2026-07-23 13:55:36 [info]: Mapped {/api/categories, POST} (version: 1) route
2026-07-23 13:55:36 [info]: Mapped {/api/categories/:id, PUT} (version: 1) route
2026-07-23 13:55:36 [info]: Mapped {/api/categories/:id, DELETE} (version: 1) route
2026-07-23 13:55:36 [info]: SupplierController {/api/suppliers} (version: 1):
2026-07-23 13:55:36 [info]: Mapped {/api/suppliers, GET} (version: 1) route
2026-07-23 13:55:36 [info]: Mapped {/api/suppliers/:id, GET} (version: 1) route
2026-07-23 13:55:36 [info]: Mapped {/api/suppliers, POST} (version: 1) route
2026-07-23 13:55:36 [info]: Mapped {/api/suppliers/:id, PUT} (version: 1) route
2026-07-23 13:55:36 [info]: Mapped {/api/suppliers/:id, DELETE} (version: 1) route
2026-07-23 13:55:36 [info]: ProductController {/api/products} (version: 1):
2026-07-23 13:55:36 [info]: Mapped {/api/products, GET} (version: 1) route
2026-07-23 13:55:36 [info]: Mapped {/api/products/low-stock, GET} (version: 1) route
2026-07-23 13:55:36 [info]: Mapped {/api/products/barcode/:barcode, GET} (version: 1) route
2026-07-23 13:55:36 [info]: Mapped {/api/products/:id, GET} (version: 1) route
2026-07-23 13:55:36 [info]: Mapped {/api/products, POST} (version: 1) route
2026-07-23 13:55:36 [info]: Mapped {/api/products/:id, PUT} (version: 1) route
2026-07-23 13:55:36 [info]: Mapped {/api/products/:id, DELETE} (version: 1) route
2026-07-23 13:55:36 [info]: Mapped {/api/products/:id/stock/add, PATCH} (version: 1) route
2026-07-23 13:55:36 [info]: Mapped {/api/products/:id/stock/subtract, PATCH} (version: 1) route
2026-07-23 13:55:36 [info]: CustomerController {/api/customers} (version: 1):
2026-07-23 13:55:36 [info]: Mapped {/api/customers, GET} (version: 1) route
2026-07-23 13:55:36 [info]: Mapped {/api/customers/lookup/:doc, GET} (version: 1) route
2026-07-23 13:55:36 [info]: Mapped {/api/customers/:id, GET} (version: 1) route
2026-07-23 13:55:36 [info]: Mapped {/api/customers, POST} (version: 1) route
2026-07-23 13:55:36 [info]: Mapped {/api/customers/:id, PUT} (version: 1) route
2026-07-23 13:55:36 [info]: Mapped {/api/customers/:id, DELETE} (version: 1) route
2026-07-23 13:55:36 [info]: SaleController {/api/sales} (version: 1):
2026-07-23 13:55:36 [info]: Mapped {/api/sales, GET} (version: 1) route
2026-07-23 13:55:36 [info]: Mapped {/api/sales/summary, GET} (version: 1) route
2026-07-23 13:55:36 [info]: Mapped {/api/sales/:id, GET} (version: 1) route
2026-07-23 13:55:36 [info]: Mapped {/api/sales, POST} (version: 1) route
2026-07-23 13:55:36 [info]: Mapped {/api/sales/:id/void, PATCH} (version: 1) route
2026-07-23 13:55:36 [info]: Mapped {/api/sales/credit-note, POST} (version: 1) route
2026-07-23 13:55:36 [info]: CompanySettingsController {/api/company-settings} (version: 1):
2026-07-23 13:55:36 [info]: Mapped {/api/company-settings, GET} (version: 1) route
2026-07-23 13:55:36 [info]: Mapped {/api/company-settings, PUT} (version: 1) route
2026-07-23 13:55:36 [info]: Mapped {/api/company-settings/logo, POST} (version: 1) route
2026-07-23 13:55:36 [info]: Mapped {/api/company-settings/register-sunat-api, POST} (version: 1) route
2026-07-23 13:55:36 [info]: PurchaseOrderController {/api/purchase-orders} (version: 1):
2026-07-23 13:55:36 [info]: Mapped {/api/purchase-orders, GET} (version: 1) route
2026-07-23 13:55:36 [info]: Mapped {/api/purchase-orders/:id, GET} (version: 1) route
2026-07-23 13:55:36 [info]: Mapped {/api/purchase-orders, POST} (version: 1) route
2026-07-23 13:55:36 [info]: Mapped {/api/purchase-orders/:id/receive, PATCH} (version: 1) route
2026-07-23 13:55:36 [info]: Mapped {/api/purchase-orders/:id/cancel, PATCH} (version: 1) route
2026-07-23 13:55:36 [info]: EstablishmentsController {/api/establishments} (version: 1):
2026-07-23 13:55:36 [info]: Mapped {/api/establishments, GET} (version: 1) route
2026-07-23 13:55:36 [info]: Mapped {/api/establishments, POST} (version: 1) route
2026-07-23 13:55:36 [info]: Mapped {/api/establishments/series, GET} (version: 1) route
2026-07-23 13:55:36 [info]: Mapped {/api/establishments/series, POST} (version: 1) route
2026-07-23 13:55:37 [info]: Facturación electrónica: Adaptador inicializado.
2026-07-23 13:55:37 [info]: Facturación electrónica: Adaptador inicializado.
2026-07-23 13:55:37 [info]: Nest application successfully started
