2026-07-21 08:25:30 [info]: Starting Nest application...
2026-07-21 08:25:30 [info]: AppModule dependencies initialized
2026-07-21 08:25:30 [info]: TypeOrmModule dependencies initialized
2026-07-21 08:25:30 [info]: PassportModule dependencies initialized
2026-07-21 08:25:30 [info]: ConfigHostModule dependencies initialized
2026-07-21 08:25:30 [info]: WinstonModule dependencies initialized
2026-07-21 08:25:30 [info]: HealthModule dependencies initialized
2026-07-21 08:25:30 [info]: DiscoveryModule dependencies initialized
2026-07-21 08:25:30 [info]: ConfigModule dependencies initialized
2026-07-21 08:25:30 [info]: ConfigModule dependencies initialized
2026-07-21 08:25:30 [info]: EventEmitterModule dependencies initialized
2026-07-21 08:25:30 [info]: ScheduleModule dependencies initialized
2026-07-21 08:25:30 [info]: AuthModule dependencies initialized
2026-07-21 08:25:30 [info]: JwtModule dependencies initialized
2026-07-21 08:25:30 [error]: AggregateError [ECONNREFUSED]: 
    at internalConnectMultiple (node:net:1134:18)
    at afterConnectMultiple (node:net:1715:7)
2026-07-21 08:25:33 [error]: AggregateError [ECONNREFUSED]: 
    at internalConnectMultiple (node:net:1134:18)
    at afterConnectMultiple (node:net:1715:7)
2026-07-21 08:25:36 [error]: AggregateError [ECONNREFUSED]: 
    at internalConnectMultiple (node:net:1134:18)
    at afterConnectMultiple (node:net:1715:7)
2026-07-21 08:25:39 [error]: AggregateError [ECONNREFUSED]: 
    at internalConnectMultiple (node:net:1134:18)
    at afterConnectMultiple (node:net:1715:7)
2026-07-21 08:25:42 [error]: AggregateError [ECONNREFUSED]: 
    at internalConnectMultiple (node:net:1134:18)
    at afterConnectMultiple (node:net:1715:7)
2026-07-21 08:25:45 [error]: AggregateError [ECONNREFUSED]: 
    at internalConnectMultiple (node:net:1134:18)
    at afterConnectMultiple (node:net:1715:7)
2026-07-21 08:25:48 [error]: AggregateError [ECONNREFUSED]: 
    at internalConnectMultiple (node:net:1134:18)
    at afterConnectMultiple (node:net:1715:7)
2026-07-21 08:25:51 [error]: AggregateError [ECONNREFUSED]: 
    at internalConnectMultiple (node:net:1134:18)
    at afterConnectMultiple (node:net:1715:7)
2026-07-21 08:25:54 [error]: AggregateError [ECONNREFUSED]: 
    at internalConnectMultiple (node:net:1134:18)
    at afterConnectMultiple (node:net:1715:7)
2026-07-21 08:33:09 [info]: Starting Nest application...
2026-07-21 08:33:09 [info]: AppModule dependencies initialized
2026-07-21 08:33:09 [info]: TypeOrmModule dependencies initialized
2026-07-21 08:33:09 [info]: PassportModule dependencies initialized
2026-07-21 08:33:09 [info]: ConfigHostModule dependencies initialized
2026-07-21 08:33:09 [info]: WinstonModule dependencies initialized
2026-07-21 08:33:09 [info]: HealthModule dependencies initialized
2026-07-21 08:33:09 [info]: DiscoveryModule dependencies initialized
2026-07-21 08:33:09 [info]: ConfigModule dependencies initialized
2026-07-21 08:33:09 [info]: ConfigModule dependencies initialized
2026-07-21 08:33:09 [info]: EventEmitterModule dependencies initialized
2026-07-21 08:33:09 [info]: ScheduleModule dependencies initialized
2026-07-21 08:33:09 [info]: AuthModule dependencies initialized
2026-07-21 08:33:09 [info]: JwtModule dependencies initialized
2026-07-21 08:33:09 [error]: Error: connect ECONNREFUSED 161.132.54.116:3308
    at TCPConnectWrap.afterConnect [as oncomplete] (node:net:1637:16)
2026-07-21 08:33:12 [error]: Error: connect ECONNREFUSED 161.132.54.116:3308
    at TCPConnectWrap.afterConnect [as oncomplete] (node:net:1637:16)
2026-07-21 08:33:15 [error]: Error: connect ECONNREFUSED 161.132.54.116:3308
    at TCPConnectWrap.afterConnect [as oncomplete] (node:net:1637:16)
2026-07-21 08:33:18 [error]: Error: connect ECONNREFUSED 161.132.54.116:3308
    at TCPConnectWrap.afterConnect [as oncomplete] (node:net:1637:16)
2026-07-21 08:33:21 [error]: Error: connect ECONNREFUSED 161.132.54.116:3308
    at TCPConnectWrap.afterConnect [as oncomplete] (node:net:1637:16)
2026-07-21 08:33:24 [error]: Error: connect ECONNREFUSED 161.132.54.116:3308
    at TCPConnectWrap.afterConnect [as oncomplete] (node:net:1637:16)
2026-07-21 08:33:27 [error]: Error: connect ECONNREFUSED 161.132.54.116:3308
    at TCPConnectWrap.afterConnect [as oncomplete] (node:net:1637:16)
2026-07-21 08:33:30 [error]: Error: connect ECONNREFUSED 161.132.54.116:3308
    at TCPConnectWrap.afterConnect [as oncomplete] (node:net:1637:16)
2026-07-21 08:33:33 [error]: Error: connect ECONNREFUSED 161.132.54.116:3308
    at TCPConnectWrap.afterConnect [as oncomplete] (node:net:1637:16)
2026-07-21 08:33:36 [info]: Starting Nest application...
2026-07-21 08:33:36 [info]: AppModule dependencies initialized
2026-07-21 08:33:36 [info]: TypeOrmModule dependencies initialized
2026-07-21 08:33:36 [info]: PassportModule dependencies initialized
2026-07-21 08:33:36 [info]: ConfigHostModule dependencies initialized
2026-07-21 08:33:36 [info]: WinstonModule dependencies initialized
2026-07-21 08:33:36 [info]: HealthModule dependencies initialized
2026-07-21 08:33:36 [info]: DiscoveryModule dependencies initialized
2026-07-21 08:33:36 [info]: ConfigModule dependencies initialized
2026-07-21 08:33:36 [info]: ConfigModule dependencies initialized
2026-07-21 08:33:36 [info]: EventEmitterModule dependencies initialized
2026-07-21 08:33:36 [info]: ScheduleModule dependencies initialized
2026-07-21 08:33:36 [info]: AuthModule dependencies initialized
2026-07-21 08:33:36 [info]: JwtModule dependencies initialized
2026-07-21 08:33:36 [error]: Error: connect ECONNREFUSED 161.132.54.116:3308
    at TCPConnectWrap.afterConnect [as oncomplete] (node:net:1637:16)
2026-07-21 08:33:39 [error]: Error: connect ECONNREFUSED 161.132.54.116:3308
    at TCPConnectWrap.afterConnect [as oncomplete] (node:net:1637:16)
2026-07-21 08:33:42 [error]: Error: connect ECONNREFUSED 161.132.54.116:3308
    at TCPConnectWrap.afterConnect [as oncomplete] (node:net:1637:16)
2026-07-21 08:33:45 [error]: Error: connect ECONNREFUSED 161.132.54.116:3308
    at TCPConnectWrap.afterConnect [as oncomplete] (node:net:1637:16)
2026-07-21 08:33:48 [error]: Error: connect ECONNREFUSED 161.132.54.116:3308
    at TCPConnectWrap.afterConnect [as oncomplete] (node:net:1637:16)
2026-07-21 08:33:51 [error]: Error: connect ECONNREFUSED 161.132.54.116:3308
    at TCPConnectWrap.afterConnect [as oncomplete] (node:net:1637:16)
2026-07-21 08:33:54 [error]: Error: connect ECONNREFUSED 161.132.54.116:3308
    at TCPConnectWrap.afterConnect [as oncomplete] (node:net:1637:16)
2026-07-21 08:33:57 [error]: Error: connect ECONNREFUSED 161.132.54.116:3308
    at TCPConnectWrap.afterConnect [as oncomplete] (node:net:1637:16)
2026-07-21 08:34:00 [error]: Error: connect ECONNREFUSED 161.132.54.116:3308
    at TCPConnectWrap.afterConnect [as oncomplete] (node:net:1637:16)
2026-07-21 08:34:10 [info]: Starting Nest application...
2026-07-21 08:34:10 [info]: AppModule dependencies initialized
2026-07-21 08:34:10 [info]: TypeOrmModule dependencies initialized
2026-07-21 08:34:10 [info]: PassportModule dependencies initialized
2026-07-21 08:34:10 [info]: ConfigHostModule dependencies initialized
2026-07-21 08:34:10 [info]: WinstonModule dependencies initialized
2026-07-21 08:34:10 [info]: HealthModule dependencies initialized
2026-07-21 08:34:10 [info]: DiscoveryModule dependencies initialized
2026-07-21 08:34:10 [info]: ConfigModule dependencies initialized
2026-07-21 08:34:10 [info]: ConfigModule dependencies initialized
2026-07-21 08:34:10 [info]: EventEmitterModule dependencies initialized
2026-07-21 08:34:10 [info]: ScheduleModule dependencies initialized
2026-07-21 08:34:10 [info]: AuthModule dependencies initialized
2026-07-21 08:34:10 [info]: JwtModule dependencies initialized
2026-07-21 08:34:10 [error]: Error: connect ECONNREFUSED 161.132.54.116:3308
    at TCPConnectWrap.afterConnect [as oncomplete] (node:net:1637:16)
2026-07-21 08:34:13 [error]: Error: connect ECONNREFUSED 161.132.54.116:3308
    at TCPConnectWrap.afterConnect [as oncomplete] (node:net:1637:16)
2026-07-21 08:34:16 [error]: Error: connect ECONNREFUSED 161.132.54.116:3308
    at TCPConnectWrap.afterConnect [as oncomplete] (node:net:1637:16)
2026-07-21 08:34:19 [error]: Error: connect ECONNREFUSED 161.132.54.116:3308
    at TCPConnectWrap.afterConnect [as oncomplete] (node:net:1637:16)
2026-07-21 08:34:22 [error]: Error: connect ECONNREFUSED 161.132.54.116:3308
    at TCPConnectWrap.afterConnect [as oncomplete] (node:net:1637:16)
2026-07-21 08:34:25 [error]: Error: connect ECONNREFUSED 161.132.54.116:3308
    at TCPConnectWrap.afterConnect [as oncomplete] (node:net:1637:16)
2026-07-21 08:34:28 [error]: Error: connect ECONNREFUSED 161.132.54.116:3308
    at TCPConnectWrap.afterConnect [as oncomplete] (node:net:1637:16)
2026-07-21 08:34:31 [error]: Error: connect ECONNREFUSED 161.132.54.116:3308
    at TCPConnectWrap.afterConnect [as oncomplete] (node:net:1637:16)
2026-07-21 08:34:34 [error]: Error: connect ECONNREFUSED 161.132.54.116:3308
    at TCPConnectWrap.afterConnect [as oncomplete] (node:net:1637:16)
2026-07-21 08:47:12 [info]: Starting Nest application...
2026-07-21 08:47:12 [info]: AppModule dependencies initialized
2026-07-21 08:47:12 [info]: TypeOrmModule dependencies initialized
2026-07-21 08:47:12 [info]: PassportModule dependencies initialized
2026-07-21 08:47:12 [info]: ConfigHostModule dependencies initialized
2026-07-21 08:47:12 [info]: WinstonModule dependencies initialized
2026-07-21 08:47:12 [info]: HealthModule dependencies initialized
2026-07-21 08:47:12 [info]: DiscoveryModule dependencies initialized
2026-07-21 08:47:12 [info]: ConfigModule dependencies initialized
2026-07-21 08:47:12 [info]: ConfigModule dependencies initialized
2026-07-21 08:47:12 [info]: EventEmitterModule dependencies initialized
2026-07-21 08:47:12 [info]: ScheduleModule dependencies initialized
2026-07-21 08:47:12 [info]: AuthModule dependencies initialized
2026-07-21 08:47:12 [info]: JwtModule dependencies initialized
2026-07-21 08:47:12 [error]: Error: connect ECONNREFUSED 127.0.0.1:3306
    at TCPConnectWrap.afterConnect [as oncomplete] (node:net:1637:16)
2026-07-21 08:47:15 [error]: Error: connect ECONNREFUSED 127.0.0.1:3306
    at TCPConnectWrap.afterConnect [as oncomplete] (node:net:1637:16)
2026-07-21 08:47:18 [error]: Error: connect ECONNREFUSED 127.0.0.1:3306
    at TCPConnectWrap.afterConnect [as oncomplete] (node:net:1637:16)
2026-07-21 08:47:21 [error]: Error: connect ECONNREFUSED 127.0.0.1:3306
    at TCPConnectWrap.afterConnect [as oncomplete] (node:net:1637:16)
2026-07-21 08:47:24 [error]: Error: connect ECONNREFUSED 127.0.0.1:3306
    at TCPConnectWrap.afterConnect [as oncomplete] (node:net:1637:16)
2026-07-21 08:47:27 [error]: Error: connect ECONNREFUSED 127.0.0.1:3306
    at TCPConnectWrap.afterConnect [as oncomplete] (node:net:1637:16)
2026-07-21 08:47:30 [error]: Error: connect ECONNREFUSED 127.0.0.1:3306
    at TCPConnectWrap.afterConnect [as oncomplete] (node:net:1637:16)
2026-07-21 08:47:33 [error]: Error: connect ECONNREFUSED 127.0.0.1:3306
    at TCPConnectWrap.afterConnect [as oncomplete] (node:net:1637:16)
2026-07-21 08:47:36 [error]: Error: connect ECONNREFUSED 127.0.0.1:3306
    at TCPConnectWrap.afterConnect [as oncomplete] (node:net:1637:16)
2026-07-21 08:54:44 [info]: Starting Nest application...
2026-07-21 08:54:44 [info]: AppModule dependencies initialized
2026-07-21 08:54:44 [info]: TypeOrmModule dependencies initialized
2026-07-21 08:54:44 [info]: PassportModule dependencies initialized
2026-07-21 08:54:44 [info]: ConfigHostModule dependencies initialized
2026-07-21 08:54:44 [info]: WinstonModule dependencies initialized
2026-07-21 08:54:44 [info]: HealthModule dependencies initialized
2026-07-21 08:54:44 [info]: DiscoveryModule dependencies initialized
2026-07-21 08:54:44 [info]: ConfigModule dependencies initialized
2026-07-21 08:54:44 [info]: ConfigModule dependencies initialized
2026-07-21 08:54:44 [info]: EventEmitterModule dependencies initialized
2026-07-21 08:54:44 [info]: ScheduleModule dependencies initialized
2026-07-21 08:54:44 [info]: AuthModule dependencies initialized
2026-07-21 08:54:44 [info]: JwtModule dependencies initialized
2026-07-21 08:54:44 [info]: TypeOrmCoreModule dependencies initialized
2026-07-21 08:54:44 [info]: AuthController {/api/auth} (version: 1):
2026-07-21 08:54:44 [info]: Mapped {/api/auth/status, GET} (version: 1) route
2026-07-21 08:54:44 [info]: HealthController {/api/health} (version: 1):
2026-07-21 08:54:44 [info]: Mapped {/api/health, GET} (version: 1) route
2026-07-21 08:54:44 [info]: Nest application successfully started
2026-07-21 09:00:08 [info]: Starting Nest application...
2026-07-21 09:00:08 [info]: AppModule dependencies initialized
2026-07-21 09:00:08 [info]: TypeOrmModule dependencies initialized
2026-07-21 09:00:08 [info]: PassportModule dependencies initialized
2026-07-21 09:00:08 [info]: ConfigHostModule dependencies initialized
2026-07-21 09:00:08 [info]: WinstonModule dependencies initialized
2026-07-21 09:00:08 [info]: HealthModule dependencies initialized
2026-07-21 09:00:08 [info]: DiscoveryModule dependencies initialized
2026-07-21 09:00:08 [info]: ConfigModule dependencies initialized
2026-07-21 09:00:08 [info]: ConfigModule dependencies initialized
2026-07-21 09:00:08 [info]: EventEmitterModule dependencies initialized
2026-07-21 09:00:08 [info]: ScheduleModule dependencies initialized
2026-07-21 09:00:08 [info]: AuthModule dependencies initialized
2026-07-21 09:00:08 [info]: JwtModule dependencies initialized
2026-07-21 09:00:08 [info]: TypeOrmCoreModule dependencies initialized
2026-07-21 09:00:09 [info]: AuthController {/api/auth} (version: 1):
2026-07-21 09:00:09 [info]: Mapped {/api/auth/status, GET} (version: 1) route
2026-07-21 09:00:09 [info]: HealthController {/api/health} (version: 1):
2026-07-21 09:00:09 [info]: Mapped {/api/health, GET} (version: 1) route
2026-07-21 09:00:09 [info]: Nest application successfully started
2026-07-21 09:09:08 [info]: Starting Nest application...
2026-07-21 09:09:08 [info]: AppModule dependencies initialized
2026-07-21 09:09:08 [info]: TypeOrmModule dependencies initialized
2026-07-21 09:09:08 [info]: PassportModule dependencies initialized
2026-07-21 09:09:08 [info]: ConfigHostModule dependencies initialized
2026-07-21 09:09:08 [info]: WinstonModule dependencies initialized
2026-07-21 09:09:08 [info]: HealthModule dependencies initialized
2026-07-21 09:09:08 [info]: DiscoveryModule dependencies initialized
2026-07-21 09:09:08 [info]: ConfigModule dependencies initialized
2026-07-21 09:09:08 [info]: ConfigModule dependencies initialized
2026-07-21 09:09:08 [info]: EventEmitterModule dependencies initialized
2026-07-21 09:09:08 [info]: ScheduleModule dependencies initialized
2026-07-21 09:09:08 [info]: AuthModule dependencies initialized
2026-07-21 09:09:08 [info]: JwtModule dependencies initialized
2026-07-21 09:09:08 [error]: Error: connect ECONNREFUSED 127.0.0.1:3306
    at TCPConnectWrap.afterConnect [as oncomplete] (node:net:1637:16)
2026-07-21 09:09:11 [error]: Error: connect ECONNREFUSED 127.0.0.1:3306
    at TCPConnectWrap.afterConnect [as oncomplete] (node:net:1637:16)
2026-07-21 09:09:14 [error]: Error: connect ECONNREFUSED 127.0.0.1:3306
    at TCPConnectWrap.afterConnect [as oncomplete] (node:net:1637:16)
2026-07-21 09:09:17 [error]: Error: connect ECONNREFUSED 127.0.0.1:3306
    at TCPConnectWrap.afterConnect [as oncomplete] (node:net:1637:16)
2026-07-21 09:09:20 [error]: Error: connect ECONNREFUSED 127.0.0.1:3306
    at TCPConnectWrap.afterConnect [as oncomplete] (node:net:1637:16)
2026-07-21 09:09:23 [error]: Error: connect ECONNREFUSED 127.0.0.1:3306
    at TCPConnectWrap.afterConnect [as oncomplete] (node:net:1637:16)
2026-07-21 09:09:26 [error]: Error: connect ECONNREFUSED 127.0.0.1:3306
    at TCPConnectWrap.afterConnect [as oncomplete] (node:net:1637:16)
2026-07-21 09:09:29 [error]: Error: connect ECONNREFUSED 127.0.0.1:3306
    at TCPConnectWrap.afterConnect [as oncomplete] (node:net:1637:16)
2026-07-21 09:09:32 [error]: Error: connect ECONNREFUSED 127.0.0.1:3306
    at TCPConnectWrap.afterConnect [as oncomplete] (node:net:1637:16)
2026-07-21 09:16:35 [info]: Starting Nest application...
2026-07-21 09:16:35 [info]: AppModule dependencies initialized
2026-07-21 09:16:35 [info]: TypeOrmModule dependencies initialized
2026-07-21 09:16:35 [info]: PassportModule dependencies initialized
2026-07-21 09:16:35 [info]: ConfigHostModule dependencies initialized
2026-07-21 09:16:35 [info]: WinstonModule dependencies initialized
2026-07-21 09:16:35 [info]: HealthModule dependencies initialized
2026-07-21 09:16:35 [info]: DiscoveryModule dependencies initialized
2026-07-21 09:16:35 [info]: ConfigModule dependencies initialized
2026-07-21 09:16:35 [info]: ConfigModule dependencies initialized
2026-07-21 09:16:35 [info]: EventEmitterModule dependencies initialized
2026-07-21 09:16:35 [info]: ScheduleModule dependencies initialized
2026-07-21 09:16:35 [info]: AuthModule dependencies initialized
2026-07-21 09:16:35 [info]: JwtModule dependencies initialized
2026-07-21 09:16:35 [info]: TypeOrmCoreModule dependencies initialized
2026-07-21 09:16:35 [info]: AuthController {/api/auth} (version: 1):
2026-07-21 09:16:35 [info]: Mapped {/api/auth/status, GET} (version: 1) route
2026-07-21 09:16:35 [info]: HealthController {/api/health} (version: 1):
2026-07-21 09:16:35 [info]: Mapped {/api/health, GET} (version: 1) route
2026-07-21 09:16:35 [info]: Nest application successfully started
2026-07-21 09:34:02 [info]: Starting Nest application...
2026-07-21 09:34:02 [info]: AppModule dependencies initialized
2026-07-21 09:34:02 [info]: TypeOrmModule dependencies initialized
2026-07-21 09:34:02 [info]: PassportModule dependencies initialized
2026-07-21 09:34:02 [info]: ConfigHostModule dependencies initialized
2026-07-21 09:34:02 [info]: WinstonModule dependencies initialized
2026-07-21 09:34:02 [info]: HealthModule dependencies initialized
2026-07-21 09:34:02 [info]: DiscoveryModule dependencies initialized
2026-07-21 09:34:02 [info]: ConfigModule dependencies initialized
2026-07-21 09:34:02 [info]: ConfigModule dependencies initialized
2026-07-21 09:34:02 [info]: EventEmitterModule dependencies initialized
2026-07-21 09:34:02 [info]: ScheduleModule dependencies initialized
2026-07-21 09:34:02 [info]: AuthModule dependencies initialized
2026-07-21 09:34:02 [info]: JwtModule dependencies initialized
2026-07-21 09:34:02 [info]: TypeOrmCoreModule dependencies initialized
2026-07-21 09:34:02 [info]: AuthController {/api/auth} (version: 1):
2026-07-21 09:34:02 [info]: Mapped {/api/auth/status, GET} (version: 1) route
2026-07-21 09:34:02 [info]: HealthController {/api/health} (version: 1):
2026-07-21 09:34:02 [info]: Mapped {/api/health, GET} (version: 1) route
2026-07-21 09:34:02 [info]: Nest application successfully started
2026-07-21 09:34:08 [info]: Starting Nest application...
2026-07-21 09:34:08 [info]: AppModule dependencies initialized
2026-07-21 09:34:08 [info]: TypeOrmModule dependencies initialized
2026-07-21 09:34:08 [info]: PassportModule dependencies initialized
2026-07-21 09:34:08 [info]: ConfigHostModule dependencies initialized
2026-07-21 09:34:08 [info]: WinstonModule dependencies initialized
2026-07-21 09:34:08 [info]: HealthModule dependencies initialized
2026-07-21 09:34:08 [info]: DiscoveryModule dependencies initialized
2026-07-21 09:34:08 [info]: ConfigModule dependencies initialized
2026-07-21 09:34:08 [info]: ConfigModule dependencies initialized
2026-07-21 09:34:08 [info]: EventEmitterModule dependencies initialized
2026-07-21 09:34:08 [info]: ScheduleModule dependencies initialized
2026-07-21 09:34:08 [info]: AuthModule dependencies initialized
2026-07-21 09:34:08 [info]: JwtModule dependencies initialized
2026-07-21 09:34:08 [info]: TypeOrmCoreModule dependencies initialized
2026-07-21 09:34:08 [info]: AuthController {/api/auth} (version: 1):
2026-07-21 09:34:08 [info]: Mapped {/api/auth/status, GET} (version: 1) route
2026-07-21 09:34:08 [info]: HealthController {/api/health} (version: 1):
2026-07-21 09:34:08 [info]: Mapped {/api/health, GET} (version: 1) route
2026-07-21 09:34:08 [info]: Nest application successfully started
2026-07-21 09:34:22 [info]: Starting Nest application...
2026-07-21 09:34:22 [info]: AppModule dependencies initialized
2026-07-21 09:34:22 [info]: TypeOrmModule dependencies initialized
2026-07-21 09:34:22 [info]: PassportModule dependencies initialized
2026-07-21 09:34:22 [info]: ConfigHostModule dependencies initialized
2026-07-21 09:34:22 [info]: WinstonModule dependencies initialized
2026-07-21 09:34:22 [info]: HealthModule dependencies initialized
2026-07-21 09:34:22 [info]: DiscoveryModule dependencies initialized
2026-07-21 09:34:22 [info]: ConfigModule dependencies initialized
2026-07-21 09:34:22 [info]: ConfigModule dependencies initialized
2026-07-21 09:34:22 [info]: EventEmitterModule dependencies initialized
2026-07-21 09:34:22 [info]: ScheduleModule dependencies initialized
2026-07-21 09:34:22 [info]: AuthModule dependencies initialized
2026-07-21 09:34:22 [info]: JwtModule dependencies initialized
2026-07-21 09:34:22 [info]: TypeOrmCoreModule dependencies initialized
2026-07-21 09:34:22 [info]: AuthController {/api/auth} (version: 1):
2026-07-21 09:34:22 [info]: Mapped {/api/auth/status, GET} (version: 1) route
2026-07-21 09:34:22 [info]: HealthController {/api/health} (version: 1):
2026-07-21 09:34:22 [info]: Mapped {/api/health, GET} (version: 1) route
2026-07-21 09:34:22 [info]: Nest application successfully started
2026-07-21 09:34:32 [info]: Starting Nest application...
2026-07-21 09:34:32 [info]: AppModule dependencies initialized
2026-07-21 09:34:32 [info]: TypeOrmModule dependencies initialized
2026-07-21 09:34:32 [info]: PassportModule dependencies initialized
2026-07-21 09:34:32 [info]: ConfigHostModule dependencies initialized
2026-07-21 09:34:32 [info]: WinstonModule dependencies initialized
2026-07-21 09:34:32 [info]: HealthModule dependencies initialized
2026-07-21 09:34:32 [info]: DiscoveryModule dependencies initialized
2026-07-21 09:34:32 [info]: ConfigModule dependencies initialized
2026-07-21 09:34:32 [info]: ConfigModule dependencies initialized
2026-07-21 09:34:32 [info]: EventEmitterModule dependencies initialized
2026-07-21 09:34:32 [info]: ScheduleModule dependencies initialized
2026-07-21 09:34:32 [info]: AuthModule dependencies initialized
2026-07-21 09:34:32 [info]: JwtModule dependencies initialized
2026-07-21 09:34:32 [info]: TypeOrmCoreModule dependencies initialized
2026-07-21 09:34:33 [info]: AuthController {/api/auth} (version: 1):
2026-07-21 09:34:33 [info]: Mapped {/api/auth/status, GET} (version: 1) route
2026-07-21 09:34:33 [info]: HealthController {/api/health} (version: 1):
2026-07-21 09:34:33 [info]: Mapped {/api/health, GET} (version: 1) route
2026-07-21 09:34:33 [info]: Nest application successfully started
2026-07-21 09:34:40 [info]: Starting Nest application...
2026-07-21 09:34:40 [info]: AppModule dependencies initialized
2026-07-21 09:34:40 [info]: TypeOrmModule dependencies initialized
2026-07-21 09:34:40 [info]: PassportModule dependencies initialized
2026-07-21 09:34:40 [info]: ConfigHostModule dependencies initialized
2026-07-21 09:34:40 [info]: WinstonModule dependencies initialized
2026-07-21 09:34:40 [info]: HealthModule dependencies initialized
2026-07-21 09:34:40 [info]: DiscoveryModule dependencies initialized
2026-07-21 09:34:40 [info]: ConfigModule dependencies initialized
2026-07-21 09:34:40 [info]: ConfigModule dependencies initialized
2026-07-21 09:34:40 [info]: EventEmitterModule dependencies initialized
2026-07-21 09:34:40 [info]: ScheduleModule dependencies initialized
2026-07-21 09:34:40 [info]: AuthModule dependencies initialized
2026-07-21 09:34:40 [info]: JwtModule dependencies initialized
2026-07-21 09:34:40 [info]: TypeOrmCoreModule dependencies initialized
2026-07-21 09:34:41 [info]: AuthController {/api/auth} (version: 1):
2026-07-21 09:34:41 [info]: Mapped {/api/auth/status, GET} (version: 1) route
2026-07-21 09:34:41 [info]: HealthController {/api/health} (version: 1):
2026-07-21 09:34:41 [info]: Mapped {/api/health, GET} (version: 1) route
2026-07-21 09:34:41 [info]: Nest application successfully started
2026-07-21 09:35:06 [info]: Starting Nest application...
2026-07-21 09:35:06 [info]: AppModule dependencies initialized
2026-07-21 09:35:06 [info]: TypeOrmModule dependencies initialized
2026-07-21 09:35:06 [info]: PassportModule dependencies initialized
2026-07-21 09:35:06 [info]: ConfigHostModule dependencies initialized
2026-07-21 09:35:06 [info]: WinstonModule dependencies initialized
2026-07-21 09:35:06 [info]: HealthModule dependencies initialized
2026-07-21 09:35:06 [info]: DiscoveryModule dependencies initialized
2026-07-21 09:35:06 [info]: ConfigModule dependencies initialized
2026-07-21 09:35:06 [info]: ConfigModule dependencies initialized
2026-07-21 09:35:06 [info]: EventEmitterModule dependencies initialized
2026-07-21 09:35:06 [info]: ScheduleModule dependencies initialized
2026-07-21 09:35:06 [info]: AuthModule dependencies initialized
2026-07-21 09:35:06 [info]: JwtModule dependencies initialized
2026-07-21 09:35:07 [info]: TypeOrmCoreModule dependencies initialized
2026-07-21 09:35:07 [info]: AuthController {/api/auth} (version: 1):
2026-07-21 09:35:07 [info]: Mapped {/api/auth/status, GET} (version: 1) route
2026-07-21 09:35:07 [info]: HealthController {/api/health} (version: 1):
2026-07-21 09:35:07 [info]: Mapped {/api/health, GET} (version: 1) route
2026-07-21 09:35:07 [info]: Nest application successfully started
2026-07-21 09:35:28 [info]: Starting Nest application...
2026-07-21 09:35:28 [info]: AppModule dependencies initialized
2026-07-21 09:35:28 [info]: TypeOrmModule dependencies initialized
2026-07-21 09:35:28 [info]: PassportModule dependencies initialized
2026-07-21 09:35:28 [info]: ConfigHostModule dependencies initialized
2026-07-21 09:35:28 [info]: WinstonModule dependencies initialized
2026-07-21 09:35:28 [info]: HealthModule dependencies initialized
2026-07-21 09:35:28 [info]: DiscoveryModule dependencies initialized
2026-07-21 09:35:28 [info]: ConfigModule dependencies initialized
2026-07-21 09:35:28 [info]: ConfigModule dependencies initialized
2026-07-21 09:35:28 [info]: EventEmitterModule dependencies initialized
2026-07-21 09:35:28 [info]: ScheduleModule dependencies initialized
2026-07-21 09:35:28 [info]: AuthModule dependencies initialized
2026-07-21 09:35:28 [info]: JwtModule dependencies initialized
2026-07-21 09:35:28 [info]: TypeOrmCoreModule dependencies initialized
2026-07-21 09:35:28 [info]: AuthController {/api/auth} (version: 1):
2026-07-21 09:35:28 [info]: Mapped {/api/auth/status, GET} (version: 1) route
2026-07-21 09:35:28 [info]: HealthController {/api/health} (version: 1):
2026-07-21 09:35:28 [info]: Mapped {/api/health, GET} (version: 1) route
2026-07-21 09:35:28 [info]: Nest application successfully started
2026-07-21 09:36:15 [info]: Starting Nest application...
2026-07-21 09:36:15 [info]: AppModule dependencies initialized
2026-07-21 09:36:15 [info]: TypeOrmModule dependencies initialized
2026-07-21 09:36:15 [info]: PassportModule dependencies initialized
2026-07-21 09:36:15 [info]: ConfigHostModule dependencies initialized
2026-07-21 09:36:15 [info]: WinstonModule dependencies initialized
2026-07-21 09:36:15 [info]: HealthModule dependencies initialized
2026-07-21 09:36:15 [info]: DiscoveryModule dependencies initialized
2026-07-21 09:36:15 [info]: ConfigModule dependencies initialized
2026-07-21 09:36:15 [info]: ConfigModule dependencies initialized
2026-07-21 09:36:15 [info]: EventEmitterModule dependencies initialized
2026-07-21 09:36:15 [info]: ScheduleModule dependencies initialized
2026-07-21 09:36:15 [info]: AuthModule dependencies initialized
2026-07-21 09:36:15 [info]: JwtModule dependencies initialized
2026-07-21 09:36:15 [info]: TypeOrmCoreModule dependencies initialized
2026-07-21 09:36:15 [info]: AuthController {/api/auth} (version: 1):
2026-07-21 09:36:15 [info]: Mapped {/api/auth/status, GET} (version: 1) route
2026-07-21 09:36:15 [info]: HealthController {/api/health} (version: 1):
2026-07-21 09:36:15 [info]: Mapped {/api/health, GET} (version: 1) route
2026-07-21 09:36:15 [info]: Nest application successfully started
2026-07-21 09:36:24 [info]: Starting Nest application...
2026-07-21 09:36:24 [info]: AppModule dependencies initialized
2026-07-21 09:36:24 [info]: TypeOrmModule dependencies initialized
2026-07-21 09:36:24 [info]: PassportModule dependencies initialized
2026-07-21 09:36:24 [info]: ConfigHostModule dependencies initialized
2026-07-21 09:36:24 [info]: WinstonModule dependencies initialized
2026-07-21 09:36:24 [info]: HealthModule dependencies initialized
2026-07-21 09:36:24 [info]: DiscoveryModule dependencies initialized
2026-07-21 09:36:24 [info]: ConfigModule dependencies initialized
2026-07-21 09:36:24 [info]: ConfigModule dependencies initialized
2026-07-21 09:36:24 [info]: EventEmitterModule dependencies initialized
2026-07-21 09:36:24 [info]: ScheduleModule dependencies initialized
2026-07-21 09:36:24 [info]: AuthModule dependencies initialized
2026-07-21 09:36:24 [info]: JwtModule dependencies initialized
2026-07-21 09:36:24 [info]: TypeOrmCoreModule dependencies initialized
2026-07-21 09:36:24 [info]: AuthController {/api/auth} (version: 1):
2026-07-21 09:36:24 [info]: Mapped {/api/auth/status, GET} (version: 1) route
2026-07-21 09:36:24 [info]: HealthController {/api/health} (version: 1):
2026-07-21 09:36:24 [info]: Mapped {/api/health, GET} (version: 1) route
2026-07-21 09:36:24 [info]: Nest application successfully started
2026-07-21 09:36:41 [info]: Starting Nest application...
2026-07-21 09:36:41 [info]: AppModule dependencies initialized
2026-07-21 09:36:41 [info]: TypeOrmModule dependencies initialized
2026-07-21 09:36:41 [info]: PassportModule dependencies initialized
2026-07-21 09:36:41 [info]: ConfigHostModule dependencies initialized
2026-07-21 09:36:41 [info]: WinstonModule dependencies initialized
2026-07-21 09:36:41 [info]: HealthModule dependencies initialized
2026-07-21 09:36:41 [info]: DiscoveryModule dependencies initialized
2026-07-21 09:36:41 [info]: ConfigModule dependencies initialized
2026-07-21 09:36:41 [info]: ConfigModule dependencies initialized
2026-07-21 09:36:41 [info]: EventEmitterModule dependencies initialized
2026-07-21 09:36:41 [info]: ScheduleModule dependencies initialized
2026-07-21 09:36:41 [info]: AuthModule dependencies initialized
2026-07-21 09:36:41 [info]: JwtModule dependencies initialized
2026-07-21 09:36:42 [info]: TypeOrmCoreModule dependencies initialized
2026-07-21 09:36:42 [info]: AuthController {/api/auth} (version: 1):
2026-07-21 09:36:42 [info]: Mapped {/api/auth/status, GET} (version: 1) route
2026-07-21 09:36:42 [info]: HealthController {/api/health} (version: 1):
2026-07-21 09:36:42 [info]: Mapped {/api/health, GET} (version: 1) route
2026-07-21 09:36:42 [info]: Nest application successfully started
2026-07-21 09:36:52 [info]: Starting Nest application...
2026-07-21 09:36:52 [info]: AppModule dependencies initialized
2026-07-21 09:36:52 [info]: TypeOrmModule dependencies initialized
2026-07-21 09:36:52 [info]: PassportModule dependencies initialized
2026-07-21 09:36:52 [info]: ConfigHostModule dependencies initialized
2026-07-21 09:36:52 [info]: WinstonModule dependencies initialized
2026-07-21 09:36:52 [info]: HealthModule dependencies initialized
2026-07-21 09:36:52 [info]: DiscoveryModule dependencies initialized
2026-07-21 09:36:52 [info]: ConfigModule dependencies initialized
2026-07-21 09:36:52 [info]: ConfigModule dependencies initialized
2026-07-21 09:36:52 [info]: EventEmitterModule dependencies initialized
2026-07-21 09:36:52 [info]: ScheduleModule dependencies initialized
2026-07-21 09:36:52 [info]: AuthModule dependencies initialized
2026-07-21 09:36:52 [info]: JwtModule dependencies initialized
2026-07-21 09:36:52 [info]: TypeOrmCoreModule dependencies initialized
2026-07-21 09:36:52 [info]: AuthController {/api/auth} (version: 1):
2026-07-21 09:36:52 [info]: Mapped {/api/auth/status, GET} (version: 1) route
2026-07-21 09:36:52 [info]: HealthController {/api/health} (version: 1):
2026-07-21 09:36:52 [info]: Mapped {/api/health, GET} (version: 1) route
2026-07-21 09:36:52 [info]: Nest application successfully started
2026-07-21 09:38:12 [info]: Starting Nest application...
2026-07-21 09:38:12 [info]: AppModule dependencies initialized
2026-07-21 09:38:12 [info]: TypeOrmModule dependencies initialized
2026-07-21 09:38:12 [info]: PassportModule dependencies initialized
2026-07-21 09:38:12 [info]: ConfigHostModule dependencies initialized
2026-07-21 09:38:12 [info]: WinstonModule dependencies initialized
2026-07-21 09:38:12 [info]: HealthModule dependencies initialized
2026-07-21 09:38:12 [info]: DiscoveryModule dependencies initialized
2026-07-21 09:38:12 [info]: ConfigModule dependencies initialized
2026-07-21 09:38:12 [info]: ConfigModule dependencies initialized
2026-07-21 09:38:12 [info]: EventEmitterModule dependencies initialized
2026-07-21 09:38:12 [info]: ScheduleModule dependencies initialized
2026-07-21 09:38:12 [info]: AuthModule dependencies initialized
2026-07-21 09:38:12 [info]: JwtModule dependencies initialized
2026-07-21 09:38:12 [info]: TypeOrmCoreModule dependencies initialized
2026-07-21 09:38:12 [info]: AuthController {/api/auth} (version: 1):
2026-07-21 09:38:12 [info]: Mapped {/api/auth/status, GET} (version: 1) route
2026-07-21 09:38:12 [info]: HealthController {/api/health} (version: 1):
2026-07-21 09:38:12 [info]: Mapped {/api/health, GET} (version: 1) route
2026-07-21 09:38:12 [info]: Nest application successfully started
2026-07-21 09:38:24 [info]: Starting Nest application...
2026-07-21 09:38:24 [info]: AppModule dependencies initialized
2026-07-21 09:38:24 [info]: TypeOrmModule dependencies initialized
2026-07-21 09:38:24 [info]: PassportModule dependencies initialized
2026-07-21 09:38:24 [info]: ConfigHostModule dependencies initialized
2026-07-21 09:38:24 [info]: WinstonModule dependencies initialized
2026-07-21 09:38:24 [info]: HealthModule dependencies initialized
2026-07-21 09:38:24 [info]: DiscoveryModule dependencies initialized
2026-07-21 09:38:24 [info]: ConfigModule dependencies initialized
2026-07-21 09:38:24 [info]: ConfigModule dependencies initialized
2026-07-21 09:38:24 [info]: EventEmitterModule dependencies initialized
2026-07-21 09:38:24 [info]: ScheduleModule dependencies initialized
2026-07-21 09:38:24 [info]: AuthModule dependencies initialized
2026-07-21 09:38:24 [info]: JwtModule dependencies initialized
2026-07-21 09:38:24 [info]: TypeOrmCoreModule dependencies initialized
2026-07-21 09:38:24 [info]: AuthController {/api/auth} (version: 1):
2026-07-21 09:38:24 [info]: Mapped {/api/auth/status, GET} (version: 1) route
2026-07-21 09:38:24 [info]: HealthController {/api/health} (version: 1):
2026-07-21 09:38:24 [info]: Mapped {/api/health, GET} (version: 1) route
2026-07-21 09:38:24 [info]: Nest application successfully started
2026-07-21 09:38:36 [info]: Starting Nest application...
2026-07-21 09:38:36 [info]: AppModule dependencies initialized
2026-07-21 09:38:36 [info]: TypeOrmModule dependencies initialized
2026-07-21 09:38:36 [info]: PassportModule dependencies initialized
2026-07-21 09:38:36 [info]: ConfigHostModule dependencies initialized
2026-07-21 09:38:36 [info]: WinstonModule dependencies initialized
2026-07-21 09:38:36 [info]: HealthModule dependencies initialized
2026-07-21 09:38:36 [info]: DiscoveryModule dependencies initialized
2026-07-21 09:38:36 [info]: ConfigModule dependencies initialized
2026-07-21 09:38:36 [info]: ConfigModule dependencies initialized
2026-07-21 09:38:36 [info]: EventEmitterModule dependencies initialized
2026-07-21 09:38:36 [info]: ScheduleModule dependencies initialized
2026-07-21 09:38:36 [info]: AuthModule dependencies initialized
2026-07-21 09:38:36 [info]: JwtModule dependencies initialized
2026-07-21 09:38:36 [info]: TypeOrmCoreModule dependencies initialized
2026-07-21 09:38:37 [info]: AuthController {/api/auth} (version: 1):
2026-07-21 09:38:37 [info]: Mapped {/api/auth/status, GET} (version: 1) route
2026-07-21 09:38:37 [info]: HealthController {/api/health} (version: 1):
2026-07-21 09:38:37 [info]: Mapped {/api/health, GET} (version: 1) route
2026-07-21 09:38:37 [info]: Nest application successfully started
2026-07-21 09:56:04 [info]: Starting Nest application...
2026-07-21 09:56:04 [info]: Starting Nest application...
2026-07-21 09:56:04 [info]: AppModule dependencies initialized
2026-07-21 09:56:04 [info]: TypeOrmModule dependencies initialized
2026-07-21 09:56:04 [info]: PassportModule dependencies initialized
2026-07-21 09:56:04 [info]: ConfigHostModule dependencies initialized
2026-07-21 09:56:04 [info]: AppModule dependencies initialized
2026-07-21 09:56:04 [info]: WinstonModule dependencies initialized
2026-07-21 09:56:04 [info]: TypeOrmModule dependencies initialized
2026-07-21 09:56:04 [info]: HealthModule dependencies initialized
2026-07-21 09:56:04 [info]: PassportModule dependencies initialized
2026-07-21 09:56:04 [info]: DiscoveryModule dependencies initialized
2026-07-21 09:56:04 [info]: ConfigHostModule dependencies initialized
2026-07-21 09:56:04 [info]: ConfigModule dependencies initialized
2026-07-21 09:56:04 [info]: WinstonModule dependencies initialized
2026-07-21 09:56:04 [info]: ConfigModule dependencies initialized
2026-07-21 09:56:04 [info]: HealthModule dependencies initialized
2026-07-21 09:56:04 [info]: EventEmitterModule dependencies initialized
2026-07-21 09:56:04 [info]: DiscoveryModule dependencies initialized
2026-07-21 09:56:04 [info]: ScheduleModule dependencies initialized
2026-07-21 09:56:04 [info]: ConfigModule dependencies initialized
2026-07-21 09:56:04 [info]: AuthModule dependencies initialized
2026-07-21 09:56:04 [info]: ConfigModule dependencies initialized
2026-07-21 09:56:04 [info]: EventEmitterModule dependencies initialized
2026-07-21 09:56:04 [info]: JwtModule dependencies initialized
2026-07-21 09:56:04 [info]: ScheduleModule dependencies initialized
2026-07-21 09:56:04 [info]: AuthModule dependencies initialized
2026-07-21 09:56:04 [info]: JwtModule dependencies initialized
2026-07-21 09:56:04 [info]: TypeOrmCoreModule dependencies initialized
2026-07-21 09:56:04 [info]: TypeOrmModule dependencies initialized
2026-07-21 09:56:04 [info]: TypeOrmModule dependencies initialized
2026-07-21 09:56:04 [info]: TypeOrmModule dependencies initialized
2026-07-21 09:56:04 [info]: TypeOrmModule dependencies initialized
2026-07-21 09:56:04 [info]: TypeOrmModule dependencies initialized
2026-07-21 09:56:04 [info]: TypeOrmModule dependencies initialized
2026-07-21 09:56:04 [info]: CategoryModule dependencies initialized
2026-07-21 09:56:04 [info]: SupplierModule dependencies initialized
2026-07-21 09:56:04 [info]: CustomerModule dependencies initialized
2026-07-21 09:56:04 [info]: ProductModule dependencies initialized
2026-07-21 09:56:04 [info]: SaleModule dependencies initialized
2026-07-21 09:56:04 [info]: PurchaseOrderModule dependencies initialized
2026-07-21 09:56:04 [info]: AuthController {/api/auth} (version: 1):
2026-07-21 09:56:04 [info]: Mapped {/api/auth/status, GET} (version: 1) route
2026-07-21 09:56:04 [info]: HealthController {/api/health} (version: 1):
2026-07-21 09:56:04 [info]: Mapped {/api/health, GET} (version: 1) route
2026-07-21 09:56:04 [info]: CategoryController {/api/categories} (version: 1):
2026-07-21 09:56:04 [info]: Mapped {/api/categories, GET} (version: 1) route
2026-07-21 09:56:04 [info]: Mapped {/api/categories/:id, GET} (version: 1) route
2026-07-21 09:56:04 [info]: Mapped {/api/categories, POST} (version: 1) route
2026-07-21 09:56:04 [info]: Mapped {/api/categories/:id, PUT} (version: 1) route
2026-07-21 09:56:04 [info]: Mapped {/api/categories/:id, DELETE} (version: 1) route
2026-07-21 09:56:04 [info]: SupplierController {/api/suppliers} (version: 1):
2026-07-21 09:56:04 [info]: Mapped {/api/suppliers, GET} (version: 1) route
2026-07-21 09:56:04 [info]: Mapped {/api/suppliers/:id, GET} (version: 1) route
2026-07-21 09:56:04 [info]: Mapped {/api/suppliers, POST} (version: 1) route
2026-07-21 09:56:04 [info]: Mapped {/api/suppliers/:id, PUT} (version: 1) route
2026-07-21 09:56:04 [info]: Mapped {/api/suppliers/:id, DELETE} (version: 1) route
2026-07-21 09:56:04 [info]: ProductController {/api/products} (version: 1):
2026-07-21 09:56:04 [info]: Mapped {/api/products, GET} (version: 1) route
2026-07-21 09:56:04 [info]: Mapped {/api/products/low-stock, GET} (version: 1) route
2026-07-21 09:56:04 [info]: Mapped {/api/products/barcode/:barcode, GET} (version: 1) route
2026-07-21 09:56:04 [info]: Mapped {/api/products/:id, GET} (version: 1) route
2026-07-21 09:56:04 [info]: Mapped {/api/products, POST} (version: 1) route
2026-07-21 09:56:04 [info]: Mapped {/api/products/:id, PUT} (version: 1) route
2026-07-21 09:56:04 [info]: Mapped {/api/products/:id, DELETE} (version: 1) route
2026-07-21 09:56:04 [info]: Mapped {/api/products/:id/stock/add, PATCH} (version: 1) route
2026-07-21 09:56:04 [info]: Mapped {/api/products/:id/stock/subtract, PATCH} (version: 1) route
2026-07-21 09:56:04 [info]: CustomerController {/api/customers} (version: 1):
2026-07-21 09:56:04 [info]: Mapped {/api/customers, GET} (version: 1) route
2026-07-21 09:56:04 [info]: Mapped {/api/customers/:id, GET} (version: 1) route
2026-07-21 09:56:04 [info]: Mapped {/api/customers, POST} (version: 1) route
2026-07-21 09:56:04 [info]: Mapped {/api/customers/:id, PUT} (version: 1) route
2026-07-21 09:56:04 [info]: Mapped {/api/customers/:id, DELETE} (version: 1) route
2026-07-21 09:56:04 [info]: SaleController {/api/sales} (version: 1):
2026-07-21 09:56:04 [info]: Mapped {/api/sales, GET} (version: 1) route
2026-07-21 09:56:04 [info]: Mapped {/api/sales/summary, GET} (version: 1) route
2026-07-21 09:56:04 [info]: Mapped {/api/sales/:id, GET} (version: 1) route
2026-07-21 09:56:04 [info]: Mapped {/api/sales, POST} (version: 1) route
2026-07-21 09:56:04 [info]: Mapped {/api/sales/:id/void, PATCH} (version: 1) route
2026-07-21 09:56:04 [info]: PurchaseOrderController {/api/purchase-orders} (version: 1):
2026-07-21 09:56:04 [info]: Mapped {/api/purchase-orders, GET} (version: 1) route
2026-07-21 09:56:04 [info]: Mapped {/api/purchase-orders/:id, GET} (version: 1) route
2026-07-21 09:56:04 [info]: Mapped {/api/purchase-orders, POST} (version: 1) route
2026-07-21 09:56:04 [info]: Mapped {/api/purchase-orders/:id/receive, PATCH} (version: 1) route
2026-07-21 09:56:04 [info]: Mapped {/api/purchase-orders/:id/cancel, PATCH} (version: 1) route
2026-07-21 09:56:04 [info]: Nest application successfully started
2026-07-21 19:33:25 [info]: Starting Nest application...
2026-07-21 19:33:25 [info]: AppModule dependencies initialized
2026-07-21 19:33:25 [info]: Starting Nest application...
2026-07-21 19:33:25 [info]: AppModule dependencies initialized
2026-07-21 19:33:25 [info]: TypeOrmModule dependencies initialized
2026-07-21 19:33:25 [info]: PassportModule dependencies initialized
2026-07-21 19:33:25 [info]: ConfigHostModule dependencies initialized
2026-07-21 19:33:25 [info]: WinstonModule dependencies initialized
2026-07-21 19:33:25 [info]: HealthModule dependencies initialized
2026-07-21 19:33:25 [info]: DiscoveryModule dependencies initialized
2026-07-21 19:33:25 [info]: ConfigModule dependencies initialized
2026-07-21 19:33:25 [info]: ConfigModule dependencies initialized
2026-07-21 19:33:25 [info]: EventEmitterModule dependencies initialized
2026-07-21 19:33:25 [info]: TypeOrmModule dependencies initialized
2026-07-21 19:33:25 [info]: PassportModule dependencies initialized
2026-07-21 19:33:25 [info]: ConfigHostModule dependencies initialized
2026-07-21 19:33:25 [info]: WinstonModule dependencies initialized
2026-07-21 19:33:25 [info]: HealthModule dependencies initialized
2026-07-21 19:33:25 [info]: DiscoveryModule dependencies initialized
2026-07-21 19:33:25 [info]: ConfigModule dependencies initialized
2026-07-21 19:33:25 [info]: ConfigModule dependencies initialized
2026-07-21 19:33:25 [info]: EventEmitterModule dependencies initialized
2026-07-21 19:33:25 [info]: ScheduleModule dependencies initialized
2026-07-21 19:33:25 [info]: AuthModule dependencies initialized
2026-07-21 19:33:25 [info]: JwtModule dependencies initialized
2026-07-21 19:33:25 [info]: ScheduleModule dependencies initialized
2026-07-21 19:33:25 [info]: AuthModule dependencies initialized
2026-07-21 19:33:25 [info]: JwtModule dependencies initialized
2026-07-21 19:33:25 [info]: TypeOrmCoreModule dependencies initialized
2026-07-21 19:33:25 [info]: TypeOrmCoreModule dependencies initialized
2026-07-21 19:33:25 [info]: TypeOrmModule dependencies initialized
2026-07-21 19:33:25 [info]: TypeOrmModule dependencies initialized
2026-07-21 19:33:25 [info]: TypeOrmModule dependencies initialized
2026-07-21 19:33:25 [info]: TypeOrmModule dependencies initialized
2026-07-21 19:33:25 [info]: TypeOrmModule dependencies initialized
2026-07-21 19:33:25 [info]: TypeOrmModule dependencies initialized
2026-07-21 19:33:25 [info]: CategoryModule dependencies initialized
2026-07-21 19:33:25 [info]: SupplierModule dependencies initialized
2026-07-21 19:33:25 [info]: CustomerModule dependencies initialized
2026-07-21 19:33:25 [info]: ProductModule dependencies initialized
2026-07-21 19:33:25 [info]: SaleModule dependencies initialized
2026-07-21 19:33:25 [info]: PurchaseOrderModule dependencies initialized
2026-07-21 19:33:25 [info]: AuthController {/api/auth} (version: 1):
2026-07-21 19:33:25 [info]: Mapped {/api/auth/status, GET} (version: 1) route
2026-07-21 19:33:25 [info]: HealthController {/api/health} (version: 1):
2026-07-21 19:33:25 [info]: Mapped {/api/health, GET} (version: 1) route
2026-07-21 19:33:25 [info]: CategoryController {/api/categories} (version: 1):
2026-07-21 19:33:25 [info]: Mapped {/api/categories, GET} (version: 1) route
2026-07-21 19:33:25 [info]: Mapped {/api/categories/:id, GET} (version: 1) route
2026-07-21 19:33:25 [info]: Mapped {/api/categories, POST} (version: 1) route
2026-07-21 19:33:25 [info]: Mapped {/api/categories/:id, PUT} (version: 1) route
2026-07-21 19:33:25 [info]: Mapped {/api/categories/:id, DELETE} (version: 1) route
2026-07-21 19:33:25 [info]: SupplierController {/api/suppliers} (version: 1):
2026-07-21 19:33:25 [info]: Mapped {/api/suppliers, GET} (version: 1) route
2026-07-21 19:33:25 [info]: Mapped {/api/suppliers/:id, GET} (version: 1) route
2026-07-21 19:33:25 [info]: Mapped {/api/suppliers, POST} (version: 1) route
2026-07-21 19:33:25 [info]: Mapped {/api/suppliers/:id, PUT} (version: 1) route
2026-07-21 19:33:25 [info]: Mapped {/api/suppliers/:id, DELETE} (version: 1) route
2026-07-21 19:33:25 [info]: ProductController {/api/products} (version: 1):
2026-07-21 19:33:25 [info]: Mapped {/api/products, GET} (version: 1) route
2026-07-21 19:33:25 [info]: Mapped {/api/products/low-stock, GET} (version: 1) route
2026-07-21 19:33:25 [info]: Mapped {/api/products/barcode/:barcode, GET} (version: 1) route
2026-07-21 19:33:25 [info]: Mapped {/api/products/:id, GET} (version: 1) route
2026-07-21 19:33:25 [info]: Mapped {/api/products, POST} (version: 1) route
2026-07-21 19:33:25 [info]: Mapped {/api/products/:id, PUT} (version: 1) route
2026-07-21 19:33:25 [info]: Mapped {/api/products/:id, DELETE} (version: 1) route
2026-07-21 19:33:25 [info]: Mapped {/api/products/:id/stock/add, PATCH} (version: 1) route
2026-07-21 19:33:25 [info]: Mapped {/api/products/:id/stock/subtract, PATCH} (version: 1) route
2026-07-21 19:33:25 [info]: CustomerController {/api/customers} (version: 1):
2026-07-21 19:33:25 [info]: Mapped {/api/customers, GET} (version: 1) route
2026-07-21 19:33:25 [info]: Mapped {/api/customers/:id, GET} (version: 1) route
2026-07-21 19:33:25 [info]: Mapped {/api/customers, POST} (version: 1) route
2026-07-21 19:33:25 [info]: Mapped {/api/customers/:id, PUT} (version: 1) route
2026-07-21 19:33:25 [info]: Mapped {/api/customers/:id, DELETE} (version: 1) route
2026-07-21 19:33:25 [info]: SaleController {/api/sales} (version: 1):
2026-07-21 19:33:25 [info]: Mapped {/api/sales, GET} (version: 1) route
2026-07-21 19:33:25 [info]: Mapped {/api/sales/summary, GET} (version: 1) route
2026-07-21 19:33:25 [info]: Mapped {/api/sales/:id, GET} (version: 1) route
2026-07-21 19:33:25 [info]: Mapped {/api/sales, POST} (version: 1) route
2026-07-21 19:33:25 [info]: Mapped {/api/sales/:id/void, PATCH} (version: 1) route
2026-07-21 19:33:25 [info]: PurchaseOrderController {/api/purchase-orders} (version: 1):
2026-07-21 19:33:25 [info]: Mapped {/api/purchase-orders, GET} (version: 1) route
2026-07-21 19:33:25 [info]: Mapped {/api/purchase-orders/:id, GET} (version: 1) route
2026-07-21 19:33:25 [info]: Mapped {/api/purchase-orders, POST} (version: 1) route
2026-07-21 19:33:25 [info]: Mapped {/api/purchase-orders/:id/receive, PATCH} (version: 1) route
2026-07-21 19:33:25 [info]: Mapped {/api/purchase-orders/:id/cancel, PATCH} (version: 1) route
2026-07-21 19:33:25 [info]: Nest application successfully started
2026-07-21 19:35:45 [info]: Starting Nest application...
2026-07-21 19:35:45 [info]: Starting Nest application...
2026-07-21 19:35:45 [info]: AppModule dependencies initialized
2026-07-21 19:35:45 [info]: AppModule dependencies initialized
2026-07-21 19:35:45 [info]: TypeOrmModule dependencies initialized
2026-07-21 19:35:45 [info]: TypeOrmModule dependencies initialized
2026-07-21 19:35:45 [info]: PassportModule dependencies initialized
2026-07-21 19:35:45 [info]: ConfigHostModule dependencies initialized
2026-07-21 19:35:45 [info]: PassportModule dependencies initialized
2026-07-21 19:35:45 [info]: WinstonModule dependencies initialized
2026-07-21 19:35:45 [info]: ConfigHostModule dependencies initialized
2026-07-21 19:35:45 [info]: HealthModule dependencies initialized
2026-07-21 19:35:45 [info]: WinstonModule dependencies initialized
2026-07-21 19:35:45 [info]: DiscoveryModule dependencies initialized
2026-07-21 19:35:45 [info]: HealthModule dependencies initialized
2026-07-21 19:35:45 [info]: ConfigModule dependencies initialized
2026-07-21 19:35:45 [info]: ConfigModule dependencies initialized
2026-07-21 19:35:45 [info]: DiscoveryModule dependencies initialized
2026-07-21 19:35:45 [info]: ConfigModule dependencies initialized
2026-07-21 19:35:45 [info]: ConfigModule dependencies initialized
2026-07-21 19:35:45 [info]: EventEmitterModule dependencies initialized
2026-07-21 19:35:45 [info]: ScheduleModule dependencies initialized
2026-07-21 19:35:45 [info]: AuthModule dependencies initialized
2026-07-21 19:35:45 [info]: EventEmitterModule dependencies initialized
2026-07-21 19:35:45 [info]: ScheduleModule dependencies initialized
2026-07-21 19:35:45 [info]: AuthModule dependencies initialized
2026-07-21 19:35:45 [info]: JwtModule dependencies initialized
2026-07-21 19:35:45 [info]: TypeOrmCoreModule dependencies initialized
2026-07-21 19:35:45 [info]: TypeOrmModule dependencies initialized
2026-07-21 19:35:45 [info]: TypeOrmModule dependencies initialized
2026-07-21 19:35:45 [info]: TypeOrmModule dependencies initialized
2026-07-21 19:35:45 [info]: TypeOrmModule dependencies initialized
2026-07-21 19:35:45 [info]: TypeOrmModule dependencies initialized
2026-07-21 19:35:45 [info]: TypeOrmModule dependencies initialized
2026-07-21 19:35:45 [info]: CategoryModule dependencies initialized
2026-07-21 19:35:45 [info]: SupplierModule dependencies initialized
2026-07-21 19:35:45 [info]: CustomerModule dependencies initialized
2026-07-21 19:35:45 [info]: ProductModule dependencies initialized
2026-07-21 19:35:45 [info]: SaleModule dependencies initialized
2026-07-21 19:35:45 [info]: PurchaseOrderModule dependencies initialized
2026-07-21 19:35:45 [info]: AuthController {/api/auth} (version: 1):
2026-07-21 19:35:45 [info]: Mapped {/api/auth/status, GET} (version: 1) route
2026-07-21 19:35:45 [info]: HealthController {/api/health} (version: 1):
2026-07-21 19:35:45 [info]: Mapped {/api/health, GET} (version: 1) route
2026-07-21 19:35:45 [info]: CategoryController {/api/categories} (version: 1):
2026-07-21 19:35:45 [info]: Mapped {/api/categories, GET} (version: 1) route
2026-07-21 19:35:45 [info]: Mapped {/api/categories/:id, GET} (version: 1) route
2026-07-21 19:35:45 [info]: Mapped {/api/categories, POST} (version: 1) route
2026-07-21 19:35:45 [info]: Mapped {/api/categories/:id, PUT} (version: 1) route
2026-07-21 19:35:45 [info]: Mapped {/api/categories/:id, DELETE} (version: 1) route
2026-07-21 19:35:45 [info]: SupplierController {/api/suppliers} (version: 1):
2026-07-21 19:35:45 [info]: Mapped {/api/suppliers, GET} (version: 1) route
2026-07-21 19:35:45 [info]: Mapped {/api/suppliers/:id, GET} (version: 1) route
2026-07-21 19:35:45 [info]: Mapped {/api/suppliers, POST} (version: 1) route
2026-07-21 19:35:45 [info]: Mapped {/api/suppliers/:id, PUT} (version: 1) route
2026-07-21 19:35:45 [info]: Mapped {/api/suppliers/:id, DELETE} (version: 1) route
2026-07-21 19:35:45 [info]: ProductController {/api/products} (version: 1):
2026-07-21 19:35:45 [info]: Mapped {/api/products, GET} (version: 1) route
2026-07-21 19:35:45 [info]: Mapped {/api/products/low-stock, GET} (version: 1) route
2026-07-21 19:35:45 [info]: Mapped {/api/products/barcode/:barcode, GET} (version: 1) route
2026-07-21 19:35:45 [info]: Mapped {/api/products/:id, GET} (version: 1) route
2026-07-21 19:35:45 [info]: Mapped {/api/products, POST} (version: 1) route
2026-07-21 19:35:45 [info]: Mapped {/api/products/:id, PUT} (version: 1) route
2026-07-21 19:35:45 [info]: Mapped {/api/products/:id, DELETE} (version: 1) route
2026-07-21 19:35:45 [info]: Mapped {/api/products/:id/stock/add, PATCH} (version: 1) route
2026-07-21 19:35:45 [info]: Mapped {/api/products/:id/stock/subtract, PATCH} (version: 1) route
2026-07-21 19:35:45 [info]: CustomerController {/api/customers} (version: 1):
2026-07-21 19:35:45 [info]: Mapped {/api/customers, GET} (version: 1) route
2026-07-21 19:35:45 [info]: Mapped {/api/customers/:id, GET} (version: 1) route
2026-07-21 19:35:45 [info]: Mapped {/api/customers, POST} (version: 1) route
2026-07-21 19:35:45 [info]: Mapped {/api/customers/:id, PUT} (version: 1) route
2026-07-21 19:35:45 [info]: Mapped {/api/customers/:id, DELETE} (version: 1) route
2026-07-21 19:35:45 [info]: SaleController {/api/sales} (version: 1):
2026-07-21 19:35:45 [info]: Mapped {/api/sales, GET} (version: 1) route
2026-07-21 19:35:45 [info]: Mapped {/api/sales/summary, GET} (version: 1) route
2026-07-21 19:35:45 [info]: Mapped {/api/sales/:id, GET} (version: 1) route
2026-07-21 19:35:45 [info]: Mapped {/api/sales, POST} (version: 1) route
2026-07-21 19:35:45 [info]: Mapped {/api/sales/:id/void, PATCH} (version: 1) route
2026-07-21 19:35:45 [info]: PurchaseOrderController {/api/purchase-orders} (version: 1):
2026-07-21 19:35:45 [info]: Mapped {/api/purchase-orders, GET} (version: 1) route
2026-07-21 19:35:45 [info]: Mapped {/api/purchase-orders/:id, GET} (version: 1) route
2026-07-21 19:35:45 [info]: Mapped {/api/purchase-orders, POST} (version: 1) route
2026-07-21 19:35:45 [info]: Mapped {/api/purchase-orders/:id/receive, PATCH} (version: 1) route
2026-07-21 19:35:45 [info]: Mapped {/api/purchase-orders/:id/cancel, PATCH} (version: 1) route
2026-07-21 19:35:45 [info]: Nest application successfully started
2026-07-21 19:37:01 [info]: Starting Nest application...
2026-07-21 19:37:01 [info]: Starting Nest application...
2026-07-21 19:37:01 [info]: AppModule dependencies initialized
2026-07-21 19:37:01 [info]: AppModule dependencies initialized
2026-07-21 19:37:01 [info]: TypeOrmModule dependencies initialized
2026-07-21 19:37:01 [info]: TypeOrmModule dependencies initialized
2026-07-21 19:37:01 [info]: PassportModule dependencies initialized
2026-07-21 19:37:01 [info]: PassportModule dependencies initialized
2026-07-21 19:37:01 [info]: ConfigHostModule dependencies initialized
2026-07-21 19:37:01 [info]: ConfigHostModule dependencies initialized
2026-07-21 19:37:01 [info]: WinstonModule dependencies initialized
2026-07-21 19:37:01 [info]: WinstonModule dependencies initialized
2026-07-21 19:37:01 [info]: HealthModule dependencies initialized
2026-07-21 19:37:01 [info]: HealthModule dependencies initialized
2026-07-21 19:37:01 [info]: DiscoveryModule dependencies initialized
2026-07-21 19:37:01 [info]: DiscoveryModule dependencies initialized
2026-07-21 19:37:01 [info]: ConfigModule dependencies initialized
2026-07-21 19:37:01 [info]: ConfigModule dependencies initialized
2026-07-21 19:37:01 [info]: ConfigModule dependencies initialized
2026-07-21 19:37:01 [info]: ConfigModule dependencies initialized
2026-07-21 19:37:01 [info]: EventEmitterModule dependencies initialized
2026-07-21 19:37:01 [info]: EventEmitterModule dependencies initialized
2026-07-21 19:37:01 [info]: ScheduleModule dependencies initialized
2026-07-21 19:37:01 [info]: AuthModule dependencies initialized
2026-07-21 19:37:01 [info]: ScheduleModule dependencies initialized
2026-07-21 19:37:01 [info]: AuthModule dependencies initialized
2026-07-21 19:37:01 [info]: JwtModule dependencies initialized
2026-07-21 19:37:01 [info]: TypeOrmCoreModule dependencies initialized
2026-07-21 19:37:01 [info]: TypeOrmModule dependencies initialized
2026-07-21 19:37:01 [info]: TypeOrmModule dependencies initialized
2026-07-21 19:37:01 [info]: TypeOrmModule dependencies initialized
2026-07-21 19:37:01 [info]: TypeOrmModule dependencies initialized
2026-07-21 19:37:01 [info]: TypeOrmModule dependencies initialized
2026-07-21 19:37:01 [info]: TypeOrmModule dependencies initialized
2026-07-21 19:37:01 [info]: CategoryModule dependencies initialized
2026-07-21 19:37:01 [info]: SupplierModule dependencies initialized
2026-07-21 19:37:01 [info]: CustomerModule dependencies initialized
2026-07-21 19:37:01 [info]: ProductModule dependencies initialized
2026-07-21 19:37:01 [info]: SaleModule dependencies initialized
2026-07-21 19:37:01 [info]: PurchaseOrderModule dependencies initialized
2026-07-21 19:37:01 [info]: AuthController {/api/auth} (version: 1):
2026-07-21 19:37:01 [info]: Mapped {/api/auth/status, GET} (version: 1) route
2026-07-21 19:37:01 [info]: HealthController {/api/health} (version: 1):
2026-07-21 19:37:01 [info]: Mapped {/api/health, GET} (version: 1) route
2026-07-21 19:37:01 [info]: CategoryController {/api/categories} (version: 1):
2026-07-21 19:37:01 [info]: Mapped {/api/categories, GET} (version: 1) route
2026-07-21 19:37:01 [info]: Mapped {/api/categories/:id, GET} (version: 1) route
2026-07-21 19:37:01 [info]: Mapped {/api/categories, POST} (version: 1) route
2026-07-21 19:37:01 [info]: Mapped {/api/categories/:id, PUT} (version: 1) route
2026-07-21 19:37:01 [info]: Mapped {/api/categories/:id, DELETE} (version: 1) route
2026-07-21 19:37:01 [info]: SupplierController {/api/suppliers} (version: 1):
2026-07-21 19:37:01 [info]: Mapped {/api/suppliers, GET} (version: 1) route
2026-07-21 19:37:01 [info]: Mapped {/api/suppliers/:id, GET} (version: 1) route
2026-07-21 19:37:01 [info]: Mapped {/api/suppliers, POST} (version: 1) route
2026-07-21 19:37:01 [info]: Mapped {/api/suppliers/:id, PUT} (version: 1) route
2026-07-21 19:37:01 [info]: Mapped {/api/suppliers/:id, DELETE} (version: 1) route
2026-07-21 19:37:01 [info]: ProductController {/api/products} (version: 1):
2026-07-21 19:37:01 [info]: Mapped {/api/products, GET} (version: 1) route
2026-07-21 19:37:01 [info]: Mapped {/api/products/low-stock, GET} (version: 1) route
2026-07-21 19:37:01 [info]: Mapped {/api/products/barcode/:barcode, GET} (version: 1) route
2026-07-21 19:37:01 [info]: Mapped {/api/products/:id, GET} (version: 1) route
2026-07-21 19:37:01 [info]: Mapped {/api/products, POST} (version: 1) route
2026-07-21 19:37:01 [info]: Mapped {/api/products/:id, PUT} (version: 1) route
2026-07-21 19:37:01 [info]: Mapped {/api/products/:id, DELETE} (version: 1) route
2026-07-21 19:37:01 [info]: Mapped {/api/products/:id/stock/add, PATCH} (version: 1) route
2026-07-21 19:37:01 [info]: Mapped {/api/products/:id/stock/subtract, PATCH} (version: 1) route
2026-07-21 19:37:01 [info]: CustomerController {/api/customers} (version: 1):
2026-07-21 19:37:01 [info]: Mapped {/api/customers, GET} (version: 1) route
2026-07-21 19:37:01 [info]: Mapped {/api/customers/:id, GET} (version: 1) route
2026-07-21 19:37:01 [info]: Mapped {/api/customers, POST} (version: 1) route
2026-07-21 19:37:01 [info]: Mapped {/api/customers/:id, PUT} (version: 1) route
2026-07-21 19:37:01 [info]: Mapped {/api/customers/:id, DELETE} (version: 1) route
2026-07-21 19:37:01 [info]: SaleController {/api/sales} (version: 1):
2026-07-21 19:37:01 [info]: Mapped {/api/sales, GET} (version: 1) route
2026-07-21 19:37:01 [info]: Mapped {/api/sales/summary, GET} (version: 1) route
2026-07-21 19:37:01 [info]: Mapped {/api/sales/:id, GET} (version: 1) route
2026-07-21 19:37:01 [info]: Mapped {/api/sales, POST} (version: 1) route
2026-07-21 19:37:01 [info]: Mapped {/api/sales/:id/void, PATCH} (version: 1) route
2026-07-21 19:37:01 [info]: PurchaseOrderController {/api/purchase-orders} (version: 1):
2026-07-21 19:37:01 [info]: Mapped {/api/purchase-orders, GET} (version: 1) route
2026-07-21 19:37:01 [info]: Mapped {/api/purchase-orders/:id, GET} (version: 1) route
2026-07-21 19:37:01 [info]: Mapped {/api/purchase-orders, POST} (version: 1) route
2026-07-21 19:37:01 [info]: Mapped {/api/purchase-orders/:id/receive, PATCH} (version: 1) route
2026-07-21 19:37:01 [info]: Mapped {/api/purchase-orders/:id/cancel, PATCH} (version: 1) route
2026-07-21 19:37:01 [info]: Nest application successfully started
2026-07-21 19:45:31 [info]: Starting Nest application...
2026-07-21 19:45:31 [info]: AppModule dependencies initialized
2026-07-21 19:45:31 [info]: TypeOrmModule dependencies initialized
2026-07-21 19:45:31 [info]: PassportModule dependencies initialized
2026-07-21 19:45:31 [info]: ConfigHostModule dependencies initialized
2026-07-21 19:45:31 [info]: WinstonModule dependencies initialized
2026-07-21 19:45:31 [info]: HealthModule dependencies initialized
2026-07-21 19:45:31 [info]: DiscoveryModule dependencies initialized
2026-07-21 19:45:31 [info]: ConfigModule dependencies initialized
2026-07-21 19:45:31 [info]: ConfigModule dependencies initialized
2026-07-21 19:45:31 [info]: EventEmitterModule dependencies initialized
2026-07-21 19:45:31 [info]: ScheduleModule dependencies initialized
2026-07-21 19:45:31 [info]: AuthModule dependencies initialized
2026-07-21 19:53:32 [info]: Starting Nest application...
2026-07-21 19:53:32 [info]: AppModule dependencies initialized
2026-07-21 19:53:32 [info]: TypeOrmModule dependencies initialized
2026-07-21 19:53:32 [info]: PassportModule dependencies initialized
2026-07-21 19:53:32 [info]: ConfigHostModule dependencies initialized
2026-07-21 19:53:32 [info]: WinstonModule dependencies initialized
2026-07-21 19:53:32 [info]: HealthModule dependencies initialized
2026-07-21 19:53:32 [info]: DiscoveryModule dependencies initialized
2026-07-21 19:53:32 [info]: ConfigModule dependencies initialized
2026-07-21 19:53:32 [info]: ConfigModule dependencies initialized
2026-07-21 19:53:32 [info]: EventEmitterModule dependencies initialized
2026-07-21 19:53:32 [info]: ScheduleModule dependencies initialized
2026-07-21 19:53:32 [info]: AuthModule dependencies initialized
2026-07-21 20:21:57 [info]: Starting Nest application...
2026-07-21 20:21:57 [info]: Starting Nest application...
2026-07-21 20:21:57 [info]: AppModule dependencies initialized
2026-07-21 20:21:57 [info]: AppModule dependencies initialized
2026-07-21 20:21:57 [info]: TypeOrmModule dependencies initialized
2026-07-21 20:21:57 [info]: PassportModule dependencies initialized
2026-07-21 20:21:57 [info]: ConfigHostModule dependencies initialized
2026-07-21 20:21:57 [info]: TypeOrmModule dependencies initialized
2026-07-21 20:21:57 [info]: PassportModule dependencies initialized
2026-07-21 20:21:57 [info]: WinstonModule dependencies initialized
2026-07-21 20:21:57 [info]: ConfigHostModule dependencies initialized
2026-07-21 20:21:57 [info]: WinstonModule dependencies initialized
2026-07-21 20:21:57 [info]: HealthModule dependencies initialized
2026-07-21 20:21:57 [info]: HealthModule dependencies initialized
2026-07-21 20:21:57 [info]: DiscoveryModule dependencies initialized
2026-07-21 20:21:57 [info]: ConfigModule dependencies initialized
2026-07-21 20:21:57 [info]: ConfigModule dependencies initialized
2026-07-21 20:21:57 [info]: EventEmitterModule dependencies initialized
2026-07-21 20:21:57 [info]: ScheduleModule dependencies initialized
2026-07-21 20:21:57 [info]: DiscoveryModule dependencies initialized
2026-07-21 20:21:57 [info]: AuthModule dependencies initialized
2026-07-21 20:21:57 [info]: JwtModule dependencies initialized
2026-07-21 20:21:57 [info]: ConfigModule dependencies initialized
2026-07-21 20:21:57 [info]: ConfigModule dependencies initialized
2026-07-21 20:21:57 [info]: EventEmitterModule dependencies initialized
2026-07-21 20:21:57 [info]: ScheduleModule dependencies initialized
2026-07-21 20:21:57 [info]: AuthModule dependencies initialized
2026-07-21 20:21:57 [info]: JwtModule dependencies initialized
2026-07-21 20:21:57 [info]: TypeOrmCoreModule dependencies initialized
2026-07-21 20:21:57 [info]: TypeOrmCoreModule dependencies initialized
2026-07-21 20:21:57 [info]: TypeOrmModule dependencies initialized
2026-07-21 20:21:57 [info]: TypeOrmModule dependencies initialized
2026-07-21 20:21:57 [info]: TypeOrmModule dependencies initialized
2026-07-21 20:21:57 [info]: TypeOrmModule dependencies initialized
2026-07-21 20:21:57 [info]: TypeOrmModule dependencies initialized
2026-07-21 20:21:57 [info]: TypeOrmModule dependencies initialized
2026-07-21 20:21:57 [info]: CategoryModule dependencies initialized
2026-07-21 20:21:57 [info]: SupplierModule dependencies initialized
2026-07-21 20:21:57 [info]: CustomerModule dependencies initialized
2026-07-21 20:21:57 [info]: ProductModule dependencies initialized
2026-07-21 20:21:57 [info]: SaleModule dependencies initialized
2026-07-21 20:21:57 [info]: PurchaseOrderModule dependencies initialized
2026-07-21 20:21:57 [info]: AuthController {/api/auth} (version: 1):
2026-07-21 20:21:57 [info]: Mapped {/api/auth/status, GET} (version: 1) route
2026-07-21 20:21:57 [info]: HealthController {/api/health} (version: 1):
2026-07-21 20:21:57 [info]: Mapped {/api/health, GET} (version: 1) route
2026-07-21 20:21:57 [info]: CategoryController {/api/categories} (version: 1):
2026-07-21 20:21:57 [info]: Mapped {/api/categories, GET} (version: 1) route
2026-07-21 20:21:57 [info]: Mapped {/api/categories/:id, GET} (version: 1) route
2026-07-21 20:21:57 [info]: Mapped {/api/categories, POST} (version: 1) route
2026-07-21 20:21:57 [info]: Mapped {/api/categories/:id, PUT} (version: 1) route
2026-07-21 20:21:57 [info]: Mapped {/api/categories/:id, DELETE} (version: 1) route
2026-07-21 20:21:57 [info]: SupplierController {/api/suppliers} (version: 1):
2026-07-21 20:21:57 [info]: Mapped {/api/suppliers, GET} (version: 1) route
2026-07-21 20:21:57 [info]: Mapped {/api/suppliers/:id, GET} (version: 1) route
2026-07-21 20:21:57 [info]: Mapped {/api/suppliers, POST} (version: 1) route
2026-07-21 20:21:57 [info]: Mapped {/api/suppliers/:id, PUT} (version: 1) route
2026-07-21 20:21:57 [info]: Mapped {/api/suppliers/:id, DELETE} (version: 1) route
2026-07-21 20:21:57 [info]: ProductController {/api/products} (version: 1):
2026-07-21 20:21:57 [info]: Mapped {/api/products, GET} (version: 1) route
2026-07-21 20:21:57 [info]: Mapped {/api/products/low-stock, GET} (version: 1) route
2026-07-21 20:21:57 [info]: Mapped {/api/products/barcode/:barcode, GET} (version: 1) route
2026-07-21 20:21:57 [info]: Mapped {/api/products/:id, GET} (version: 1) route
2026-07-21 20:21:57 [info]: Mapped {/api/products, POST} (version: 1) route
2026-07-21 20:21:57 [info]: Mapped {/api/products/:id, PUT} (version: 1) route
2026-07-21 20:21:57 [info]: Mapped {/api/products/:id, DELETE} (version: 1) route
2026-07-21 20:21:57 [info]: Mapped {/api/products/:id/stock/add, PATCH} (version: 1) route
2026-07-21 20:21:57 [info]: Mapped {/api/products/:id/stock/subtract, PATCH} (version: 1) route
2026-07-21 20:21:57 [info]: CustomerController {/api/customers} (version: 1):
2026-07-21 20:21:57 [info]: Mapped {/api/customers, GET} (version: 1) route
2026-07-21 20:21:57 [info]: Mapped {/api/customers/:id, GET} (version: 1) route
2026-07-21 20:21:57 [info]: Mapped {/api/customers, POST} (version: 1) route
2026-07-21 20:21:57 [info]: Mapped {/api/customers/:id, PUT} (version: 1) route
2026-07-21 20:21:57 [info]: Mapped {/api/customers/:id, DELETE} (version: 1) route
2026-07-21 20:21:57 [info]: SaleController {/api/sales} (version: 1):
2026-07-21 20:21:57 [info]: Mapped {/api/sales, GET} (version: 1) route
2026-07-21 20:21:57 [info]: Mapped {/api/sales/summary, GET} (version: 1) route
2026-07-21 20:21:57 [info]: Mapped {/api/sales/:id, GET} (version: 1) route
2026-07-21 20:21:57 [info]: Mapped {/api/sales, POST} (version: 1) route
2026-07-21 20:21:57 [info]: Mapped {/api/sales/:id/void, PATCH} (version: 1) route
2026-07-21 20:21:57 [info]: PurchaseOrderController {/api/purchase-orders} (version: 1):
2026-07-21 20:21:57 [info]: Mapped {/api/purchase-orders, GET} (version: 1) route
2026-07-21 20:21:57 [info]: Mapped {/api/purchase-orders/:id, GET} (version: 1) route
2026-07-21 20:21:57 [info]: Mapped {/api/purchase-orders, POST} (version: 1) route
2026-07-21 20:21:57 [info]: Mapped {/api/purchase-orders/:id/receive, PATCH} (version: 1) route
2026-07-21 20:21:57 [info]: Mapped {/api/purchase-orders/:id/cancel, PATCH} (version: 1) route
2026-07-21 20:21:57 [info]: Nest application successfully started
2026-07-21 20:22:15 [info]: Starting Nest application...
2026-07-21 20:22:15 [info]: AppModule dependencies initialized
2026-07-21 20:22:15 [info]: TypeOrmModule dependencies initialized
2026-07-21 20:22:15 [info]: PassportModule dependencies initialized
2026-07-21 20:22:15 [info]: ConfigHostModule dependencies initialized
2026-07-21 20:22:15 [info]: WinstonModule dependencies initialized
2026-07-21 20:22:15 [info]: HealthModule dependencies initialized
2026-07-21 20:22:15 [info]: DiscoveryModule dependencies initialized
2026-07-21 20:22:15 [info]: ConfigModule dependencies initialized
2026-07-21 20:22:15 [info]: Starting Nest application...
2026-07-21 20:22:15 [info]: ConfigModule dependencies initialized
2026-07-21 20:22:15 [info]: EventEmitterModule dependencies initialized
2026-07-21 20:22:15 [info]: ScheduleModule dependencies initialized
2026-07-21 20:22:15 [info]: AppModule dependencies initialized
2026-07-21 20:22:15 [info]: AuthModule dependencies initialized
2026-07-21 20:22:15 [info]: TypeOrmModule dependencies initialized
2026-07-21 20:22:15 [info]: JwtModule dependencies initialized
2026-07-21 20:22:15 [info]: PassportModule dependencies initialized
2026-07-21 20:22:15 [info]: ConfigHostModule dependencies initialized
2026-07-21 20:22:15 [info]: WinstonModule dependencies initialized
2026-07-21 20:22:15 [info]: HealthModule dependencies initialized
2026-07-21 20:22:15 [info]: DiscoveryModule dependencies initialized
2026-07-21 20:22:15 [info]: ConfigModule dependencies initialized
2026-07-21 20:22:15 [info]: ConfigModule dependencies initialized
2026-07-21 20:22:15 [info]: EventEmitterModule dependencies initialized
2026-07-21 20:22:15 [info]: ScheduleModule dependencies initialized
2026-07-21 20:22:15 [info]: AuthModule dependencies initialized
2026-07-21 20:22:15 [info]: TypeOrmCoreModule dependencies initialized
2026-07-21 20:22:15 [info]: JwtModule dependencies initialized
2026-07-21 20:22:15 [info]: TypeOrmCoreModule dependencies initialized
2026-07-21 20:22:15 [info]: TypeOrmModule dependencies initialized
2026-07-21 20:22:15 [info]: TypeOrmModule dependencies initialized
2026-07-21 20:22:15 [info]: TypeOrmModule dependencies initialized
2026-07-21 20:22:15 [info]: TypeOrmModule dependencies initialized
2026-07-21 20:22:15 [info]: TypeOrmModule dependencies initialized
2026-07-21 20:22:15 [info]: TypeOrmModule dependencies initialized
2026-07-21 20:22:15 [info]: CategoryModule dependencies initialized
2026-07-21 20:22:15 [info]: SupplierModule dependencies initialized
2026-07-21 20:22:15 [info]: CustomerModule dependencies initialized
2026-07-21 20:22:15 [info]: ProductModule dependencies initialized
2026-07-21 20:22:15 [info]: SaleModule dependencies initialized
2026-07-21 20:22:15 [info]: PurchaseOrderModule dependencies initialized
2026-07-21 20:22:15 [info]: AuthController {/api/auth} (version: 1):
2026-07-21 20:22:15 [info]: Mapped {/api/auth/status, GET} (version: 1) route
2026-07-21 20:22:15 [info]: HealthController {/api/health} (version: 1):
2026-07-21 20:22:15 [info]: Mapped {/api/health, GET} (version: 1) route
2026-07-21 20:22:15 [info]: CategoryController {/api/categories} (version: 1):
2026-07-21 20:22:15 [info]: Mapped {/api/categories, GET} (version: 1) route
2026-07-21 20:22:15 [info]: Mapped {/api/categories/:id, GET} (version: 1) route
2026-07-21 20:22:15 [info]: Mapped {/api/categories, POST} (version: 1) route
2026-07-21 20:22:15 [info]: Mapped {/api/categories/:id, PUT} (version: 1) route
2026-07-21 20:22:15 [info]: Mapped {/api/categories/:id, DELETE} (version: 1) route
2026-07-21 20:22:15 [info]: SupplierController {/api/suppliers} (version: 1):
2026-07-21 20:22:15 [info]: Mapped {/api/suppliers, GET} (version: 1) route
2026-07-21 20:22:15 [info]: Mapped {/api/suppliers/:id, GET} (version: 1) route
2026-07-21 20:22:15 [info]: Mapped {/api/suppliers, POST} (version: 1) route
2026-07-21 20:22:15 [info]: Mapped {/api/suppliers/:id, PUT} (version: 1) route
2026-07-21 20:22:15 [info]: Mapped {/api/suppliers/:id, DELETE} (version: 1) route
2026-07-21 20:22:15 [info]: ProductController {/api/products} (version: 1):
2026-07-21 20:22:15 [info]: Mapped {/api/products, GET} (version: 1) route
2026-07-21 20:22:15 [info]: Mapped {/api/products/low-stock, GET} (version: 1) route
2026-07-21 20:22:15 [info]: Mapped {/api/products/barcode/:barcode, GET} (version: 1) route
2026-07-21 20:22:15 [info]: Mapped {/api/products/:id, GET} (version: 1) route
2026-07-21 20:22:15 [info]: Mapped {/api/products, POST} (version: 1) route
2026-07-21 20:22:15 [info]: Mapped {/api/products/:id, PUT} (version: 1) route
2026-07-21 20:22:15 [info]: Mapped {/api/products/:id, DELETE} (version: 1) route
2026-07-21 20:22:15 [info]: Mapped {/api/products/:id/stock/add, PATCH} (version: 1) route
2026-07-21 20:22:15 [info]: Mapped {/api/products/:id/stock/subtract, PATCH} (version: 1) route
2026-07-21 20:22:15 [info]: CustomerController {/api/customers} (version: 1):
2026-07-21 20:22:15 [info]: Mapped {/api/customers, GET} (version: 1) route
2026-07-21 20:22:15 [info]: Mapped {/api/customers/:id, GET} (version: 1) route
2026-07-21 20:22:15 [info]: Mapped {/api/customers, POST} (version: 1) route
2026-07-21 20:22:15 [info]: Mapped {/api/customers/:id, PUT} (version: 1) route
2026-07-21 20:22:15 [info]: Mapped {/api/customers/:id, DELETE} (version: 1) route
2026-07-21 20:22:15 [info]: SaleController {/api/sales} (version: 1):
2026-07-21 20:22:15 [info]: Mapped {/api/sales, GET} (version: 1) route
2026-07-21 20:22:15 [info]: Mapped {/api/sales/summary, GET} (version: 1) route
2026-07-21 20:22:15 [info]: Mapped {/api/sales/:id, GET} (version: 1) route
2026-07-21 20:22:15 [info]: Mapped {/api/sales, POST} (version: 1) route
2026-07-21 20:22:15 [info]: Mapped {/api/sales/:id/void, PATCH} (version: 1) route
2026-07-21 20:22:15 [info]: PurchaseOrderController {/api/purchase-orders} (version: 1):
2026-07-21 20:22:15 [info]: Mapped {/api/purchase-orders, GET} (version: 1) route
2026-07-21 20:22:15 [info]: Mapped {/api/purchase-orders/:id, GET} (version: 1) route
2026-07-21 20:22:15 [info]: Mapped {/api/purchase-orders, POST} (version: 1) route
2026-07-21 20:22:15 [info]: Mapped {/api/purchase-orders/:id/receive, PATCH} (version: 1) route
2026-07-21 20:22:15 [info]: Mapped {/api/purchase-orders/:id/cancel, PATCH} (version: 1) route
2026-07-21 20:22:15 [info]: Nest application successfully started
2026-07-21 20:22:29 [info]: Starting Nest application...
2026-07-21 20:22:29 [info]: AppModule dependencies initialized
2026-07-21 20:22:29 [info]: TypeOrmModule dependencies initialized
2026-07-21 20:22:29 [info]: Starting Nest application...
2026-07-21 20:22:29 [info]: PassportModule dependencies initialized
2026-07-21 20:22:29 [info]: ConfigHostModule dependencies initialized
2026-07-21 20:22:29 [info]: WinstonModule dependencies initialized
2026-07-21 20:22:29 [info]: HealthModule dependencies initialized
2026-07-21 20:22:29 [info]: DiscoveryModule dependencies initialized
2026-07-21 20:22:29 [info]: ConfigModule dependencies initialized
2026-07-21 20:22:29 [info]: ConfigModule dependencies initialized
2026-07-21 20:22:29 [info]: EventEmitterModule dependencies initialized
2026-07-21 20:22:29 [info]: AppModule dependencies initialized
2026-07-21 20:22:29 [info]: TypeOrmModule dependencies initialized
2026-07-21 20:22:29 [info]: ScheduleModule dependencies initialized
2026-07-21 20:22:29 [info]: AuthModule dependencies initialized
2026-07-21 20:22:29 [info]: PassportModule dependencies initialized
2026-07-21 20:22:29 [info]: JwtModule dependencies initialized
2026-07-21 20:22:29 [info]: ConfigHostModule dependencies initialized
2026-07-21 20:22:29 [info]: WinstonModule dependencies initialized
2026-07-21 20:22:29 [info]: HealthModule dependencies initialized
2026-07-21 20:22:29 [info]: DiscoveryModule dependencies initialized
2026-07-21 20:22:29 [info]: ConfigModule dependencies initialized
2026-07-21 20:22:29 [info]: ConfigModule dependencies initialized
2026-07-21 20:22:29 [info]: EventEmitterModule dependencies initialized
2026-07-21 20:22:29 [info]: ScheduleModule dependencies initialized
2026-07-21 20:22:29 [info]: AuthModule dependencies initialized
2026-07-21 20:22:29 [info]: TypeOrmCoreModule dependencies initialized
2026-07-21 20:22:29 [info]: TypeOrmModule dependencies initialized
2026-07-21 20:22:29 [info]: TypeOrmModule dependencies initialized
2026-07-21 20:22:29 [info]: TypeOrmModule dependencies initialized
2026-07-21 20:22:29 [info]: TypeOrmModule dependencies initialized
2026-07-21 20:22:29 [info]: TypeOrmModule dependencies initialized
2026-07-21 20:22:29 [info]: TypeOrmModule dependencies initialized
2026-07-21 20:22:29 [info]: CategoryModule dependencies initialized
2026-07-21 20:22:29 [info]: SupplierModule dependencies initialized
2026-07-21 20:22:29 [info]: CustomerModule dependencies initialized
2026-07-21 20:22:29 [info]: ProductModule dependencies initialized
2026-07-21 20:22:29 [info]: SaleModule dependencies initialized
2026-07-21 20:22:29 [info]: PurchaseOrderModule dependencies initialized
2026-07-21 20:22:29 [info]: AuthController {/api/auth} (version: 1):
2026-07-21 20:22:29 [info]: Mapped {/api/auth/status, GET} (version: 1) route
2026-07-21 20:22:29 [info]: HealthController {/api/health} (version: 1):
2026-07-21 20:22:29 [info]: Mapped {/api/health, GET} (version: 1) route
2026-07-21 20:22:29 [info]: CategoryController {/api/categories} (version: 1):
2026-07-21 20:22:29 [info]: Mapped {/api/categories, GET} (version: 1) route
2026-07-21 20:22:29 [info]: Mapped {/api/categories/:id, GET} (version: 1) route
2026-07-21 20:22:29 [info]: Mapped {/api/categories, POST} (version: 1) route
2026-07-21 20:22:29 [info]: Mapped {/api/categories/:id, PUT} (version: 1) route
2026-07-21 20:22:29 [info]: Mapped {/api/categories/:id, DELETE} (version: 1) route
2026-07-21 20:22:29 [info]: SupplierController {/api/suppliers} (version: 1):
2026-07-21 20:22:29 [info]: Mapped {/api/suppliers, GET} (version: 1) route
2026-07-21 20:22:29 [info]: Mapped {/api/suppliers/:id, GET} (version: 1) route
2026-07-21 20:22:29 [info]: Mapped {/api/suppliers, POST} (version: 1) route
2026-07-21 20:22:29 [info]: Mapped {/api/suppliers/:id, PUT} (version: 1) route
2026-07-21 20:22:29 [info]: Mapped {/api/suppliers/:id, DELETE} (version: 1) route
2026-07-21 20:22:29 [info]: ProductController {/api/products} (version: 1):
2026-07-21 20:22:29 [info]: Mapped {/api/products, GET} (version: 1) route
2026-07-21 20:22:29 [info]: Mapped {/api/products/low-stock, GET} (version: 1) route
2026-07-21 20:22:29 [info]: Mapped {/api/products/barcode/:barcode, GET} (version: 1) route
2026-07-21 20:22:29 [info]: Mapped {/api/products/:id, GET} (version: 1) route
2026-07-21 20:22:29 [info]: Mapped {/api/products, POST} (version: 1) route
2026-07-21 20:22:29 [info]: Mapped {/api/products/:id, PUT} (version: 1) route
2026-07-21 20:22:29 [info]: Mapped {/api/products/:id, DELETE} (version: 1) route
2026-07-21 20:22:29 [info]: Mapped {/api/products/:id/stock/add, PATCH} (version: 1) route
2026-07-21 20:22:29 [info]: Mapped {/api/products/:id/stock/subtract, PATCH} (version: 1) route
2026-07-21 20:22:29 [info]: CustomerController {/api/customers} (version: 1):
2026-07-21 20:22:29 [info]: Mapped {/api/customers, GET} (version: 1) route
2026-07-21 20:22:29 [info]: Mapped {/api/customers/:id, GET} (version: 1) route
2026-07-21 20:22:29 [info]: Mapped {/api/customers, POST} (version: 1) route
2026-07-21 20:22:29 [info]: Mapped {/api/customers/:id, PUT} (version: 1) route
2026-07-21 20:22:29 [info]: Mapped {/api/customers/:id, DELETE} (version: 1) route
2026-07-21 20:22:29 [info]: SaleController {/api/sales} (version: 1):
2026-07-21 20:22:29 [info]: Mapped {/api/sales, GET} (version: 1) route
2026-07-21 20:22:29 [info]: Mapped {/api/sales/summary, GET} (version: 1) route
2026-07-21 20:22:29 [info]: Mapped {/api/sales/:id, GET} (version: 1) route
2026-07-21 20:22:29 [info]: Mapped {/api/sales, POST} (version: 1) route
2026-07-21 20:22:29 [info]: Mapped {/api/sales/:id/void, PATCH} (version: 1) route
2026-07-21 20:22:29 [info]: PurchaseOrderController {/api/purchase-orders} (version: 1):
2026-07-21 20:22:29 [info]: Mapped {/api/purchase-orders, GET} (version: 1) route
2026-07-21 20:22:29 [info]: Mapped {/api/purchase-orders/:id, GET} (version: 1) route
2026-07-21 20:22:29 [info]: Mapped {/api/purchase-orders, POST} (version: 1) route
2026-07-21 20:22:29 [info]: Mapped {/api/purchase-orders/:id/receive, PATCH} (version: 1) route
2026-07-21 20:22:29 [info]: Mapped {/api/purchase-orders/:id/cancel, PATCH} (version: 1) route
2026-07-21 20:22:29 [info]: Nest application successfully started
2026-07-21 20:22:42 [info]: Starting Nest application...
2026-07-21 20:22:42 [info]: AppModule dependencies initialized
2026-07-21 20:22:42 [info]: TypeOrmModule dependencies initialized
2026-07-21 20:22:42 [info]: PassportModule dependencies initialized
2026-07-21 20:22:42 [info]: ConfigHostModule dependencies initialized
2026-07-21 20:22:42 [info]: WinstonModule dependencies initialized
2026-07-21 20:22:42 [info]: HealthModule dependencies initialized
2026-07-21 20:22:42 [info]: DiscoveryModule dependencies initialized
2026-07-21 20:22:42 [info]: ConfigModule dependencies initialized
2026-07-21 20:22:42 [info]: ConfigModule dependencies initialized
2026-07-21 20:22:42 [info]: EventEmitterModule dependencies initialized
2026-07-21 20:22:42 [info]: ScheduleModule dependencies initialized
2026-07-21 20:22:42 [info]: AuthModule dependencies initialized
2026-07-21 20:22:42 [info]: JwtModule dependencies initialized
2026-07-21 20:22:42 [info]: Starting Nest application...
2026-07-21 20:22:42 [info]: AppModule dependencies initialized
2026-07-21 20:22:42 [info]: TypeOrmModule dependencies initialized
2026-07-21 20:22:42 [info]: PassportModule dependencies initialized
2026-07-21 20:22:42 [info]: ConfigHostModule dependencies initialized
2026-07-21 20:22:42 [info]: WinstonModule dependencies initialized
2026-07-21 20:22:42 [info]: HealthModule dependencies initialized
2026-07-21 20:22:42 [info]: DiscoveryModule dependencies initialized
2026-07-21 20:22:42 [info]: ConfigModule dependencies initialized
2026-07-21 20:22:42 [info]: ConfigModule dependencies initialized
2026-07-21 20:22:42 [info]: EventEmitterModule dependencies initialized
2026-07-21 20:22:42 [info]: ScheduleModule dependencies initialized
2026-07-21 20:22:42 [info]: AuthModule dependencies initialized
2026-07-21 20:22:42 [info]: JwtModule dependencies initialized
2026-07-21 20:22:43 [info]: TypeOrmCoreModule dependencies initialized
2026-07-21 20:22:43 [info]: TypeOrmCoreModule dependencies initialized
2026-07-21 20:22:43 [info]: TypeOrmModule dependencies initialized
2026-07-21 20:22:43 [info]: TypeOrmModule dependencies initialized
2026-07-21 20:22:43 [info]: TypeOrmModule dependencies initialized
2026-07-21 20:22:43 [info]: TypeOrmModule dependencies initialized
2026-07-21 20:22:43 [info]: TypeOrmModule dependencies initialized
2026-07-21 20:22:43 [info]: TypeOrmModule dependencies initialized
2026-07-21 20:22:43 [info]: CategoryModule dependencies initialized
2026-07-21 20:22:43 [info]: SupplierModule dependencies initialized
2026-07-21 20:22:43 [info]: CustomerModule dependencies initialized
2026-07-21 20:22:43 [info]: ProductModule dependencies initialized
2026-07-21 20:22:43 [info]: SaleModule dependencies initialized
2026-07-21 20:22:43 [info]: PurchaseOrderModule dependencies initialized
2026-07-21 20:22:43 [info]: AuthController {/api/auth} (version: 1):
2026-07-21 20:22:43 [info]: Mapped {/api/auth/status, GET} (version: 1) route
2026-07-21 20:22:43 [info]: HealthController {/api/health} (version: 1):
2026-07-21 20:22:43 [info]: Mapped {/api/health, GET} (version: 1) route
2026-07-21 20:22:43 [info]: CategoryController {/api/categories} (version: 1):
2026-07-21 20:22:43 [info]: Mapped {/api/categories, GET} (version: 1) route
2026-07-21 20:22:43 [info]: Mapped {/api/categories/:id, GET} (version: 1) route
2026-07-21 20:22:43 [info]: Mapped {/api/categories, POST} (version: 1) route
2026-07-21 20:22:43 [info]: Mapped {/api/categories/:id, PUT} (version: 1) route
2026-07-21 20:22:43 [info]: Mapped {/api/categories/:id, DELETE} (version: 1) route
2026-07-21 20:22:43 [info]: SupplierController {/api/suppliers} (version: 1):
2026-07-21 20:22:43 [info]: Mapped {/api/suppliers, GET} (version: 1) route
2026-07-21 20:22:43 [info]: Mapped {/api/suppliers/:id, GET} (version: 1) route
2026-07-21 20:22:43 [info]: Mapped {/api/suppliers, POST} (version: 1) route
2026-07-21 20:22:43 [info]: Mapped {/api/suppliers/:id, PUT} (version: 1) route
2026-07-21 20:22:43 [info]: Mapped {/api/suppliers/:id, DELETE} (version: 1) route
2026-07-21 20:22:43 [info]: ProductController {/api/products} (version: 1):
2026-07-21 20:22:43 [info]: Mapped {/api/products, GET} (version: 1) route
2026-07-21 20:22:43 [info]: Mapped {/api/products/low-stock, GET} (version: 1) route
2026-07-21 20:22:43 [info]: Mapped {/api/products/barcode/:barcode, GET} (version: 1) route
2026-07-21 20:22:43 [info]: Mapped {/api/products/:id, GET} (version: 1) route
2026-07-21 20:22:43 [info]: Mapped {/api/products, POST} (version: 1) route
2026-07-21 20:22:43 [info]: Mapped {/api/products/:id, PUT} (version: 1) route
2026-07-21 20:22:43 [info]: Mapped {/api/products/:id, DELETE} (version: 1) route
2026-07-21 20:22:43 [info]: Mapped {/api/products/:id/stock/add, PATCH} (version: 1) route
2026-07-21 20:22:43 [info]: Mapped {/api/products/:id/stock/subtract, PATCH} (version: 1) route
2026-07-21 20:22:43 [info]: CustomerController {/api/customers} (version: 1):
2026-07-21 20:22:43 [info]: Mapped {/api/customers, GET} (version: 1) route
2026-07-21 20:22:43 [info]: Mapped {/api/customers/:id, GET} (version: 1) route
2026-07-21 20:22:43 [info]: Mapped {/api/customers, POST} (version: 1) route
2026-07-21 20:22:43 [info]: Mapped {/api/customers/:id, PUT} (version: 1) route
2026-07-21 20:22:43 [info]: Mapped {/api/customers/:id, DELETE} (version: 1) route
2026-07-21 20:22:43 [info]: SaleController {/api/sales} (version: 1):
2026-07-21 20:22:43 [info]: Mapped {/api/sales, GET} (version: 1) route
2026-07-21 20:22:43 [info]: Mapped {/api/sales/summary, GET} (version: 1) route
2026-07-21 20:22:43 [info]: Mapped {/api/sales/:id, GET} (version: 1) route
2026-07-21 20:22:43 [info]: Mapped {/api/sales, POST} (version: 1) route
2026-07-21 20:22:43 [info]: Mapped {/api/sales/:id/void, PATCH} (version: 1) route
2026-07-21 20:22:43 [info]: PurchaseOrderController {/api/purchase-orders} (version: 1):
2026-07-21 20:22:43 [info]: Mapped {/api/purchase-orders, GET} (version: 1) route
2026-07-21 20:22:43 [info]: Mapped {/api/purchase-orders/:id, GET} (version: 1) route
2026-07-21 20:22:43 [info]: Mapped {/api/purchase-orders, POST} (version: 1) route
2026-07-21 20:22:43 [info]: Mapped {/api/purchase-orders/:id/receive, PATCH} (version: 1) route
2026-07-21 20:22:43 [info]: Mapped {/api/purchase-orders/:id/cancel, PATCH} (version: 1) route
2026-07-21 20:22:43 [info]: Nest application successfully started
2026-07-21 20:34:59 [info]: Starting Nest application...
2026-07-21 20:34:59 [info]: AppModule dependencies initialized
2026-07-21 20:34:59 [info]: TypeOrmModule dependencies initialized
2026-07-21 20:34:59 [info]: PassportModule dependencies initialized
2026-07-21 20:34:59 [info]: ConfigHostModule dependencies initialized
2026-07-21 20:34:59 [info]: WinstonModule dependencies initialized
2026-07-21 20:34:59 [info]: HealthModule dependencies initialized
2026-07-21 20:34:59 [info]: DiscoveryModule dependencies initialized
2026-07-21 20:34:59 [info]: ConfigModule dependencies initialized
2026-07-21 20:34:59 [info]: ConfigModule dependencies initialized
2026-07-21 20:34:59 [info]: EventEmitterModule dependencies initialized
2026-07-21 20:34:59 [info]: ScheduleModule dependencies initialized
2026-07-21 20:34:59 [info]: AuthModule dependencies initialized
2026-07-21 20:34:59 [info]: JwtModule dependencies initialized
2026-07-21 20:34:59 [info]: TypeOrmCoreModule dependencies initialized
2026-07-21 20:34:59 [info]: TypeOrmModule dependencies initialized
2026-07-21 20:34:59 [info]: TypeOrmModule dependencies initialized
2026-07-21 20:34:59 [info]: TypeOrmModule dependencies initialized
2026-07-21 20:34:59 [info]: TypeOrmModule dependencies initialized
2026-07-21 20:34:59 [info]: TypeOrmModule dependencies initialized
2026-07-21 20:34:59 [info]: TypeOrmModule dependencies initialized
2026-07-21 20:34:59 [info]: TypeOrmModule dependencies initialized
2026-07-21 20:34:59 [info]: CategoryModule dependencies initialized
2026-07-21 20:34:59 [info]: SupplierModule dependencies initialized
2026-07-21 20:34:59 [info]: CustomerModule dependencies initialized
2026-07-21 20:34:59 [info]: CompanySettingsModule dependencies initialized
2026-07-21 20:34:59 [info]: ProductModule dependencies initialized
2026-07-21 20:34:59 [info]: PurchaseOrderModule dependencies initialized
2026-07-21 20:34:59 [info]: SaleModule dependencies initialized
2026-07-21 20:34:59 [info]: AuthController {/api/auth} (version: 1):
2026-07-21 20:34:59 [info]: Mapped {/api/auth/status, GET} (version: 1) route
2026-07-21 20:34:59 [info]: HealthController {/api/health} (version: 1):
2026-07-21 20:34:59 [info]: Mapped {/api/health, GET} (version: 1) route
2026-07-21 20:34:59 [info]: CategoryController {/api/categories} (version: 1):
2026-07-21 20:34:59 [info]: Mapped {/api/categories, GET} (version: 1) route
2026-07-21 20:34:59 [info]: Mapped {/api/categories/:id, GET} (version: 1) route
2026-07-21 20:34:59 [info]: Mapped {/api/categories, POST} (version: 1) route
2026-07-21 20:34:59 [info]: Mapped {/api/categories/:id, PUT} (version: 1) route
2026-07-21 20:34:59 [info]: Mapped {/api/categories/:id, DELETE} (version: 1) route
2026-07-21 20:34:59 [info]: SupplierController {/api/suppliers} (version: 1):
2026-07-21 20:34:59 [info]: Mapped {/api/suppliers, GET} (version: 1) route
2026-07-21 20:34:59 [info]: Mapped {/api/suppliers/:id, GET} (version: 1) route
2026-07-21 20:34:59 [info]: Mapped {/api/suppliers, POST} (version: 1) route
2026-07-21 20:34:59 [info]: Mapped {/api/suppliers/:id, PUT} (version: 1) route
2026-07-21 20:34:59 [info]: Mapped {/api/suppliers/:id, DELETE} (version: 1) route
2026-07-21 20:34:59 [info]: ProductController {/api/products} (version: 1):
2026-07-21 20:34:59 [info]: Mapped {/api/products, GET} (version: 1) route
2026-07-21 20:34:59 [info]: Mapped {/api/products/low-stock, GET} (version: 1) route
2026-07-21 20:34:59 [info]: Mapped {/api/products/barcode/:barcode, GET} (version: 1) route
2026-07-21 20:34:59 [info]: Mapped {/api/products/:id, GET} (version: 1) route
2026-07-21 20:34:59 [info]: Mapped {/api/products, POST} (version: 1) route
2026-07-21 20:34:59 [info]: Mapped {/api/products/:id, PUT} (version: 1) route
2026-07-21 20:34:59 [info]: Mapped {/api/products/:id, DELETE} (version: 1) route
2026-07-21 20:34:59 [info]: Mapped {/api/products/:id/stock/add, PATCH} (version: 1) route
2026-07-21 20:34:59 [info]: Mapped {/api/products/:id/stock/subtract, PATCH} (version: 1) route
2026-07-21 20:34:59 [info]: CustomerController {/api/customers} (version: 1):
2026-07-21 20:34:59 [info]: Mapped {/api/customers, GET} (version: 1) route
2026-07-21 20:34:59 [info]: Mapped {/api/customers/:id, GET} (version: 1) route
2026-07-21 20:34:59 [info]: Mapped {/api/customers, POST} (version: 1) route
2026-07-21 20:34:59 [info]: Mapped {/api/customers/:id, PUT} (version: 1) route
2026-07-21 20:34:59 [info]: Mapped {/api/customers/:id, DELETE} (version: 1) route
2026-07-21 20:34:59 [info]: SaleController {/api/sales} (version: 1):
2026-07-21 20:34:59 [info]: Mapped {/api/sales, GET} (version: 1) route
2026-07-21 20:34:59 [info]: Mapped {/api/sales/summary, GET} (version: 1) route
2026-07-21 20:34:59 [info]: Mapped {/api/sales/:id, GET} (version: 1) route
2026-07-21 20:34:59 [info]: Mapped {/api/sales, POST} (version: 1) route
2026-07-21 20:34:59 [info]: Mapped {/api/sales/:id/void, PATCH} (version: 1) route
2026-07-21 20:34:59 [info]: CompanySettingsController {/api/company-settings} (version: 1):
2026-07-21 20:34:59 [info]: Mapped {/api/company-settings, GET} (version: 1) route
2026-07-21 20:34:59 [info]: Mapped {/api/company-settings, PUT} (version: 1) route
2026-07-21 20:34:59 [info]: PurchaseOrderController {/api/purchase-orders} (version: 1):
2026-07-21 20:34:59 [info]: Mapped {/api/purchase-orders, GET} (version: 1) route
2026-07-21 20:34:59 [info]: Mapped {/api/purchase-orders/:id, GET} (version: 1) route
2026-07-21 20:34:59 [info]: Mapped {/api/purchase-orders, POST} (version: 1) route
2026-07-21 20:34:59 [info]: Mapped {/api/purchase-orders/:id/receive, PATCH} (version: 1) route
2026-07-21 20:34:59 [info]: Mapped {/api/purchase-orders/:id/cancel, PATCH} (version: 1) route
2026-07-21 20:34:59 [info]: Nest application successfully started
2026-07-21 20:35:26 [info]: Starting Nest application...
2026-07-21 20:35:26 [info]: AppModule dependencies initialized
2026-07-21 20:35:26 [info]: TypeOrmModule dependencies initialized
2026-07-21 20:35:26 [info]: PassportModule dependencies initialized
2026-07-21 20:35:26 [info]: ConfigHostModule dependencies initialized
2026-07-21 20:35:26 [info]: WinstonModule dependencies initialized
2026-07-21 20:35:26 [info]: HealthModule dependencies initialized
2026-07-21 20:35:26 [info]: DiscoveryModule dependencies initialized
2026-07-21 20:35:26 [info]: ConfigModule dependencies initialized
2026-07-21 20:35:26 [info]: ConfigModule dependencies initialized
2026-07-21 20:35:26 [info]: EventEmitterModule dependencies initialized
2026-07-21 20:35:26 [info]: ScheduleModule dependencies initialized
2026-07-21 20:35:26 [info]: AuthModule dependencies initialized
2026-07-21 20:36:31 [info]: Starting Nest application...
2026-07-21 20:36:31 [info]: AppModule dependencies initialized
2026-07-21 20:36:31 [info]: TypeOrmModule dependencies initialized
2026-07-21 20:36:31 [info]: PassportModule dependencies initialized
2026-07-21 20:36:31 [info]: ConfigHostModule dependencies initialized
2026-07-21 20:36:31 [info]: WinstonModule dependencies initialized
2026-07-21 20:36:31 [info]: HealthModule dependencies initialized
2026-07-21 20:36:31 [info]: DiscoveryModule dependencies initialized
2026-07-21 20:36:31 [info]: ConfigModule dependencies initialized
2026-07-21 20:36:31 [info]: ConfigModule dependencies initialized
2026-07-21 20:36:31 [info]: EventEmitterModule dependencies initialized
2026-07-21 20:36:31 [info]: ScheduleModule dependencies initialized
2026-07-21 20:36:31 [info]: AuthModule dependencies initialized
2026-07-21 20:36:31 [info]: JwtModule dependencies initialized
2026-07-21 20:36:31 [info]: TypeOrmCoreModule dependencies initialized
2026-07-21 20:36:31 [info]: TypeOrmModule dependencies initialized
2026-07-21 20:36:31 [info]: TypeOrmModule dependencies initialized
2026-07-21 20:36:31 [info]: TypeOrmModule dependencies initialized
2026-07-21 20:36:31 [info]: TypeOrmModule dependencies initialized
2026-07-21 20:36:31 [info]: TypeOrmModule dependencies initialized
2026-07-21 20:36:31 [info]: TypeOrmModule dependencies initialized
2026-07-21 20:36:31 [info]: TypeOrmModule dependencies initialized
2026-07-21 20:36:31 [info]: CategoryModule dependencies initialized
2026-07-21 20:36:31 [info]: SupplierModule dependencies initialized
2026-07-21 20:36:31 [info]: CustomerModule dependencies initialized
2026-07-21 20:36:31 [info]: CompanySettingsModule dependencies initialized
2026-07-21 20:36:31 [info]: ProductModule dependencies initialized
2026-07-21 20:36:31 [info]: PurchaseOrderModule dependencies initialized
2026-07-21 20:36:31 [info]: SaleModule dependencies initialized
2026-07-21 20:36:31 [info]: AuthController {/api/auth} (version: 1):
2026-07-21 20:36:31 [info]: Mapped {/api/auth/status, GET} (version: 1) route
2026-07-21 20:36:31 [info]: HealthController {/api/health} (version: 1):
2026-07-21 20:36:31 [info]: Mapped {/api/health, GET} (version: 1) route
2026-07-21 20:36:31 [info]: CategoryController {/api/categories} (version: 1):
2026-07-21 20:36:31 [info]: Mapped {/api/categories, GET} (version: 1) route
2026-07-21 20:36:31 [info]: Mapped {/api/categories/:id, GET} (version: 1) route
2026-07-21 20:36:31 [info]: Mapped {/api/categories, POST} (version: 1) route
2026-07-21 20:36:31 [info]: Mapped {/api/categories/:id, PUT} (version: 1) route
2026-07-21 20:36:31 [info]: Mapped {/api/categories/:id, DELETE} (version: 1) route
2026-07-21 20:36:31 [info]: SupplierController {/api/suppliers} (version: 1):
2026-07-21 20:36:31 [info]: Mapped {/api/suppliers, GET} (version: 1) route
2026-07-21 20:36:31 [info]: Mapped {/api/suppliers/:id, GET} (version: 1) route
2026-07-21 20:36:31 [info]: Mapped {/api/suppliers, POST} (version: 1) route
2026-07-21 20:36:31 [info]: Mapped {/api/suppliers/:id, PUT} (version: 1) route
2026-07-21 20:36:31 [info]: Mapped {/api/suppliers/:id, DELETE} (version: 1) route
2026-07-21 20:36:31 [info]: ProductController {/api/products} (version: 1):
2026-07-21 20:36:31 [info]: Mapped {/api/products, GET} (version: 1) route
2026-07-21 20:36:32 [info]: Mapped {/api/products/low-stock, GET} (version: 1) route
2026-07-21 20:36:32 [info]: Mapped {/api/products/barcode/:barcode, GET} (version: 1) route
2026-07-21 20:36:32 [info]: Mapped {/api/products/:id, GET} (version: 1) route
2026-07-21 20:36:32 [info]: Mapped {/api/products, POST} (version: 1) route
2026-07-21 20:36:32 [info]: Mapped {/api/products/:id, PUT} (version: 1) route
2026-07-21 20:36:32 [info]: Mapped {/api/products/:id, DELETE} (version: 1) route
2026-07-21 20:36:32 [info]: Mapped {/api/products/:id/stock/add, PATCH} (version: 1) route
2026-07-21 20:36:32 [info]: Mapped {/api/products/:id/stock/subtract, PATCH} (version: 1) route
2026-07-21 20:36:32 [info]: CustomerController {/api/customers} (version: 1):
2026-07-21 20:36:32 [info]: Mapped {/api/customers, GET} (version: 1) route
2026-07-21 20:36:32 [info]: Mapped {/api/customers/:id, GET} (version: 1) route
2026-07-21 20:36:32 [info]: Mapped {/api/customers, POST} (version: 1) route
2026-07-21 20:36:32 [info]: Mapped {/api/customers/:id, PUT} (version: 1) route
2026-07-21 20:36:32 [info]: Mapped {/api/customers/:id, DELETE} (version: 1) route
2026-07-21 20:36:32 [info]: SaleController {/api/sales} (version: 1):
2026-07-21 20:36:32 [info]: Mapped {/api/sales, GET} (version: 1) route
2026-07-21 20:36:32 [info]: Mapped {/api/sales/summary, GET} (version: 1) route
2026-07-21 20:36:32 [info]: Mapped {/api/sales/:id, GET} (version: 1) route
2026-07-21 20:36:32 [info]: Mapped {/api/sales, POST} (version: 1) route
2026-07-21 20:36:32 [info]: Mapped {/api/sales/:id/void, PATCH} (version: 1) route
2026-07-21 20:36:32 [info]: CompanySettingsController {/api/company-settings} (version: 1):
2026-07-21 20:36:32 [info]: Mapped {/api/company-settings, GET} (version: 1) route
2026-07-21 20:36:32 [info]: Mapped {/api/company-settings, PUT} (version: 1) route
2026-07-21 20:36:32 [info]: PurchaseOrderController {/api/purchase-orders} (version: 1):
2026-07-21 20:36:32 [info]: Mapped {/api/purchase-orders, GET} (version: 1) route
2026-07-21 20:36:32 [info]: Mapped {/api/purchase-orders/:id, GET} (version: 1) route
2026-07-21 20:36:32 [info]: Mapped {/api/purchase-orders, POST} (version: 1) route
2026-07-21 20:36:32 [info]: Mapped {/api/purchase-orders/:id/receive, PATCH} (version: 1) route
2026-07-21 20:36:32 [info]: Mapped {/api/purchase-orders/:id/cancel, PATCH} (version: 1) route
2026-07-21 20:36:32 [info]: Nest application successfully started
2026-07-21 20:37:57 [error]: QueryFailedError: Table 'devpro_db.company_settings' doesn't exist
    at MysqlQueryRunner.query (/Users/macintosh/Documents/DEVPRO/Back/src/driver/mysql/MysqlQueryRunner.ts:291:19)
    at process.processTicksAndRejections (node:internal/process/task_queues:103:5)
    at async SelectQueryBuilder.loadRawResults (/Users/macintosh/Documents/DEVPRO/Back/src/query-builder/SelectQueryBuilder.ts:3897:25)
    at async SelectQueryBuilder.executeEntitiesAndRawResults (/Users/macintosh/Documents/DEVPRO/Back/src/query-builder/SelectQueryBuilder.ts:3619:26)
    at async SelectQueryBuilder.getRawAndEntities (/Users/macintosh/Documents/DEVPRO/Back/src/query-builder/SelectQueryBuilder.ts:1676:29)
    at async SelectQueryBuilder.getOne (/Users/macintosh/Documents/DEVPRO/Back/src/query-builder/SelectQueryBuilder.ts:1703:25)
    at async CompanySettingsService.get (/Users/macintosh/Documents/DEVPRO/Back/src/domain/services/company-settings.service.ts:18:20)
    at async /Users/macintosh/Documents/DEVPRO/Back/node_modules/@nestjs/core/router/router-execution-context.js:47:62
    at async /Users/macintosh/Documents/DEVPRO/Back/node_modules/@nestjs/core/router/router-proxy.js:9:17
2026-07-21 20:38:05 [error]: QueryFailedError: Table 'devpro_db.company_settings' doesn't exist
    at MysqlQueryRunner.query (/Users/macintosh/Documents/DEVPRO/Back/src/driver/mysql/MysqlQueryRunner.ts:291:19)
    at process.processTicksAndRejections (node:internal/process/task_queues:103:5)
    at async SelectQueryBuilder.loadRawResults (/Users/macintosh/Documents/DEVPRO/Back/src/query-builder/SelectQueryBuilder.ts:3897:25)
    at async SelectQueryBuilder.executeEntitiesAndRawResults (/Users/macintosh/Documents/DEVPRO/Back/src/query-builder/SelectQueryBuilder.ts:3619:26)
    at async SelectQueryBuilder.getRawAndEntities (/Users/macintosh/Documents/DEVPRO/Back/src/query-builder/SelectQueryBuilder.ts:1676:29)
    at async SelectQueryBuilder.getOne (/Users/macintosh/Documents/DEVPRO/Back/src/query-builder/SelectQueryBuilder.ts:1703:25)
    at async CompanySettingsService.get (/Users/macintosh/Documents/DEVPRO/Back/src/domain/services/company-settings.service.ts:18:20)
    at async /Users/macintosh/Documents/DEVPRO/Back/node_modules/@nestjs/core/router/router-execution-context.js:47:62
    at async /Users/macintosh/Documents/DEVPRO/Back/node_modules/@nestjs/core/router/router-proxy.js:9:17
2026-07-21 20:50:12 [info]: Starting Nest application...
2026-07-21 20:50:12 [info]: Starting Nest application...
2026-07-21 20:50:12 [info]: Starting Nest application...
2026-07-21 20:50:12 [info]: AppModule dependencies initialized
2026-07-21 20:50:12 [info]: AppModule dependencies initialized
2026-07-21 20:50:12 [info]: AppModule dependencies initialized
2026-07-21 20:50:12 [info]: TypeOrmModule dependencies initialized
2026-07-21 20:50:12 [info]: TypeOrmModule dependencies initialized
2026-07-21 20:50:12 [info]: PassportModule dependencies initialized
2026-07-21 20:50:12 [info]: ConfigHostModule dependencies initialized
2026-07-21 20:50:12 [info]: TypeOrmModule dependencies initialized
2026-07-21 20:50:12 [info]: PassportModule dependencies initialized
2026-07-21 20:50:12 [info]: WinstonModule dependencies initialized
2026-07-21 20:50:12 [info]: HealthModule dependencies initialized
2026-07-21 20:50:12 [info]: ConfigHostModule dependencies initialized
2026-07-21 20:50:12 [info]: DiscoveryModule dependencies initialized
2026-07-21 20:50:12 [info]: WinstonModule dependencies initialized
2026-07-21 20:50:12 [info]: HealthModule dependencies initialized
2026-07-21 20:50:12 [info]: PassportModule dependencies initialized
2026-07-21 20:50:12 [info]: DiscoveryModule dependencies initialized
2026-07-21 20:50:12 [info]: ConfigHostModule dependencies initialized
2026-07-21 20:50:12 [info]: ConfigModule dependencies initialized
2026-07-21 20:50:12 [info]: WinstonModule dependencies initialized
2026-07-21 20:50:12 [info]: HealthModule dependencies initialized
2026-07-21 20:50:12 [info]: ConfigModule dependencies initialized
2026-07-21 20:50:12 [info]: EventEmitterModule dependencies initialized
2026-07-21 20:50:12 [info]: DiscoveryModule dependencies initialized
2026-07-21 20:50:12 [info]: ScheduleModule dependencies initialized
2026-07-21 20:50:12 [info]: ConfigModule dependencies initialized
2026-07-21 20:50:12 [info]: AuthModule dependencies initialized
2026-07-21 20:50:12 [info]: JwtModule dependencies initialized
2026-07-21 20:50:12 [info]: ConfigModule dependencies initialized
2026-07-21 20:50:12 [info]: EventEmitterModule dependencies initialized
2026-07-21 20:50:12 [info]: ScheduleModule dependencies initialized
2026-07-21 20:50:12 [info]: AuthModule dependencies initialized
2026-07-21 20:50:12 [info]: JwtModule dependencies initialized
2026-07-21 20:50:12 [info]: ConfigModule dependencies initialized
2026-07-21 20:50:12 [info]: ConfigModule dependencies initialized
2026-07-21 20:50:12 [info]: EventEmitterModule dependencies initialized
2026-07-21 20:50:12 [info]: ScheduleModule dependencies initialized
2026-07-21 20:50:12 [info]: AuthModule dependencies initialized
2026-07-21 20:50:12 [info]: JwtModule dependencies initialized
2026-07-21 20:50:12 [info]: TypeOrmCoreModule dependencies initialized
2026-07-21 20:50:12 [info]: TypeOrmCoreModule dependencies initialized
2026-07-21 20:50:12 [info]: TypeOrmCoreModule dependencies initialized
2026-07-21 20:50:12 [info]: TypeOrmModule dependencies initialized
2026-07-21 20:50:12 [info]: TypeOrmModule dependencies initialized
2026-07-21 20:50:12 [info]: TypeOrmModule dependencies initialized
2026-07-21 20:50:12 [info]: TypeOrmModule dependencies initialized
2026-07-21 20:50:12 [info]: TypeOrmModule dependencies initialized
2026-07-21 20:50:12 [info]: TypeOrmModule dependencies initialized
2026-07-21 20:50:12 [info]: TypeOrmModule dependencies initialized
2026-07-21 20:50:12 [info]: CategoryModule dependencies initialized
2026-07-21 20:50:12 [info]: SupplierModule dependencies initialized
2026-07-21 20:50:12 [info]: CustomerModule dependencies initialized
2026-07-21 20:50:12 [info]: CompanySettingsModule dependencies initialized
2026-07-21 20:50:12 [info]: ProductModule dependencies initialized
2026-07-21 20:50:12 [info]: PurchaseOrderModule dependencies initialized
2026-07-21 20:50:12 [info]: SaleModule dependencies initialized
2026-07-21 20:50:12 [info]: AuthController {/api/auth} (version: 1):
2026-07-21 20:50:12 [info]: Mapped {/api/auth/status, GET} (version: 1) route
2026-07-21 20:50:12 [info]: HealthController {/api/health} (version: 1):
2026-07-21 20:50:12 [info]: Mapped {/api/health, GET} (version: 1) route
2026-07-21 20:50:12 [info]: CategoryController {/api/categories} (version: 1):
2026-07-21 20:50:12 [info]: Mapped {/api/categories, GET} (version: 1) route
2026-07-21 20:50:12 [info]: Mapped {/api/categories/:id, GET} (version: 1) route
2026-07-21 20:50:12 [info]: Mapped {/api/categories, POST} (version: 1) route
2026-07-21 20:50:12 [info]: Mapped {/api/categories/:id, PUT} (version: 1) route
2026-07-21 20:50:12 [info]: Mapped {/api/categories/:id, DELETE} (version: 1) route
2026-07-21 20:50:12 [info]: SupplierController {/api/suppliers} (version: 1):
2026-07-21 20:50:12 [info]: Mapped {/api/suppliers, GET} (version: 1) route
2026-07-21 20:50:12 [info]: Mapped {/api/suppliers/:id, GET} (version: 1) route
2026-07-21 20:50:12 [info]: Mapped {/api/suppliers, POST} (version: 1) route
2026-07-21 20:50:12 [info]: Mapped {/api/suppliers/:id, PUT} (version: 1) route
2026-07-21 20:50:12 [info]: Mapped {/api/suppliers/:id, DELETE} (version: 1) route
2026-07-21 20:50:12 [info]: ProductController {/api/products} (version: 1):
2026-07-21 20:50:12 [info]: Mapped {/api/products, GET} (version: 1) route
2026-07-21 20:50:12 [info]: Mapped {/api/products/low-stock, GET} (version: 1) route
2026-07-21 20:50:12 [info]: Mapped {/api/products/barcode/:barcode, GET} (version: 1) route
2026-07-21 20:50:12 [info]: Mapped {/api/products/:id, GET} (version: 1) route
2026-07-21 20:50:12 [info]: Mapped {/api/products, POST} (version: 1) route
2026-07-21 20:50:12 [info]: Mapped {/api/products/:id, PUT} (version: 1) route
2026-07-21 20:50:12 [info]: Mapped {/api/products/:id, DELETE} (version: 1) route
2026-07-21 20:50:12 [info]: Mapped {/api/products/:id/stock/add, PATCH} (version: 1) route
2026-07-21 20:50:12 [info]: Mapped {/api/products/:id/stock/subtract, PATCH} (version: 1) route
2026-07-21 20:50:12 [info]: CustomerController {/api/customers} (version: 1):
2026-07-21 20:50:12 [info]: Mapped {/api/customers, GET} (version: 1) route
2026-07-21 20:50:12 [info]: Mapped {/api/customers/:id, GET} (version: 1) route
2026-07-21 20:50:12 [info]: Mapped {/api/customers, POST} (version: 1) route
2026-07-21 20:50:12 [info]: Mapped {/api/customers/:id, PUT} (version: 1) route
2026-07-21 20:50:12 [info]: Mapped {/api/customers/:id, DELETE} (version: 1) route
2026-07-21 20:50:12 [info]: SaleController {/api/sales} (version: 1):
2026-07-21 20:50:12 [info]: Mapped {/api/sales, GET} (version: 1) route
2026-07-21 20:50:12 [info]: Mapped {/api/sales/summary, GET} (version: 1) route
2026-07-21 20:50:12 [info]: Mapped {/api/sales/:id, GET} (version: 1) route
2026-07-21 20:50:12 [info]: Mapped {/api/sales, POST} (version: 1) route
2026-07-21 20:50:12 [info]: Mapped {/api/sales/:id/void, PATCH} (version: 1) route
2026-07-21 20:50:12 [info]: CompanySettingsController {/api/company-settings} (version: 1):
2026-07-21 20:50:12 [info]: Mapped {/api/company-settings, GET} (version: 1) route
2026-07-21 20:50:12 [info]: Mapped {/api/company-settings, PUT} (version: 1) route
2026-07-21 20:50:12 [info]: PurchaseOrderController {/api/purchase-orders} (version: 1):
2026-07-21 20:50:12 [info]: Mapped {/api/purchase-orders, GET} (version: 1) route
2026-07-21 20:50:12 [info]: Mapped {/api/purchase-orders/:id, GET} (version: 1) route
2026-07-21 20:50:12 [info]: Mapped {/api/purchase-orders, POST} (version: 1) route
2026-07-21 20:50:12 [info]: Mapped {/api/purchase-orders/:id/receive, PATCH} (version: 1) route
2026-07-21 20:50:12 [info]: Mapped {/api/purchase-orders/:id/cancel, PATCH} (version: 1) route
2026-07-21 20:50:12 [info]: Nest application successfully started
2026-07-21 20:51:19 [info]: Starting Nest application...
2026-07-21 20:51:19 [info]: Starting Nest application...
2026-07-21 20:51:19 [info]: Starting Nest application...
2026-07-21 20:51:19 [info]: AppModule dependencies initialized
2026-07-21 20:51:19 [info]: TypeOrmModule dependencies initialized
2026-07-21 20:51:19 [info]: AppModule dependencies initialized
2026-07-21 20:51:19 [info]: AppModule dependencies initialized
2026-07-21 20:51:19 [info]: TypeOrmModule dependencies initialized
2026-07-21 20:51:19 [info]: PassportModule dependencies initialized
2026-07-21 20:51:19 [info]: ConfigHostModule dependencies initialized
2026-07-21 20:51:19 [info]: WinstonModule dependencies initialized
2026-07-21 20:51:19 [info]: HealthModule dependencies initialized
2026-07-21 20:51:19 [info]: TypeOrmModule dependencies initialized
2026-07-21 20:51:19 [info]: PassportModule dependencies initialized
2026-07-21 20:51:19 [info]: DiscoveryModule dependencies initialized
2026-07-21 20:51:19 [info]: PassportModule dependencies initialized
2026-07-21 20:51:19 [info]: ConfigModule dependencies initialized
2026-07-21 20:51:19 [info]: ConfigHostModule dependencies initialized
2026-07-21 20:51:19 [info]: ConfigHostModule dependencies initialized
2026-07-21 20:51:19 [info]: WinstonModule dependencies initialized
2026-07-21 20:51:19 [info]: ConfigModule dependencies initialized
2026-07-21 20:51:19 [info]: WinstonModule dependencies initialized
2026-07-21 20:51:19 [info]: HealthModule dependencies initialized
2026-07-21 20:51:19 [info]: EventEmitterModule dependencies initialized
2026-07-21 20:51:19 [info]: HealthModule dependencies initialized
2026-07-21 20:51:19 [info]: ScheduleModule dependencies initialized
2026-07-21 20:51:19 [info]: DiscoveryModule dependencies initialized
2026-07-21 20:51:19 [info]: ConfigModule dependencies initialized
2026-07-21 20:51:19 [info]: DiscoveryModule dependencies initialized
2026-07-21 20:51:19 [info]: JwtModule dependencies initialized
2026-07-21 20:51:19 [info]: ConfigModule dependencies initialized
2026-07-21 20:51:19 [info]: ConfigModule dependencies initialized
2026-07-21 20:51:19 [info]: EventEmitterModule dependencies initialized
2026-07-21 20:51:19 [info]: ScheduleModule dependencies initialized
2026-07-21 20:51:19 [info]: ConfigModule dependencies initialized
2026-07-21 20:51:19 [info]: EventEmitterModule dependencies initialized
2026-07-21 20:51:19 [info]: ScheduleModule dependencies initialized
2026-07-21 20:51:19 [info]: JwtModule dependencies initialized
2026-07-21 20:51:19 [info]: JwtModule dependencies initialized
2026-07-21 20:51:19 [info]: TypeOrmCoreModule dependencies initialized
2026-07-21 20:51:19 [info]: TypeOrmCoreModule dependencies initialized
2026-07-21 20:51:19 [info]: TypeOrmCoreModule dependencies initialized
2026-07-21 20:51:19 [info]: TypeOrmModule dependencies initialized
2026-07-21 20:51:19 [info]: TypeOrmModule dependencies initialized
2026-07-21 20:51:19 [info]: TypeOrmModule dependencies initialized
2026-07-21 20:51:19 [info]: TypeOrmModule dependencies initialized
2026-07-21 20:51:19 [info]: TypeOrmModule dependencies initialized
2026-07-21 20:51:19 [info]: TypeOrmModule dependencies initialized
2026-07-21 20:51:19 [info]: TypeOrmModule dependencies initialized
2026-07-21 20:51:19 [info]: TypeOrmModule dependencies initialized
2026-07-21 20:51:19 [info]: CategoryModule dependencies initialized
2026-07-21 20:51:19 [info]: SupplierModule dependencies initialized
2026-07-21 20:51:19 [info]: CustomerModule dependencies initialized
2026-07-21 20:51:19 [info]: AuthModule dependencies initialized
2026-07-21 20:51:19 [info]: CompanySettingsModule dependencies initialized
2026-07-21 20:51:19 [info]: ProductModule dependencies initialized
2026-07-21 20:51:19 [info]: PurchaseOrderModule dependencies initialized
2026-07-21 20:51:19 [info]: SaleModule dependencies initialized
2026-07-21 20:51:19 [info]: AuthController {/api/auth} (version: 1):
2026-07-21 20:51:19 [info]: Mapped {/api/auth/login, POST} (version: 1) route
2026-07-21 20:51:19 [info]: Mapped {/api/auth/status, GET} (version: 1) route
2026-07-21 20:51:19 [info]: HealthController {/api/health} (version: 1):
2026-07-21 20:51:19 [info]: Mapped {/api/health, GET} (version: 1) route
2026-07-21 20:51:19 [info]: CategoryController {/api/categories} (version: 1):
2026-07-21 20:51:19 [info]: Mapped {/api/categories, GET} (version: 1) route
2026-07-21 20:51:19 [info]: Mapped {/api/categories/:id, GET} (version: 1) route
2026-07-21 20:51:19 [info]: Mapped {/api/categories, POST} (version: 1) route
2026-07-21 20:51:19 [info]: Mapped {/api/categories/:id, PUT} (version: 1) route
2026-07-21 20:51:19 [info]: Mapped {/api/categories/:id, DELETE} (version: 1) route
2026-07-21 20:51:19 [info]: SupplierController {/api/suppliers} (version: 1):
2026-07-21 20:51:19 [info]: Mapped {/api/suppliers, GET} (version: 1) route
2026-07-21 20:51:19 [info]: Mapped {/api/suppliers/:id, GET} (version: 1) route
2026-07-21 20:51:19 [info]: Mapped {/api/suppliers, POST} (version: 1) route
2026-07-21 20:51:19 [info]: Mapped {/api/suppliers/:id, PUT} (version: 1) route
2026-07-21 20:51:19 [info]: Mapped {/api/suppliers/:id, DELETE} (version: 1) route
2026-07-21 20:51:19 [info]: ProductController {/api/products} (version: 1):
2026-07-21 20:51:19 [info]: Mapped {/api/products, GET} (version: 1) route
2026-07-21 20:51:19 [info]: Mapped {/api/products/low-stock, GET} (version: 1) route
2026-07-21 20:51:19 [info]: Mapped {/api/products/barcode/:barcode, GET} (version: 1) route
2026-07-21 20:51:19 [info]: Mapped {/api/products/:id, GET} (version: 1) route
2026-07-21 20:51:19 [info]: Mapped {/api/products, POST} (version: 1) route
2026-07-21 20:51:19 [info]: Mapped {/api/products/:id, PUT} (version: 1) route
2026-07-21 20:51:19 [info]: Mapped {/api/products/:id, DELETE} (version: 1) route
2026-07-21 20:51:19 [info]: Mapped {/api/products/:id/stock/add, PATCH} (version: 1) route
2026-07-21 20:51:19 [info]: Mapped {/api/products/:id/stock/subtract, PATCH} (version: 1) route
2026-07-21 20:51:19 [info]: CustomerController {/api/customers} (version: 1):
2026-07-21 20:51:19 [info]: Mapped {/api/customers, GET} (version: 1) route
2026-07-21 20:51:19 [info]: Mapped {/api/customers/:id, GET} (version: 1) route
2026-07-21 20:51:19 [info]: Mapped {/api/customers, POST} (version: 1) route
2026-07-21 20:51:19 [info]: Mapped {/api/customers/:id, PUT} (version: 1) route
2026-07-21 20:51:19 [info]: Mapped {/api/customers/:id, DELETE} (version: 1) route
2026-07-21 20:51:19 [info]: SaleController {/api/sales} (version: 1):
2026-07-21 20:51:19 [info]: Mapped {/api/sales, GET} (version: 1) route
2026-07-21 20:51:19 [info]: Mapped {/api/sales/summary, GET} (version: 1) route
2026-07-21 20:51:19 [info]: Mapped {/api/sales/:id, GET} (version: 1) route
2026-07-21 20:51:19 [info]: Mapped {/api/sales, POST} (version: 1) route
2026-07-21 20:51:19 [info]: Mapped {/api/sales/:id/void, PATCH} (version: 1) route
2026-07-21 20:51:19 [info]: CompanySettingsController {/api/company-settings} (version: 1):
2026-07-21 20:51:19 [info]: Mapped {/api/company-settings, GET} (version: 1) route
2026-07-21 20:51:19 [info]: Mapped {/api/company-settings, PUT} (version: 1) route
2026-07-21 20:51:19 [info]: PurchaseOrderController {/api/purchase-orders} (version: 1):
2026-07-21 20:51:19 [info]: Mapped {/api/purchase-orders, GET} (version: 1) route
2026-07-21 20:51:19 [info]: Mapped {/api/purchase-orders/:id, GET} (version: 1) route
2026-07-21 20:51:19 [info]: Mapped {/api/purchase-orders, POST} (version: 1) route
2026-07-21 20:51:19 [info]: Mapped {/api/purchase-orders/:id/receive, PATCH} (version: 1) route
2026-07-21 20:51:19 [info]: Mapped {/api/purchase-orders/:id/cancel, PATCH} (version: 1) route
2026-07-21 20:51:19 [info]: Nest application successfully started
2026-07-21 20:53:37 [info]: Starting Nest application...
2026-07-21 20:53:37 [info]: Starting Nest application...
2026-07-21 20:53:37 [info]: AppModule dependencies initialized
2026-07-21 20:53:37 [info]: TypeOrmModule dependencies initialized
2026-07-21 20:53:37 [info]: PassportModule dependencies initialized
2026-07-21 20:53:37 [info]: AppModule dependencies initialized
2026-07-21 20:53:37 [info]: TypeOrmModule dependencies initialized
2026-07-21 20:53:37 [info]: ConfigHostModule dependencies initialized
2026-07-21 20:53:37 [info]: WinstonModule dependencies initialized
2026-07-21 20:53:37 [info]: PassportModule dependencies initialized
2026-07-21 20:53:37 [info]: ConfigHostModule dependencies initialized
2026-07-21 20:53:37 [info]: HealthModule dependencies initialized
2026-07-21 20:53:37 [info]: WinstonModule dependencies initialized
2026-07-21 20:53:37 [info]: DiscoveryModule dependencies initialized
2026-07-21 20:53:37 [info]: HealthModule dependencies initialized
2026-07-21 20:53:37 [info]: ConfigModule dependencies initialized
2026-07-21 20:53:37 [info]: DiscoveryModule dependencies initialized
2026-07-21 20:53:37 [info]: ConfigModule dependencies initialized
2026-07-21 20:53:37 [info]: EventEmitterModule dependencies initialized
2026-07-21 20:53:37 [info]: ConfigModule dependencies initialized
2026-07-21 20:53:37 [info]: ScheduleModule dependencies initialized
2026-07-21 20:53:37 [info]: ConfigModule dependencies initialized
2026-07-21 20:53:37 [info]: EventEmitterModule dependencies initialized
2026-07-21 20:53:37 [info]: JwtModule dependencies initialized
2026-07-21 20:53:37 [info]: ScheduleModule dependencies initialized
2026-07-21 20:53:37 [info]: JwtModule dependencies initialized
2026-07-21 20:53:37 [info]: TypeOrmCoreModule dependencies initialized
2026-07-21 20:53:37 [info]: TypeOrmModule dependencies initialized
2026-07-21 20:53:37 [info]: TypeOrmModule dependencies initialized
2026-07-21 20:53:37 [info]: TypeOrmModule dependencies initialized
2026-07-21 20:53:37 [info]: TypeOrmModule dependencies initialized
2026-07-21 20:53:37 [info]: TypeOrmModule dependencies initialized
2026-07-21 20:53:37 [info]: TypeOrmModule dependencies initialized
2026-07-21 20:53:37 [info]: TypeOrmModule dependencies initialized
2026-07-21 20:53:37 [info]: TypeOrmModule dependencies initialized
2026-07-21 20:53:37 [info]: CategoryModule dependencies initialized
2026-07-21 20:53:37 [info]: SupplierModule dependencies initialized
2026-07-21 20:53:37 [info]: CustomerModule dependencies initialized
2026-07-21 20:53:37 [info]: AuthModule dependencies initialized
2026-07-21 20:53:37 [info]: CompanySettingsModule dependencies initialized
2026-07-21 20:53:37 [info]: ProductModule dependencies initialized
2026-07-21 20:53:37 [info]: PurchaseOrderModule dependencies initialized
2026-07-21 20:53:37 [info]: SaleModule dependencies initialized
2026-07-21 20:53:37 [info]: AuthController {/api/auth} (version: 1):
2026-07-21 20:53:37 [info]: Mapped {/api/auth/login, POST} (version: 1) route
2026-07-21 20:53:37 [info]: Mapped {/api/auth/status, GET} (version: 1) route
2026-07-21 20:53:37 [info]: HealthController {/api/health} (version: 1):
2026-07-21 20:53:37 [info]: Mapped {/api/health, GET} (version: 1) route
2026-07-21 20:53:37 [info]: CategoryController {/api/categories} (version: 1):
2026-07-21 20:53:37 [info]: Mapped {/api/categories, GET} (version: 1) route
2026-07-21 20:53:37 [info]: Mapped {/api/categories/:id, GET} (version: 1) route
2026-07-21 20:53:37 [info]: Mapped {/api/categories, POST} (version: 1) route
2026-07-21 20:53:37 [info]: Mapped {/api/categories/:id, PUT} (version: 1) route
2026-07-21 20:53:37 [info]: Mapped {/api/categories/:id, DELETE} (version: 1) route
2026-07-21 20:53:37 [info]: SupplierController {/api/suppliers} (version: 1):
2026-07-21 20:53:37 [info]: Mapped {/api/suppliers, GET} (version: 1) route
2026-07-21 20:53:37 [info]: Mapped {/api/suppliers/:id, GET} (version: 1) route
2026-07-21 20:53:37 [info]: Mapped {/api/suppliers, POST} (version: 1) route
2026-07-21 20:53:37 [info]: Mapped {/api/suppliers/:id, PUT} (version: 1) route
2026-07-21 20:53:37 [info]: Mapped {/api/suppliers/:id, DELETE} (version: 1) route
2026-07-21 20:53:37 [info]: ProductController {/api/products} (version: 1):
2026-07-21 20:53:37 [info]: Mapped {/api/products, GET} (version: 1) route
2026-07-21 20:53:37 [info]: Mapped {/api/products/low-stock, GET} (version: 1) route
2026-07-21 20:53:37 [info]: Mapped {/api/products/barcode/:barcode, GET} (version: 1) route
2026-07-21 20:53:37 [info]: Mapped {/api/products/:id, GET} (version: 1) route
2026-07-21 20:53:37 [info]: Mapped {/api/products, POST} (version: 1) route
2026-07-21 20:53:37 [info]: Mapped {/api/products/:id, PUT} (version: 1) route
2026-07-21 20:53:37 [info]: Mapped {/api/products/:id, DELETE} (version: 1) route
2026-07-21 20:53:37 [info]: Mapped {/api/products/:id/stock/add, PATCH} (version: 1) route
2026-07-21 20:53:37 [info]: Mapped {/api/products/:id/stock/subtract, PATCH} (version: 1) route
2026-07-21 20:53:37 [info]: CustomerController {/api/customers} (version: 1):
2026-07-21 20:53:37 [info]: Mapped {/api/customers, GET} (version: 1) route
2026-07-21 20:53:37 [info]: Mapped {/api/customers/:id, GET} (version: 1) route
2026-07-21 20:53:37 [info]: Mapped {/api/customers, POST} (version: 1) route
2026-07-21 20:53:37 [info]: Mapped {/api/customers/:id, PUT} (version: 1) route
2026-07-21 20:53:37 [info]: Mapped {/api/customers/:id, DELETE} (version: 1) route
2026-07-21 20:53:37 [info]: SaleController {/api/sales} (version: 1):
2026-07-21 20:53:37 [info]: Mapped {/api/sales, GET} (version: 1) route
2026-07-21 20:53:37 [info]: Mapped {/api/sales/summary, GET} (version: 1) route
2026-07-21 20:53:37 [info]: Mapped {/api/sales/:id, GET} (version: 1) route
2026-07-21 20:53:37 [info]: Mapped {/api/sales, POST} (version: 1) route
2026-07-21 20:53:37 [info]: Mapped {/api/sales/:id/void, PATCH} (version: 1) route
2026-07-21 20:53:37 [info]: CompanySettingsController {/api/company-settings} (version: 1):
2026-07-21 20:53:37 [info]: Mapped {/api/company-settings, GET} (version: 1) route
2026-07-21 20:53:37 [info]: Mapped {/api/company-settings, PUT} (version: 1) route
2026-07-21 20:53:37 [info]: PurchaseOrderController {/api/purchase-orders} (version: 1):
2026-07-21 20:53:37 [info]: Mapped {/api/purchase-orders, GET} (version: 1) route
2026-07-21 20:53:37 [info]: Mapped {/api/purchase-orders/:id, GET} (version: 1) route
2026-07-21 20:53:37 [info]: Mapped {/api/purchase-orders, POST} (version: 1) route
2026-07-21 20:53:37 [info]: Mapped {/api/purchase-orders/:id/receive, PATCH} (version: 1) route
2026-07-21 20:53:37 [info]: Mapped {/api/purchase-orders/:id/cancel, PATCH} (version: 1) route
2026-07-21 20:53:37 [info]: Nest application successfully started
2026-07-21 20:54:11 [info]: Starting Nest application...
2026-07-21 20:54:11 [info]: AppModule dependencies initialized
2026-07-21 20:54:11 [info]: TypeOrmModule dependencies initialized
2026-07-21 20:54:11 [info]: PassportModule dependencies initialized
2026-07-21 20:54:11 [info]: ConfigHostModule dependencies initialized
2026-07-21 20:54:11 [info]: WinstonModule dependencies initialized
2026-07-21 20:54:11 [info]: HealthModule dependencies initialized
2026-07-21 20:54:11 [info]: DiscoveryModule dependencies initialized
2026-07-21 20:54:11 [info]: ConfigModule dependencies initialized
2026-07-21 20:54:11 [info]: ConfigModule dependencies initialized
2026-07-21 20:54:11 [info]: EventEmitterModule dependencies initialized
2026-07-21 20:54:11 [info]: ScheduleModule dependencies initialized
2026-07-21 20:54:11 [info]: JwtModule dependencies initialized
2026-07-21 20:54:11 [info]: TypeOrmCoreModule dependencies initialized
2026-07-21 20:54:11 [info]: TypeOrmModule dependencies initialized
2026-07-21 20:54:11 [info]: TypeOrmModule dependencies initialized
2026-07-21 20:54:11 [info]: TypeOrmModule dependencies initialized
2026-07-21 20:54:11 [info]: TypeOrmModule dependencies initialized
2026-07-21 20:54:11 [info]: TypeOrmModule dependencies initialized
2026-07-21 20:54:11 [info]: TypeOrmModule dependencies initialized
2026-07-21 20:54:11 [info]: TypeOrmModule dependencies initialized
2026-07-21 20:54:11 [info]: TypeOrmModule dependencies initialized
2026-07-21 20:54:11 [info]: CategoryModule dependencies initialized
2026-07-21 20:54:11 [info]: SupplierModule dependencies initialized
2026-07-21 20:54:11 [info]: CustomerModule dependencies initialized
2026-07-21 20:54:11 [info]: AuthModule dependencies initialized
2026-07-21 20:54:11 [info]: CompanySettingsModule dependencies initialized
2026-07-21 20:54:11 [info]: ProductModule dependencies initialized
2026-07-21 20:54:11 [info]: PurchaseOrderModule dependencies initialized
2026-07-21 20:54:11 [info]: SaleModule dependencies initialized
2026-07-21 20:54:11 [info]: AuthController {/api/auth} (version: 1):
2026-07-21 20:54:11 [info]: Mapped {/api/auth/login, POST} (version: 1) route
2026-07-21 20:54:11 [info]: Mapped {/api/auth/status, GET} (version: 1) route
2026-07-21 20:54:11 [info]: HealthController {/api/health} (version: 1):
2026-07-21 20:54:11 [info]: Mapped {/api/health, GET} (version: 1) route
2026-07-21 20:54:11 [info]: CategoryController {/api/categories} (version: 1):
2026-07-21 20:54:11 [info]: Mapped {/api/categories, GET} (version: 1) route
2026-07-21 20:54:11 [info]: Mapped {/api/categories/:id, GET} (version: 1) route
2026-07-21 20:54:11 [info]: Mapped {/api/categories, POST} (version: 1) route
2026-07-21 20:54:11 [info]: Mapped {/api/categories/:id, PUT} (version: 1) route
2026-07-21 20:54:11 [info]: Mapped {/api/categories/:id, DELETE} (version: 1) route
2026-07-21 20:54:11 [info]: SupplierController {/api/suppliers} (version: 1):
2026-07-21 20:54:11 [info]: Mapped {/api/suppliers, GET} (version: 1) route
2026-07-21 20:54:11 [info]: Mapped {/api/suppliers/:id, GET} (version: 1) route
2026-07-21 20:54:11 [info]: Mapped {/api/suppliers, POST} (version: 1) route
2026-07-21 20:54:11 [info]: Mapped {/api/suppliers/:id, PUT} (version: 1) route
2026-07-21 20:54:11 [info]: Mapped {/api/suppliers/:id, DELETE} (version: 1) route
2026-07-21 20:54:11 [info]: ProductController {/api/products} (version: 1):
2026-07-21 20:54:11 [info]: Mapped {/api/products, GET} (version: 1) route
2026-07-21 20:54:11 [info]: Mapped {/api/products/low-stock, GET} (version: 1) route
2026-07-21 20:54:11 [info]: Mapped {/api/products/barcode/:barcode, GET} (version: 1) route
2026-07-21 20:54:11 [info]: Mapped {/api/products/:id, GET} (version: 1) route
2026-07-21 20:54:11 [info]: Mapped {/api/products, POST} (version: 1) route
2026-07-21 20:54:11 [info]: Mapped {/api/products/:id, PUT} (version: 1) route
2026-07-21 20:54:11 [info]: Mapped {/api/products/:id, DELETE} (version: 1) route
2026-07-21 20:54:11 [info]: Mapped {/api/products/:id/stock/add, PATCH} (version: 1) route
2026-07-21 20:54:11 [info]: Mapped {/api/products/:id/stock/subtract, PATCH} (version: 1) route
2026-07-21 20:54:11 [info]: CustomerController {/api/customers} (version: 1):
2026-07-21 20:54:11 [info]: Mapped {/api/customers, GET} (version: 1) route
2026-07-21 20:54:11 [info]: Mapped {/api/customers/:id, GET} (version: 1) route
2026-07-21 20:54:11 [info]: Mapped {/api/customers, POST} (version: 1) route
2026-07-21 20:54:11 [info]: Mapped {/api/customers/:id, PUT} (version: 1) route
2026-07-21 20:54:11 [info]: Mapped {/api/customers/:id, DELETE} (version: 1) route
2026-07-21 20:54:11 [info]: SaleController {/api/sales} (version: 1):
2026-07-21 20:54:11 [info]: Mapped {/api/sales, GET} (version: 1) route
2026-07-21 20:54:11 [info]: Mapped {/api/sales/summary, GET} (version: 1) route
2026-07-21 20:54:11 [info]: Mapped {/api/sales/:id, GET} (version: 1) route
2026-07-21 20:54:11 [info]: Mapped {/api/sales, POST} (version: 1) route
2026-07-21 20:54:11 [info]: Mapped {/api/sales/:id/void, PATCH} (version: 1) route
2026-07-21 20:54:11 [info]: CompanySettingsController {/api/company-settings} (version: 1):
2026-07-21 20:54:11 [info]: Mapped {/api/company-settings, GET} (version: 1) route
2026-07-21 20:54:11 [info]: Mapped {/api/company-settings, PUT} (version: 1) route
2026-07-21 20:54:11 [info]: PurchaseOrderController {/api/purchase-orders} (version: 1):
2026-07-21 20:54:11 [info]: Mapped {/api/purchase-orders, GET} (version: 1) route
2026-07-21 20:54:11 [info]: Mapped {/api/purchase-orders/:id, GET} (version: 1) route
2026-07-21 20:54:11 [info]: Mapped {/api/purchase-orders, POST} (version: 1) route
2026-07-21 20:54:11 [info]: Mapped {/api/purchase-orders/:id/receive, PATCH} (version: 1) route
2026-07-21 20:54:11 [info]: Mapped {/api/purchase-orders/:id/cancel, PATCH} (version: 1) route
2026-07-21 20:54:11 [info]: Nest application successfully started
2026-07-21 21:52:12 [info]: Starting Nest application...
2026-07-21 21:52:12 [info]: Starting Nest application...
2026-07-21 21:52:12 [info]: Starting Nest application...
2026-07-21 21:52:12 [info]: AppModule dependencies initialized
2026-07-21 21:52:12 [info]: TypeOrmModule dependencies initialized
2026-07-21 21:52:12 [info]: PassportModule dependencies initialized
2026-07-21 21:52:12 [info]: AppModule dependencies initialized
2026-07-21 21:52:12 [info]: TypeOrmModule dependencies initialized
2026-07-21 21:52:12 [info]: PassportModule dependencies initialized
2026-07-21 21:52:12 [info]: ConfigHostModule dependencies initialized
2026-07-21 21:52:12 [info]: WinstonModule dependencies initialized
2026-07-21 21:52:12 [info]: HealthModule dependencies initialized
2026-07-21 21:52:12 [info]: DiscoveryModule dependencies initialized
2026-07-21 21:52:12 [info]: ConfigModule dependencies initialized
2026-07-21 21:52:12 [info]: ConfigModule dependencies initialized
2026-07-21 21:52:12 [info]: EventEmitterModule dependencies initialized
2026-07-21 21:52:12 [info]: AppModule dependencies initialized
2026-07-21 21:52:12 [info]: ConfigHostModule dependencies initialized
2026-07-21 21:52:12 [info]: WinstonModule dependencies initialized
2026-07-21 21:52:12 [info]: TypeOrmModule dependencies initialized
2026-07-21 21:52:12 [info]: HealthModule dependencies initialized
2026-07-21 21:52:12 [info]: ScheduleModule dependencies initialized
2026-07-21 21:52:12 [info]: DiscoveryModule dependencies initialized
2026-07-21 21:52:12 [info]: PassportModule dependencies initialized
2026-07-21 21:52:12 [info]: JwtModule dependencies initialized
2026-07-21 21:52:12 [info]: ConfigModule dependencies initialized
2026-07-21 21:52:12 [info]: ConfigHostModule dependencies initialized
2026-07-21 21:52:12 [info]: ConfigModule dependencies initialized
2026-07-21 21:52:12 [info]: WinstonModule dependencies initialized
2026-07-21 21:52:12 [info]: EventEmitterModule dependencies initialized
2026-07-21 21:52:12 [info]: HealthModule dependencies initialized
2026-07-21 21:52:12 [info]: ScheduleModule dependencies initialized
2026-07-21 21:52:12 [info]: DiscoveryModule dependencies initialized
2026-07-21 21:52:12 [info]: ConfigModule dependencies initialized
2026-07-21 21:52:12 [info]: JwtModule dependencies initialized
2026-07-21 21:52:12 [info]: ConfigModule dependencies initialized
2026-07-21 21:52:12 [info]: EventEmitterModule dependencies initialized
2026-07-21 21:52:12 [info]: ScheduleModule dependencies initialized
2026-07-21 21:52:12 [info]: JwtModule dependencies initialized
2026-07-21 21:52:12 [info]: TypeOrmCoreModule dependencies initialized
2026-07-21 21:52:12 [info]: TypeOrmCoreModule dependencies initialized
2026-07-21 21:52:12 [info]: TypeOrmModule dependencies initialized
2026-07-21 21:52:12 [info]: TypeOrmModule dependencies initialized
2026-07-21 21:52:12 [info]: TypeOrmModule dependencies initialized
2026-07-21 21:52:12 [info]: TypeOrmModule dependencies initialized
2026-07-21 21:52:12 [info]: TypeOrmModule dependencies initialized
2026-07-21 21:52:12 [info]: TypeOrmModule dependencies initialized
2026-07-21 21:52:12 [info]: TypeOrmModule dependencies initialized
2026-07-21 21:52:12 [info]: TypeOrmModule dependencies initialized
2026-07-21 21:52:12 [info]: CategoryModule dependencies initialized
2026-07-21 21:52:12 [info]: SupplierModule dependencies initialized
2026-07-21 21:52:12 [info]: CustomerModule dependencies initialized
2026-07-21 21:52:12 [info]: AuthModule dependencies initialized
2026-07-21 21:52:12 [info]: CompanySettingsModule dependencies initialized
2026-07-21 21:52:12 [info]: ProductModule dependencies initialized
2026-07-21 21:52:12 [info]: PurchaseOrderModule dependencies initialized
2026-07-21 21:52:12 [info]: SaleModule dependencies initialized
2026-07-21 21:52:12 [info]: AuthController {/api/auth} (version: 1):
2026-07-21 21:52:12 [info]: Mapped {/api/auth/login, POST} (version: 1) route
2026-07-21 21:52:12 [info]: Mapped {/api/auth/status, GET} (version: 1) route
2026-07-21 21:52:12 [info]: HealthController {/api/health} (version: 1):
2026-07-21 21:52:12 [info]: Mapped {/api/health, GET} (version: 1) route
2026-07-21 21:52:12 [info]: CategoryController {/api/categories} (version: 1):
2026-07-21 21:52:12 [info]: Mapped {/api/categories, GET} (version: 1) route
2026-07-21 21:52:12 [info]: Mapped {/api/categories/:id, GET} (version: 1) route
2026-07-21 21:52:12 [info]: Mapped {/api/categories, POST} (version: 1) route
2026-07-21 21:52:12 [info]: Mapped {/api/categories/:id, PUT} (version: 1) route
2026-07-21 21:52:12 [info]: Mapped {/api/categories/:id, DELETE} (version: 1) route
2026-07-21 21:52:12 [info]: SupplierController {/api/suppliers} (version: 1):
2026-07-21 21:52:12 [info]: Mapped {/api/suppliers, GET} (version: 1) route
2026-07-21 21:52:12 [info]: Mapped {/api/suppliers/:id, GET} (version: 1) route
2026-07-21 21:52:12 [info]: Mapped {/api/suppliers, POST} (version: 1) route
2026-07-21 21:52:12 [info]: Mapped {/api/suppliers/:id, PUT} (version: 1) route
2026-07-21 21:52:12 [info]: Mapped {/api/suppliers/:id, DELETE} (version: 1) route
2026-07-21 21:52:12 [info]: ProductController {/api/products} (version: 1):
2026-07-21 21:52:12 [info]: Mapped {/api/products, GET} (version: 1) route
2026-07-21 21:52:12 [info]: Mapped {/api/products/low-stock, GET} (version: 1) route
2026-07-21 21:52:12 [info]: Mapped {/api/products/barcode/:barcode, GET} (version: 1) route
2026-07-21 21:52:12 [info]: Mapped {/api/products/:id, GET} (version: 1) route
2026-07-21 21:52:12 [info]: Mapped {/api/products, POST} (version: 1) route
2026-07-21 21:52:12 [info]: Mapped {/api/products/:id, PUT} (version: 1) route
2026-07-21 21:52:12 [info]: Mapped {/api/products/:id, DELETE} (version: 1) route
2026-07-21 21:52:12 [info]: Mapped {/api/products/:id/stock/add, PATCH} (version: 1) route
2026-07-21 21:52:12 [info]: Mapped {/api/products/:id/stock/subtract, PATCH} (version: 1) route
2026-07-21 21:52:12 [info]: CustomerController {/api/customers} (version: 1):
2026-07-21 21:52:12 [info]: Mapped {/api/customers, GET} (version: 1) route
2026-07-21 21:52:12 [info]: Mapped {/api/customers/:id, GET} (version: 1) route
2026-07-21 21:52:12 [info]: Mapped {/api/customers, POST} (version: 1) route
2026-07-21 21:52:12 [info]: Mapped {/api/customers/:id, PUT} (version: 1) route
2026-07-21 21:52:12 [info]: Mapped {/api/customers/:id, DELETE} (version: 1) route
2026-07-21 21:52:12 [info]: SaleController {/api/sales} (version: 1):
2026-07-21 21:52:12 [info]: Mapped {/api/sales, GET} (version: 1) route
2026-07-21 21:52:12 [info]: Mapped {/api/sales/summary, GET} (version: 1) route
2026-07-21 21:52:12 [info]: Mapped {/api/sales/:id, GET} (version: 1) route
2026-07-21 21:52:12 [info]: Mapped {/api/sales, POST} (version: 1) route
2026-07-21 21:52:12 [info]: Mapped {/api/sales/:id/void, PATCH} (version: 1) route
2026-07-21 21:52:12 [info]: CompanySettingsController {/api/company-settings} (version: 1):
2026-07-21 21:52:12 [info]: Mapped {/api/company-settings, GET} (version: 1) route
2026-07-21 21:52:12 [info]: Mapped {/api/company-settings, PUT} (version: 1) route
2026-07-21 21:52:12 [info]: PurchaseOrderController {/api/purchase-orders} (version: 1):
2026-07-21 21:52:12 [info]: Mapped {/api/purchase-orders, GET} (version: 1) route
2026-07-21 21:52:12 [info]: Mapped {/api/purchase-orders/:id, GET} (version: 1) route
2026-07-21 21:52:12 [info]: Mapped {/api/purchase-orders, POST} (version: 1) route
2026-07-21 21:52:12 [info]: Mapped {/api/purchase-orders/:id/receive, PATCH} (version: 1) route
2026-07-21 21:52:12 [info]: Mapped {/api/purchase-orders/:id/cancel, PATCH} (version: 1) route
2026-07-21 21:52:12 [info]: Nest application successfully started
2026-07-21 21:52:28 [info]: Starting Nest application...
2026-07-21 21:52:28 [info]: AppModule dependencies initialized
2026-07-21 21:52:28 [info]: Starting Nest application...
2026-07-21 21:52:28 [info]: Starting Nest application...
2026-07-21 21:52:28 [info]: TypeOrmModule dependencies initialized
2026-07-21 21:52:28 [info]: AppModule dependencies initialized
2026-07-21 21:52:28 [info]: AppModule dependencies initialized
2026-07-21 21:52:28 [info]: TypeOrmModule dependencies initialized
2026-07-21 21:52:28 [info]: PassportModule dependencies initialized
2026-07-21 21:52:28 [info]: PassportModule dependencies initialized
2026-07-21 21:52:28 [info]: ConfigHostModule dependencies initialized
2026-07-21 21:52:28 [info]: WinstonModule dependencies initialized
2026-07-21 21:52:28 [info]: HealthModule dependencies initialized
2026-07-21 21:52:28 [info]: DiscoveryModule dependencies initialized
2026-07-21 21:52:28 [info]: ConfigModule dependencies initialized
2026-07-21 21:52:28 [info]: ConfigModule dependencies initialized
2026-07-21 21:52:28 [info]: EventEmitterModule dependencies initialized
2026-07-21 21:52:28 [info]: TypeOrmModule dependencies initialized
2026-07-21 21:52:28 [info]: ConfigHostModule dependencies initialized
2026-07-21 21:52:28 [info]: ScheduleModule dependencies initialized
2026-07-21 21:52:28 [info]: PassportModule dependencies initialized
2026-07-21 21:52:28 [info]: ConfigHostModule dependencies initialized
2026-07-21 21:52:28 [info]: WinstonModule dependencies initialized
2026-07-21 21:52:28 [info]: JwtModule dependencies initialized
2026-07-21 21:52:28 [info]: WinstonModule dependencies initialized
2026-07-21 21:52:28 [info]: HealthModule dependencies initialized
2026-07-21 21:52:28 [info]: HealthModule dependencies initialized
2026-07-21 21:52:28 [info]: DiscoveryModule dependencies initialized
2026-07-21 21:52:28 [info]: DiscoveryModule dependencies initialized
2026-07-21 21:52:28 [info]: ConfigModule dependencies initialized
2026-07-21 21:52:28 [info]: ConfigModule dependencies initialized
2026-07-21 21:52:28 [info]: ConfigModule dependencies initialized
2026-07-21 21:52:28 [info]: ConfigModule dependencies initialized
2026-07-21 21:52:28 [info]: EventEmitterModule dependencies initialized
2026-07-21 21:52:28 [info]: EventEmitterModule dependencies initialized
2026-07-21 21:52:28 [info]: ScheduleModule dependencies initialized
2026-07-21 21:52:28 [info]: ScheduleModule dependencies initialized
2026-07-21 21:52:28 [info]: JwtModule dependencies initialized
2026-07-21 21:52:28 [info]: JwtModule dependencies initialized
2026-07-21 21:52:28 [info]: TypeOrmCoreModule dependencies initialized
2026-07-21 21:52:28 [info]: TypeOrmCoreModule dependencies initialized
2026-07-21 21:52:28 [info]: TypeOrmCoreModule dependencies initialized
2026-07-21 21:52:28 [info]: TypeOrmModule dependencies initialized
2026-07-21 21:52:28 [info]: TypeOrmModule dependencies initialized
2026-07-21 21:52:28 [info]: TypeOrmModule dependencies initialized
2026-07-21 21:52:28 [info]: TypeOrmModule dependencies initialized
2026-07-21 21:52:28 [info]: TypeOrmModule dependencies initialized
2026-07-21 21:52:28 [info]: TypeOrmModule dependencies initialized
2026-07-21 21:52:28 [info]: TypeOrmModule dependencies initialized
2026-07-21 21:52:28 [info]: TypeOrmModule dependencies initialized
2026-07-21 21:52:28 [info]: CategoryModule dependencies initialized
2026-07-21 21:52:28 [info]: SupplierModule dependencies initialized
2026-07-21 21:52:28 [info]: CustomerModule dependencies initialized
2026-07-21 21:52:28 [info]: AuthModule dependencies initialized
2026-07-21 21:52:28 [info]: CompanySettingsModule dependencies initialized
2026-07-21 21:52:28 [info]: ProductModule dependencies initialized
2026-07-21 21:52:28 [info]: PurchaseOrderModule dependencies initialized
2026-07-21 21:52:28 [info]: SaleModule dependencies initialized
2026-07-21 21:52:28 [info]: AuthController {/api/auth} (version: 1):
2026-07-21 21:52:28 [info]: Mapped {/api/auth/login, POST} (version: 1) route
2026-07-21 21:52:28 [info]: Mapped {/api/auth/status, GET} (version: 1) route
2026-07-21 21:52:28 [info]: HealthController {/api/health} (version: 1):
2026-07-21 21:52:28 [info]: Mapped {/api/health, GET} (version: 1) route
2026-07-21 21:52:28 [info]: CategoryController {/api/categories} (version: 1):
2026-07-21 21:52:28 [info]: Mapped {/api/categories, GET} (version: 1) route
2026-07-21 21:52:28 [info]: Mapped {/api/categories/:id, GET} (version: 1) route
2026-07-21 21:52:28 [info]: Mapped {/api/categories, POST} (version: 1) route
2026-07-21 21:52:28 [info]: Mapped {/api/categories/:id, PUT} (version: 1) route
2026-07-21 21:52:28 [info]: Mapped {/api/categories/:id, DELETE} (version: 1) route
2026-07-21 21:52:28 [info]: SupplierController {/api/suppliers} (version: 1):
2026-07-21 21:52:28 [info]: Mapped {/api/suppliers, GET} (version: 1) route
2026-07-21 21:52:28 [info]: Mapped {/api/suppliers/:id, GET} (version: 1) route
2026-07-21 21:52:28 [info]: Mapped {/api/suppliers, POST} (version: 1) route
2026-07-21 21:52:28 [info]: Mapped {/api/suppliers/:id, PUT} (version: 1) route
2026-07-21 21:52:28 [info]: Mapped {/api/suppliers/:id, DELETE} (version: 1) route
2026-07-21 21:52:28 [info]: ProductController {/api/products} (version: 1):
2026-07-21 21:52:28 [info]: Mapped {/api/products, GET} (version: 1) route
2026-07-21 21:52:28 [info]: Mapped {/api/products/low-stock, GET} (version: 1) route
2026-07-21 21:52:28 [info]: Mapped {/api/products/barcode/:barcode, GET} (version: 1) route
2026-07-21 21:52:28 [info]: Mapped {/api/products/:id, GET} (version: 1) route
2026-07-21 21:52:28 [info]: Mapped {/api/products, POST} (version: 1) route
2026-07-21 21:52:28 [info]: Mapped {/api/products/:id, PUT} (version: 1) route
2026-07-21 21:52:28 [info]: Mapped {/api/products/:id, DELETE} (version: 1) route
2026-07-21 21:52:28 [info]: Mapped {/api/products/:id/stock/add, PATCH} (version: 1) route
2026-07-21 21:52:28 [info]: Mapped {/api/products/:id/stock/subtract, PATCH} (version: 1) route
2026-07-21 21:52:28 [info]: CustomerController {/api/customers} (version: 1):
2026-07-21 21:52:28 [info]: Mapped {/api/customers, GET} (version: 1) route
2026-07-21 21:52:28 [info]: Mapped {/api/customers/:id, GET} (version: 1) route
2026-07-21 21:52:28 [info]: Mapped {/api/customers, POST} (version: 1) route
2026-07-21 21:52:28 [info]: Mapped {/api/customers/:id, PUT} (version: 1) route
2026-07-21 21:52:28 [info]: Mapped {/api/customers/:id, DELETE} (version: 1) route
2026-07-21 21:52:28 [info]: SaleController {/api/sales} (version: 1):
2026-07-21 21:52:28 [info]: Mapped {/api/sales, GET} (version: 1) route
2026-07-21 21:52:28 [info]: Mapped {/api/sales/summary, GET} (version: 1) route
2026-07-21 21:52:28 [info]: Mapped {/api/sales/:id, GET} (version: 1) route
2026-07-21 21:52:28 [info]: Mapped {/api/sales, POST} (version: 1) route
2026-07-21 21:52:28 [info]: Mapped {/api/sales/:id/void, PATCH} (version: 1) route
2026-07-21 21:52:28 [info]: CompanySettingsController {/api/company-settings} (version: 1):
2026-07-21 21:52:28 [info]: Mapped {/api/company-settings, GET} (version: 1) route
2026-07-21 21:52:28 [info]: Mapped {/api/company-settings, PUT} (version: 1) route
2026-07-21 21:52:28 [info]: PurchaseOrderController {/api/purchase-orders} (version: 1):
2026-07-21 21:52:28 [info]: Mapped {/api/purchase-orders, GET} (version: 1) route
2026-07-21 21:52:28 [info]: Mapped {/api/purchase-orders/:id, GET} (version: 1) route
2026-07-21 21:52:28 [info]: Mapped {/api/purchase-orders, POST} (version: 1) route
2026-07-21 21:52:28 [info]: Mapped {/api/purchase-orders/:id/receive, PATCH} (version: 1) route
2026-07-21 21:52:28 [info]: Mapped {/api/purchase-orders/:id/cancel, PATCH} (version: 1) route
2026-07-21 21:52:28 [info]: Nest application successfully started
2026-07-21 21:52:54 [info]: Starting Nest application...
2026-07-21 21:52:54 [info]: Starting Nest application...
2026-07-21 21:52:54 [info]: Starting Nest application...
2026-07-21 21:52:54 [info]: AppModule dependencies initialized
2026-07-21 21:52:54 [info]: TypeOrmModule dependencies initialized
2026-07-21 21:52:54 [info]: PassportModule dependencies initialized
2026-07-21 21:52:54 [info]: ConfigHostModule dependencies initialized
2026-07-21 21:52:54 [info]: WinstonModule dependencies initialized
2026-07-21 21:52:54 [info]: HealthModule dependencies initialized
2026-07-21 21:52:54 [info]: DiscoveryModule dependencies initialized
2026-07-21 21:52:54 [info]: ConfigModule dependencies initialized
2026-07-21 21:52:54 [info]: ConfigModule dependencies initialized
2026-07-21 21:52:54 [info]: EventEmitterModule dependencies initialized
2026-07-21 21:52:54 [info]: ScheduleModule dependencies initialized
2026-07-21 21:52:54 [info]: JwtModule dependencies initialized
2026-07-21 21:52:54 [info]: AppModule dependencies initialized
2026-07-21 21:52:54 [info]: AppModule dependencies initialized
2026-07-21 21:52:54 [info]: TypeOrmModule dependencies initialized
2026-07-21 21:52:54 [info]: TypeOrmModule dependencies initialized
2026-07-21 21:52:54 [info]: PassportModule dependencies initialized
2026-07-21 21:52:54 [info]: PassportModule dependencies initialized
2026-07-21 21:52:54 [info]: ConfigHostModule dependencies initialized
2026-07-21 21:52:54 [info]: ConfigHostModule dependencies initialized
2026-07-21 21:52:54 [info]: WinstonModule dependencies initialized
2026-07-21 21:52:54 [info]: WinstonModule dependencies initialized
2026-07-21 21:52:54 [info]: HealthModule dependencies initialized
2026-07-21 21:52:54 [info]: HealthModule dependencies initialized
2026-07-21 21:52:54 [info]: DiscoveryModule dependencies initialized
2026-07-21 21:52:54 [info]: DiscoveryModule dependencies initialized
2026-07-21 21:52:54 [info]: ConfigModule dependencies initialized
2026-07-21 21:52:54 [info]: ConfigModule dependencies initialized
2026-07-21 21:52:54 [info]: ConfigModule dependencies initialized
2026-07-21 21:52:54 [info]: ConfigModule dependencies initialized
2026-07-21 21:52:54 [info]: EventEmitterModule dependencies initialized
2026-07-21 21:52:54 [info]: EventEmitterModule dependencies initialized
2026-07-21 21:52:54 [info]: ScheduleModule dependencies initialized
2026-07-21 21:52:54 [info]: ScheduleModule dependencies initialized
2026-07-21 21:52:54 [info]: JwtModule dependencies initialized
2026-07-21 21:52:54 [info]: JwtModule dependencies initialized
2026-07-21 21:52:54 [info]: TypeOrmCoreModule dependencies initialized
2026-07-21 21:52:54 [info]: TypeOrmCoreModule dependencies initialized
2026-07-21 21:52:54 [info]: TypeOrmModule dependencies initialized
2026-07-21 21:52:54 [info]: TypeOrmModule dependencies initialized
2026-07-21 21:52:54 [info]: TypeOrmModule dependencies initialized
2026-07-21 21:52:54 [info]: TypeOrmModule dependencies initialized
2026-07-21 21:52:54 [info]: TypeOrmModule dependencies initialized
2026-07-21 21:52:54 [info]: TypeOrmModule dependencies initialized
2026-07-21 21:52:54 [info]: TypeOrmModule dependencies initialized
2026-07-21 21:52:54 [info]: TypeOrmModule dependencies initialized
2026-07-21 21:52:54 [info]: CategoryModule dependencies initialized
2026-07-21 21:52:54 [info]: SupplierModule dependencies initialized
2026-07-21 21:52:54 [info]: CustomerModule dependencies initialized
2026-07-21 21:52:54 [info]: AuthModule dependencies initialized
2026-07-21 21:52:54 [info]: CompanySettingsModule dependencies initialized
2026-07-21 21:52:54 [info]: ProductModule dependencies initialized
2026-07-21 21:52:54 [info]: PurchaseOrderModule dependencies initialized
2026-07-21 21:52:54 [info]: SaleModule dependencies initialized
2026-07-21 21:52:54 [info]: AuthController {/api/auth} (version: 1):
2026-07-21 21:52:54 [info]: Mapped {/api/auth/login, POST} (version: 1) route
2026-07-21 21:52:54 [info]: Mapped {/api/auth/status, GET} (version: 1) route
2026-07-21 21:52:54 [info]: HealthController {/api/health} (version: 1):
2026-07-21 21:52:54 [info]: Mapped {/api/health, GET} (version: 1) route
2026-07-21 21:52:54 [info]: CategoryController {/api/categories} (version: 1):
2026-07-21 21:52:54 [info]: Mapped {/api/categories, GET} (version: 1) route
2026-07-21 21:52:54 [info]: Mapped {/api/categories/:id, GET} (version: 1) route
2026-07-21 21:52:54 [info]: Mapped {/api/categories, POST} (version: 1) route
2026-07-21 21:52:54 [info]: Mapped {/api/categories/:id, PUT} (version: 1) route
2026-07-21 21:52:54 [info]: Mapped {/api/categories/:id, DELETE} (version: 1) route
2026-07-21 21:52:54 [info]: SupplierController {/api/suppliers} (version: 1):
2026-07-21 21:52:54 [info]: Mapped {/api/suppliers, GET} (version: 1) route
2026-07-21 21:52:54 [info]: Mapped {/api/suppliers/:id, GET} (version: 1) route
2026-07-21 21:52:54 [info]: Mapped {/api/suppliers, POST} (version: 1) route
2026-07-21 21:52:54 [info]: Mapped {/api/suppliers/:id, PUT} (version: 1) route
2026-07-21 21:52:54 [info]: Mapped {/api/suppliers/:id, DELETE} (version: 1) route
2026-07-21 21:52:54 [info]: ProductController {/api/products} (version: 1):
2026-07-21 21:52:54 [info]: Mapped {/api/products, GET} (version: 1) route
2026-07-21 21:52:54 [info]: Mapped {/api/products/low-stock, GET} (version: 1) route
2026-07-21 21:52:54 [info]: Mapped {/api/products/barcode/:barcode, GET} (version: 1) route
2026-07-21 21:52:54 [info]: Mapped {/api/products/:id, GET} (version: 1) route
2026-07-21 21:52:54 [info]: Mapped {/api/products, POST} (version: 1) route
2026-07-21 21:52:54 [info]: Mapped {/api/products/:id, PUT} (version: 1) route
2026-07-21 21:52:54 [info]: Mapped {/api/products/:id, DELETE} (version: 1) route
2026-07-21 21:52:54 [info]: Mapped {/api/products/:id/stock/add, PATCH} (version: 1) route
2026-07-21 21:52:54 [info]: Mapped {/api/products/:id/stock/subtract, PATCH} (version: 1) route
2026-07-21 21:52:54 [info]: CustomerController {/api/customers} (version: 1):
2026-07-21 21:52:54 [info]: Mapped {/api/customers, GET} (version: 1) route
2026-07-21 21:52:54 [info]: Mapped {/api/customers/:id, GET} (version: 1) route
2026-07-21 21:52:54 [info]: Mapped {/api/customers, POST} (version: 1) route
2026-07-21 21:52:54 [info]: Mapped {/api/customers/:id, PUT} (version: 1) route
2026-07-21 21:52:54 [info]: Mapped {/api/customers/:id, DELETE} (version: 1) route
2026-07-21 21:52:54 [info]: SaleController {/api/sales} (version: 1):
2026-07-21 21:52:54 [info]: Mapped {/api/sales, GET} (version: 1) route
2026-07-21 21:52:54 [info]: Mapped {/api/sales/summary, GET} (version: 1) route
2026-07-21 21:52:54 [info]: Mapped {/api/sales/:id, GET} (version: 1) route
2026-07-21 21:52:54 [info]: Mapped {/api/sales, POST} (version: 1) route
2026-07-21 21:52:54 [info]: Mapped {/api/sales/:id/void, PATCH} (version: 1) route
2026-07-21 21:52:54 [info]: CompanySettingsController {/api/company-settings} (version: 1):
2026-07-21 21:52:54 [info]: Mapped {/api/company-settings, GET} (version: 1) route
2026-07-21 21:52:54 [info]: Mapped {/api/company-settings, PUT} (version: 1) route
2026-07-21 21:52:54 [info]: PurchaseOrderController {/api/purchase-orders} (version: 1):
2026-07-21 21:52:54 [info]: Mapped {/api/purchase-orders, GET} (version: 1) route
2026-07-21 21:52:54 [info]: Mapped {/api/purchase-orders/:id, GET} (version: 1) route
2026-07-21 21:52:54 [info]: Mapped {/api/purchase-orders, POST} (version: 1) route
2026-07-21 21:52:54 [info]: Mapped {/api/purchase-orders/:id/receive, PATCH} (version: 1) route
2026-07-21 21:52:54 [info]: Mapped {/api/purchase-orders/:id/cancel, PATCH} (version: 1) route
2026-07-21 21:52:54 [info]: Nest application successfully started
2026-07-21 21:55:05 [info]: Starting Nest application...
2026-07-21 21:55:05 [info]: AppModule dependencies initialized
2026-07-21 21:55:05 [info]: TypeOrmModule dependencies initialized
2026-07-21 21:55:05 [info]: PassportModule dependencies initialized
2026-07-21 21:55:05 [info]: ConfigHostModule dependencies initialized
2026-07-21 21:55:05 [info]: WinstonModule dependencies initialized
2026-07-21 21:55:05 [info]: HealthModule dependencies initialized
2026-07-21 21:55:05 [info]: DiscoveryModule dependencies initialized
2026-07-21 21:55:05 [info]: ConfigModule dependencies initialized
2026-07-21 21:55:05 [info]: ConfigModule dependencies initialized
2026-07-21 21:55:05 [info]: EventEmitterModule dependencies initialized
2026-07-21 21:55:05 [info]: ScheduleModule dependencies initialized
2026-07-21 21:55:05 [info]: JwtModule dependencies initialized
2026-07-21 21:55:05 [info]: TypeOrmCoreModule dependencies initialized
2026-07-21 21:55:05 [info]: TypeOrmModule dependencies initialized
2026-07-21 21:55:05 [info]: TypeOrmModule dependencies initialized
2026-07-21 21:55:05 [info]: TypeOrmModule dependencies initialized
2026-07-21 21:55:05 [info]: TypeOrmModule dependencies initialized
2026-07-21 21:55:05 [info]: TypeOrmModule dependencies initialized
2026-07-21 21:55:05 [info]: TypeOrmModule dependencies initialized
2026-07-21 21:55:05 [info]: TypeOrmModule dependencies initialized
2026-07-21 21:55:05 [info]: TypeOrmModule dependencies initialized
2026-07-21 21:55:05 [info]: CategoryModule dependencies initialized
2026-07-21 21:55:05 [info]: SupplierModule dependencies initialized
2026-07-21 21:55:05 [info]: CustomerModule dependencies initialized
2026-07-21 21:55:05 [info]: AuthModule dependencies initialized
2026-07-21 21:55:05 [info]: CompanySettingsModule dependencies initialized
2026-07-21 21:55:05 [info]: ProductModule dependencies initialized
2026-07-21 21:55:05 [info]: PurchaseOrderModule dependencies initialized
2026-07-21 21:55:05 [info]: SaleModule dependencies initialized
2026-07-21 21:55:05 [info]: AuthController {/api/auth} (version: 1):
2026-07-21 21:55:05 [info]: Mapped {/api/auth/login, POST} (version: 1) route
2026-07-21 21:55:05 [info]: Mapped {/api/auth/status, GET} (version: 1) route
2026-07-21 21:55:05 [info]: HealthController {/api/health} (version: 1):
2026-07-21 21:55:05 [info]: Mapped {/api/health, GET} (version: 1) route
2026-07-21 21:55:05 [info]: CategoryController {/api/categories} (version: 1):
2026-07-21 21:55:05 [info]: Mapped {/api/categories, GET} (version: 1) route
2026-07-21 21:55:05 [info]: Mapped {/api/categories/:id, GET} (version: 1) route
2026-07-21 21:55:05 [info]: Mapped {/api/categories, POST} (version: 1) route
2026-07-21 21:55:05 [info]: Mapped {/api/categories/:id, PUT} (version: 1) route
2026-07-21 21:55:05 [info]: Mapped {/api/categories/:id, DELETE} (version: 1) route
2026-07-21 21:55:05 [info]: SupplierController {/api/suppliers} (version: 1):
2026-07-21 21:55:05 [info]: Mapped {/api/suppliers, GET} (version: 1) route
2026-07-21 21:55:05 [info]: Mapped {/api/suppliers/:id, GET} (version: 1) route
2026-07-21 21:55:05 [info]: Mapped {/api/suppliers, POST} (version: 1) route
2026-07-21 21:55:05 [info]: Mapped {/api/suppliers/:id, PUT} (version: 1) route
2026-07-21 21:55:05 [info]: Mapped {/api/suppliers/:id, DELETE} (version: 1) route
2026-07-21 21:55:05 [info]: ProductController {/api/products} (version: 1):
2026-07-21 21:55:05 [info]: Mapped {/api/products, GET} (version: 1) route
2026-07-21 21:55:05 [info]: Mapped {/api/products/low-stock, GET} (version: 1) route
2026-07-21 21:55:05 [info]: Mapped {/api/products/barcode/:barcode, GET} (version: 1) route
2026-07-21 21:55:05 [info]: Mapped {/api/products/:id, GET} (version: 1) route
2026-07-21 21:55:05 [info]: Mapped {/api/products, POST} (version: 1) route
2026-07-21 21:55:05 [info]: Mapped {/api/products/:id, PUT} (version: 1) route
2026-07-21 21:55:05 [info]: Mapped {/api/products/:id, DELETE} (version: 1) route
2026-07-21 21:55:05 [info]: Mapped {/api/products/:id/stock/add, PATCH} (version: 1) route
2026-07-21 21:55:05 [info]: Mapped {/api/products/:id/stock/subtract, PATCH} (version: 1) route
2026-07-21 21:55:05 [info]: CustomerController {/api/customers} (version: 1):
2026-07-21 21:55:05 [info]: Mapped {/api/customers, GET} (version: 1) route
2026-07-21 21:55:05 [info]: Mapped {/api/customers/:id, GET} (version: 1) route
2026-07-21 21:55:05 [info]: Mapped {/api/customers, POST} (version: 1) route
2026-07-21 21:55:05 [info]: Mapped {/api/customers/:id, PUT} (version: 1) route
2026-07-21 21:55:05 [info]: Mapped {/api/customers/:id, DELETE} (version: 1) route
2026-07-21 21:55:05 [info]: SaleController {/api/sales} (version: 1):
2026-07-21 21:55:05 [info]: Mapped {/api/sales, GET} (version: 1) route
2026-07-21 21:55:05 [info]: Mapped {/api/sales/summary, GET} (version: 1) route
2026-07-21 21:55:05 [info]: Mapped {/api/sales/:id, GET} (version: 1) route
2026-07-21 21:55:05 [info]: Mapped {/api/sales, POST} (version: 1) route
2026-07-21 21:55:05 [info]: Mapped {/api/sales/:id/void, PATCH} (version: 1) route
2026-07-21 21:55:05 [info]: CompanySettingsController {/api/company-settings} (version: 1):
2026-07-21 21:55:05 [info]: Mapped {/api/company-settings, GET} (version: 1) route
2026-07-21 21:55:05 [info]: Mapped {/api/company-settings, PUT} (version: 1) route
2026-07-21 21:55:05 [info]: PurchaseOrderController {/api/purchase-orders} (version: 1):
2026-07-21 21:55:05 [info]: Mapped {/api/purchase-orders, GET} (version: 1) route
2026-07-21 21:55:05 [info]: Mapped {/api/purchase-orders/:id, GET} (version: 1) route
2026-07-21 21:55:05 [info]: Mapped {/api/purchase-orders, POST} (version: 1) route
2026-07-21 21:55:05 [info]: Mapped {/api/purchase-orders/:id/receive, PATCH} (version: 1) route
2026-07-21 21:55:05 [info]: Mapped {/api/purchase-orders/:id/cancel, PATCH} (version: 1) route
2026-07-21 21:55:05 [info]: Nest application successfully started
2026-07-21 22:06:49 [info]: Starting Nest application...
2026-07-21 22:06:49 [info]: AppModule dependencies initialized
2026-07-21 22:06:49 [info]: TypeOrmModule dependencies initialized
2026-07-21 22:06:49 [info]: PassportModule dependencies initialized
2026-07-21 22:06:49 [info]: ConfigHostModule dependencies initialized
2026-07-21 22:06:49 [info]: WinstonModule dependencies initialized
2026-07-21 22:06:49 [info]: HealthModule dependencies initialized
2026-07-21 22:06:49 [info]: DiscoveryModule dependencies initialized
2026-07-21 22:06:49 [info]: ConfigModule dependencies initialized
2026-07-21 22:06:49 [info]: ConfigModule dependencies initialized
2026-07-21 22:06:49 [info]: EventEmitterModule dependencies initialized
2026-07-21 22:06:49 [info]: ScheduleModule dependencies initialized
2026-07-21 22:06:49 [info]: JwtModule dependencies initialized
2026-07-21 22:06:49 [info]: TypeOrmCoreModule dependencies initialized
2026-07-21 22:06:49 [info]: TypeOrmModule dependencies initialized
2026-07-21 22:06:49 [info]: TypeOrmModule dependencies initialized
2026-07-21 22:06:49 [info]: TypeOrmModule dependencies initialized
2026-07-21 22:06:49 [info]: TypeOrmModule dependencies initialized
2026-07-21 22:06:49 [info]: TypeOrmModule dependencies initialized
2026-07-21 22:06:49 [info]: TypeOrmModule dependencies initialized
2026-07-21 22:06:49 [info]: TypeOrmModule dependencies initialized
2026-07-21 22:06:49 [info]: TypeOrmModule dependencies initialized
2026-07-21 22:06:49 [info]: CategoryModule dependencies initialized
2026-07-21 22:06:49 [info]: SupplierModule dependencies initialized
2026-07-21 22:06:49 [info]: CustomerModule dependencies initialized
2026-07-21 22:06:49 [info]: AuthModule dependencies initialized
2026-07-21 22:06:49 [info]: CompanySettingsModule dependencies initialized
2026-07-21 22:06:49 [info]: ProductModule dependencies initialized
2026-07-21 22:06:49 [info]: PurchaseOrderModule dependencies initialized
2026-07-21 22:06:49 [info]: SaleModule dependencies initialized
2026-07-21 22:06:49 [info]: AuthController {/api/auth} (version: 1):
2026-07-21 22:06:49 [info]: Mapped {/api/auth/login, POST} (version: 1) route
2026-07-21 22:06:49 [info]: Mapped {/api/auth/status, GET} (version: 1) route
2026-07-21 22:06:49 [info]: HealthController {/api/health} (version: 1):
2026-07-21 22:06:49 [info]: Mapped {/api/health, GET} (version: 1) route
2026-07-21 22:06:49 [info]: CategoryController {/api/categories} (version: 1):
2026-07-21 22:06:49 [info]: Mapped {/api/categories, GET} (version: 1) route
2026-07-21 22:06:49 [info]: Mapped {/api/categories/:id, GET} (version: 1) route
2026-07-21 22:06:49 [info]: Mapped {/api/categories, POST} (version: 1) route
2026-07-21 22:06:49 [info]: Mapped {/api/categories/:id, PUT} (version: 1) route
2026-07-21 22:06:49 [info]: Mapped {/api/categories/:id, DELETE} (version: 1) route
2026-07-21 22:06:49 [info]: SupplierController {/api/suppliers} (version: 1):
2026-07-21 22:06:49 [info]: Mapped {/api/suppliers, GET} (version: 1) route
2026-07-21 22:06:49 [info]: Mapped {/api/suppliers/:id, GET} (version: 1) route
2026-07-21 22:06:49 [info]: Mapped {/api/suppliers, POST} (version: 1) route
2026-07-21 22:06:49 [info]: Mapped {/api/suppliers/:id, PUT} (version: 1) route
2026-07-21 22:06:49 [info]: Mapped {/api/suppliers/:id, DELETE} (version: 1) route
2026-07-21 22:06:49 [info]: ProductController {/api/products} (version: 1):
2026-07-21 22:06:49 [info]: Mapped {/api/products, GET} (version: 1) route
2026-07-21 22:06:49 [info]: Mapped {/api/products/low-stock, GET} (version: 1) route
2026-07-21 22:06:49 [info]: Mapped {/api/products/barcode/:barcode, GET} (version: 1) route
2026-07-21 22:06:49 [info]: Mapped {/api/products/:id, GET} (version: 1) route
2026-07-21 22:06:49 [info]: Mapped {/api/products, POST} (version: 1) route
2026-07-21 22:06:49 [info]: Mapped {/api/products/:id, PUT} (version: 1) route
2026-07-21 22:06:49 [info]: Mapped {/api/products/:id, DELETE} (version: 1) route
2026-07-21 22:06:49 [info]: Mapped {/api/products/:id/stock/add, PATCH} (version: 1) route
2026-07-21 22:06:49 [info]: Mapped {/api/products/:id/stock/subtract, PATCH} (version: 1) route
2026-07-21 22:06:49 [info]: CustomerController {/api/customers} (version: 1):
2026-07-21 22:06:49 [info]: Mapped {/api/customers, GET} (version: 1) route
2026-07-21 22:06:49 [info]: Mapped {/api/customers/:id, GET} (version: 1) route
2026-07-21 22:06:49 [info]: Mapped {/api/customers, POST} (version: 1) route
2026-07-21 22:06:49 [info]: Mapped {/api/customers/:id, PUT} (version: 1) route
2026-07-21 22:06:49 [info]: Mapped {/api/customers/:id, DELETE} (version: 1) route
2026-07-21 22:06:49 [info]: SaleController {/api/sales} (version: 1):
2026-07-21 22:06:49 [info]: Mapped {/api/sales, GET} (version: 1) route
2026-07-21 22:06:49 [info]: Mapped {/api/sales/summary, GET} (version: 1) route
2026-07-21 22:06:49 [info]: Mapped {/api/sales/:id, GET} (version: 1) route
2026-07-21 22:06:49 [info]: Mapped {/api/sales, POST} (version: 1) route
2026-07-21 22:06:49 [info]: Mapped {/api/sales/:id/void, PATCH} (version: 1) route
2026-07-21 22:06:49 [info]: CompanySettingsController {/api/company-settings} (version: 1):
2026-07-21 22:06:49 [info]: Mapped {/api/company-settings, GET} (version: 1) route
2026-07-21 22:06:49 [info]: Mapped {/api/company-settings, PUT} (version: 1) route
2026-07-21 22:06:49 [info]: PurchaseOrderController {/api/purchase-orders} (version: 1):
2026-07-21 22:06:49 [info]: Mapped {/api/purchase-orders, GET} (version: 1) route
2026-07-21 22:06:49 [info]: Mapped {/api/purchase-orders/:id, GET} (version: 1) route
2026-07-21 22:06:49 [info]: Mapped {/api/purchase-orders, POST} (version: 1) route
2026-07-21 22:06:49 [info]: Mapped {/api/purchase-orders/:id/receive, PATCH} (version: 1) route
2026-07-21 22:06:49 [info]: Mapped {/api/purchase-orders/:id/cancel, PATCH} (version: 1) route
2026-07-21 22:06:49 [info]: Nest application successfully started
2026-07-21 22:07:25 [info]: Starting Nest application...
2026-07-21 22:07:25 [info]: Starting Nest application...
2026-07-21 22:07:25 [info]: AppModule dependencies initialized
2026-07-21 22:07:25 [info]: AppModule dependencies initialized
2026-07-21 22:07:25 [info]: TypeOrmModule dependencies initialized
2026-07-21 22:07:25 [info]: TypeOrmModule dependencies initialized
2026-07-21 22:07:25 [info]: PassportModule dependencies initialized
2026-07-21 22:07:25 [info]: PassportModule dependencies initialized
2026-07-21 22:07:25 [info]: ConfigHostModule dependencies initialized
2026-07-21 22:07:25 [info]: ConfigHostModule dependencies initialized
2026-07-21 22:07:25 [info]: WinstonModule dependencies initialized
2026-07-21 22:07:25 [info]: WinstonModule dependencies initialized
2026-07-21 22:07:25 [info]: HealthModule dependencies initialized
2026-07-21 22:07:25 [info]: HealthModule dependencies initialized
2026-07-21 22:07:25 [info]: DiscoveryModule dependencies initialized
2026-07-21 22:07:25 [info]: DiscoveryModule dependencies initialized
2026-07-21 22:07:25 [info]: ConfigModule dependencies initialized
2026-07-21 22:07:25 [info]: ConfigModule dependencies initialized
2026-07-21 22:07:25 [info]: ConfigModule dependencies initialized
2026-07-21 22:07:25 [info]: ConfigModule dependencies initialized
2026-07-21 22:07:25 [info]: EventEmitterModule dependencies initialized
2026-07-21 22:07:25 [info]: ScheduleModule dependencies initialized
2026-07-21 22:07:25 [info]: JwtModule dependencies initialized
2026-07-21 22:07:25 [info]: EventEmitterModule dependencies initialized
2026-07-21 22:07:25 [info]: ScheduleModule dependencies initialized
2026-07-21 22:07:25 [info]: JwtModule dependencies initialized
2026-07-21 22:07:25 [info]: TypeOrmCoreModule dependencies initialized
2026-07-21 22:07:25 [info]: TypeOrmModule dependencies initialized
2026-07-21 22:07:25 [info]: TypeOrmModule dependencies initialized
2026-07-21 22:07:25 [info]: TypeOrmModule dependencies initialized
2026-07-21 22:07:25 [info]: TypeOrmModule dependencies initialized
2026-07-21 22:07:25 [info]: TypeOrmModule dependencies initialized
2026-07-21 22:07:25 [info]: TypeOrmModule dependencies initialized
2026-07-21 22:07:25 [info]: TypeOrmModule dependencies initialized
2026-07-21 22:07:25 [info]: TypeOrmModule dependencies initialized
2026-07-21 22:07:25 [info]: CategoryModule dependencies initialized
2026-07-21 22:07:25 [info]: SupplierModule dependencies initialized
2026-07-21 22:07:25 [info]: CustomerModule dependencies initialized
2026-07-21 22:07:25 [info]: AuthModule dependencies initialized
2026-07-21 22:07:25 [info]: CompanySettingsModule dependencies initialized
2026-07-21 22:07:25 [info]: ProductModule dependencies initialized
2026-07-21 22:07:25 [info]: PurchaseOrderModule dependencies initialized
2026-07-21 22:07:25 [info]: SaleModule dependencies initialized
2026-07-21 22:07:25 [info]: AuthController {/api/auth} (version: 1):
2026-07-21 22:07:25 [info]: Mapped {/api/auth/login, POST} (version: 1) route
2026-07-21 22:07:25 [info]: Mapped {/api/auth/status, GET} (version: 1) route
2026-07-21 22:07:25 [info]: HealthController {/api/health} (version: 1):
2026-07-21 22:07:25 [info]: Mapped {/api/health, GET} (version: 1) route
2026-07-21 22:07:25 [info]: CategoryController {/api/categories} (version: 1):
2026-07-21 22:07:25 [info]: Mapped {/api/categories, GET} (version: 1) route
2026-07-21 22:07:25 [info]: Mapped {/api/categories/:id, GET} (version: 1) route
2026-07-21 22:07:25 [info]: Mapped {/api/categories, POST} (version: 1) route
2026-07-21 22:07:25 [info]: Mapped {/api/categories/:id, PUT} (version: 1) route
2026-07-21 22:07:25 [info]: Mapped {/api/categories/:id, DELETE} (version: 1) route
2026-07-21 22:07:25 [info]: SupplierController {/api/suppliers} (version: 1):
2026-07-21 22:07:25 [info]: Mapped {/api/suppliers, GET} (version: 1) route
2026-07-21 22:07:25 [info]: Mapped {/api/suppliers/:id, GET} (version: 1) route
2026-07-21 22:07:25 [info]: Mapped {/api/suppliers, POST} (version: 1) route
2026-07-21 22:07:25 [info]: Mapped {/api/suppliers/:id, PUT} (version: 1) route
2026-07-21 22:07:25 [info]: Mapped {/api/suppliers/:id, DELETE} (version: 1) route
2026-07-21 22:07:25 [info]: ProductController {/api/products} (version: 1):
2026-07-21 22:07:25 [info]: Mapped {/api/products, GET} (version: 1) route
2026-07-21 22:07:25 [info]: Mapped {/api/products/low-stock, GET} (version: 1) route
2026-07-21 22:07:25 [info]: Mapped {/api/products/barcode/:barcode, GET} (version: 1) route
2026-07-21 22:07:25 [info]: Mapped {/api/products/:id, GET} (version: 1) route
2026-07-21 22:07:25 [info]: Mapped {/api/products, POST} (version: 1) route
2026-07-21 22:07:25 [info]: Mapped {/api/products/:id, PUT} (version: 1) route
2026-07-21 22:07:25 [info]: Mapped {/api/products/:id, DELETE} (version: 1) route
2026-07-21 22:07:25 [info]: Mapped {/api/products/:id/stock/add, PATCH} (version: 1) route
2026-07-21 22:07:25 [info]: Mapped {/api/products/:id/stock/subtract, PATCH} (version: 1) route
2026-07-21 22:07:25 [info]: CustomerController {/api/customers} (version: 1):
2026-07-21 22:07:25 [info]: Mapped {/api/customers, GET} (version: 1) route
2026-07-21 22:07:25 [info]: Mapped {/api/customers/:id, GET} (version: 1) route
2026-07-21 22:07:25 [info]: Mapped {/api/customers, POST} (version: 1) route
2026-07-21 22:07:25 [info]: Mapped {/api/customers/:id, PUT} (version: 1) route
2026-07-21 22:07:25 [info]: Mapped {/api/customers/:id, DELETE} (version: 1) route
2026-07-21 22:07:25 [info]: SaleController {/api/sales} (version: 1):
2026-07-21 22:07:25 [info]: Mapped {/api/sales, GET} (version: 1) route
2026-07-21 22:07:25 [info]: Mapped {/api/sales/summary, GET} (version: 1) route
2026-07-21 22:07:25 [info]: Mapped {/api/sales/:id, GET} (version: 1) route
2026-07-21 22:07:25 [info]: Mapped {/api/sales, POST} (version: 1) route
2026-07-21 22:07:25 [info]: Mapped {/api/sales/:id/void, PATCH} (version: 1) route
2026-07-21 22:07:25 [info]: CompanySettingsController {/api/company-settings} (version: 1):
2026-07-21 22:07:25 [info]: Mapped {/api/company-settings, GET} (version: 1) route
2026-07-21 22:07:25 [info]: Mapped {/api/company-settings, PUT} (version: 1) route
2026-07-21 22:07:25 [info]: PurchaseOrderController {/api/purchase-orders} (version: 1):
2026-07-21 22:07:25 [info]: Mapped {/api/purchase-orders, GET} (version: 1) route
2026-07-21 22:07:25 [info]: Mapped {/api/purchase-orders/:id, GET} (version: 1) route
2026-07-21 22:07:25 [info]: Mapped {/api/purchase-orders, POST} (version: 1) route
2026-07-21 22:07:25 [info]: Mapped {/api/purchase-orders/:id/receive, PATCH} (version: 1) route
2026-07-21 22:07:25 [info]: Mapped {/api/purchase-orders/:id/cancel, PATCH} (version: 1) route
2026-07-21 22:07:25 [info]: Nest application successfully started
2026-07-21 22:11:02 [info]: Starting Nest application...
2026-07-21 22:11:02 [info]: Starting Nest application...
2026-07-21 22:11:02 [info]: AppModule dependencies initialized
2026-07-21 22:11:02 [info]: AppModule dependencies initialized
2026-07-21 22:11:02 [info]: TypeOrmModule dependencies initialized
2026-07-21 22:11:02 [info]: TypeOrmModule dependencies initialized
2026-07-21 22:11:02 [info]: PassportModule dependencies initialized
2026-07-21 22:11:02 [info]: PassportModule dependencies initialized
2026-07-21 22:11:02 [info]: ConfigHostModule dependencies initialized
2026-07-21 22:11:02 [info]: ConfigHostModule dependencies initialized
2026-07-21 22:11:02 [info]: WinstonModule dependencies initialized
2026-07-21 22:11:02 [info]: WinstonModule dependencies initialized
2026-07-21 22:11:02 [info]: HealthModule dependencies initialized
2026-07-21 22:11:02 [info]: HealthModule dependencies initialized
2026-07-21 22:11:02 [info]: DiscoveryModule dependencies initialized
2026-07-21 22:11:02 [info]: DiscoveryModule dependencies initialized
2026-07-21 22:11:02 [info]: ConfigModule dependencies initialized
2026-07-21 22:11:02 [info]: ConfigModule dependencies initialized
2026-07-21 22:11:02 [info]: ConfigModule dependencies initialized
2026-07-21 22:11:02 [info]: ConfigModule dependencies initialized
2026-07-21 22:11:02 [info]: EventEmitterModule dependencies initialized
2026-07-21 22:11:02 [info]: ScheduleModule dependencies initialized
2026-07-21 22:11:02 [info]: EventEmitterModule dependencies initialized
2026-07-21 22:11:02 [info]: ScheduleModule dependencies initialized
2026-07-21 22:11:02 [info]: JwtModule dependencies initialized
2026-07-21 22:11:02 [info]: JwtModule dependencies initialized
2026-07-21 22:11:02 [info]: TypeOrmCoreModule dependencies initialized
2026-07-21 22:11:02 [info]: TypeOrmModule dependencies initialized
2026-07-21 22:11:02 [info]: TypeOrmModule dependencies initialized
2026-07-21 22:11:02 [info]: TypeOrmModule dependencies initialized
2026-07-21 22:11:02 [info]: TypeOrmModule dependencies initialized
2026-07-21 22:11:02 [info]: TypeOrmModule dependencies initialized
2026-07-21 22:11:02 [info]: TypeOrmModule dependencies initialized
2026-07-21 22:11:02 [info]: TypeOrmModule dependencies initialized
2026-07-21 22:11:02 [info]: TypeOrmModule dependencies initialized
2026-07-21 22:11:02 [info]: CategoryModule dependencies initialized
2026-07-21 22:11:02 [info]: SupplierModule dependencies initialized
2026-07-21 22:11:02 [info]: CustomerModule dependencies initialized
2026-07-21 22:11:02 [info]: AuthModule dependencies initialized
2026-07-21 22:11:02 [info]: CompanySettingsModule dependencies initialized
2026-07-21 22:11:02 [info]: ProductModule dependencies initialized
2026-07-21 22:11:02 [info]: PurchaseOrderModule dependencies initialized
2026-07-21 22:11:02 [info]: SaleModule dependencies initialized
2026-07-21 22:11:02 [info]: AuthController {/api/auth} (version: 1):
2026-07-21 22:11:02 [info]: Mapped {/api/auth/login, POST} (version: 1) route
2026-07-21 22:11:02 [info]: Mapped {/api/auth/status, GET} (version: 1) route
2026-07-21 22:11:02 [info]: HealthController {/api/health} (version: 1):
2026-07-21 22:11:02 [info]: Mapped {/api/health, GET} (version: 1) route
2026-07-21 22:11:02 [info]: CategoryController {/api/categories} (version: 1):
2026-07-21 22:11:02 [info]: Mapped {/api/categories, GET} (version: 1) route
2026-07-21 22:11:02 [info]: Mapped {/api/categories/:id, GET} (version: 1) route
2026-07-21 22:11:02 [info]: Mapped {/api/categories, POST} (version: 1) route
2026-07-21 22:11:02 [info]: Mapped {/api/categories/:id, PUT} (version: 1) route
2026-07-21 22:11:02 [info]: Mapped {/api/categories/:id, DELETE} (version: 1) route
2026-07-21 22:11:02 [info]: SupplierController {/api/suppliers} (version: 1):
2026-07-21 22:11:02 [info]: Mapped {/api/suppliers, GET} (version: 1) route
2026-07-21 22:11:02 [info]: Mapped {/api/suppliers/:id, GET} (version: 1) route
2026-07-21 22:11:02 [info]: Mapped {/api/suppliers, POST} (version: 1) route
2026-07-21 22:11:02 [info]: Mapped {/api/suppliers/:id, PUT} (version: 1) route
2026-07-21 22:11:02 [info]: Mapped {/api/suppliers/:id, DELETE} (version: 1) route
2026-07-21 22:11:02 [info]: ProductController {/api/products} (version: 1):
2026-07-21 22:11:02 [info]: Mapped {/api/products, GET} (version: 1) route
2026-07-21 22:11:02 [info]: Mapped {/api/products/low-stock, GET} (version: 1) route
2026-07-21 22:11:02 [info]: Mapped {/api/products/barcode/:barcode, GET} (version: 1) route
2026-07-21 22:11:02 [info]: Mapped {/api/products/:id, GET} (version: 1) route
2026-07-21 22:11:02 [info]: Mapped {/api/products, POST} (version: 1) route
2026-07-21 22:11:02 [info]: Mapped {/api/products/:id, PUT} (version: 1) route
2026-07-21 22:11:02 [info]: Mapped {/api/products/:id, DELETE} (version: 1) route
2026-07-21 22:11:02 [info]: Mapped {/api/products/:id/stock/add, PATCH} (version: 1) route
2026-07-21 22:11:02 [info]: Mapped {/api/products/:id/stock/subtract, PATCH} (version: 1) route
2026-07-21 22:11:02 [info]: CustomerController {/api/customers} (version: 1):
2026-07-21 22:11:02 [info]: Mapped {/api/customers, GET} (version: 1) route
2026-07-21 22:11:02 [info]: Mapped {/api/customers/:id, GET} (version: 1) route
2026-07-21 22:11:02 [info]: Mapped {/api/customers, POST} (version: 1) route
2026-07-21 22:11:02 [info]: Mapped {/api/customers/:id, PUT} (version: 1) route
2026-07-21 22:11:02 [info]: Mapped {/api/customers/:id, DELETE} (version: 1) route
2026-07-21 22:11:02 [info]: SaleController {/api/sales} (version: 1):
2026-07-21 22:11:02 [info]: Mapped {/api/sales, GET} (version: 1) route
2026-07-21 22:11:02 [info]: Mapped {/api/sales/summary, GET} (version: 1) route
2026-07-21 22:11:02 [info]: Mapped {/api/sales/:id, GET} (version: 1) route
2026-07-21 22:11:02 [info]: Mapped {/api/sales, POST} (version: 1) route
2026-07-21 22:11:02 [info]: Mapped {/api/sales/:id/void, PATCH} (version: 1) route
2026-07-21 22:11:02 [info]: CompanySettingsController {/api/company-settings} (version: 1):
2026-07-21 22:11:02 [info]: Mapped {/api/company-settings, GET} (version: 1) route
2026-07-21 22:11:02 [info]: Mapped {/api/company-settings, PUT} (version: 1) route
2026-07-21 22:11:02 [info]: PurchaseOrderController {/api/purchase-orders} (version: 1):
2026-07-21 22:11:02 [info]: Mapped {/api/purchase-orders, GET} (version: 1) route
2026-07-21 22:11:02 [info]: Mapped {/api/purchase-orders/:id, GET} (version: 1) route
2026-07-21 22:11:02 [info]: Mapped {/api/purchase-orders, POST} (version: 1) route
2026-07-21 22:11:02 [info]: Mapped {/api/purchase-orders/:id/receive, PATCH} (version: 1) route
2026-07-21 22:11:02 [info]: Mapped {/api/purchase-orders/:id/cancel, PATCH} (version: 1) route
2026-07-21 22:11:02 [info]: Nest application successfully started
2026-07-21 22:21:11 [error]: ReferenceError: DocumentType is not defined
    at <anonymous> (/Users/macintosh/Documents/DEVPRO/Back/src/domain/services/sale.service.ts:131:21)
    at process.processTicksAndRejections (node:internal/process/task_queues:103:5)
    at async EntityManager.transaction (/Users/macintosh/Documents/DEVPRO/Back/src/entity-manager/EntityManager.ts:159:28)
    at async /Users/macintosh/Documents/DEVPRO/Back/node_modules/@nestjs/core/router/router-execution-context.js:47:62
    at async /Users/macintosh/Documents/DEVPRO/Back/node_modules/@nestjs/core/router/router-proxy.js:9:17
2026-07-21 22:21:15 [error]: ReferenceError: DocumentType is not defined
    at <anonymous> (/Users/macintosh/Documents/DEVPRO/Back/src/domain/services/sale.service.ts:131:21)
    at process.processTicksAndRejections (node:internal/process/task_queues:103:5)
    at async EntityManager.transaction (/Users/macintosh/Documents/DEVPRO/Back/src/entity-manager/EntityManager.ts:159:28)
    at async /Users/macintosh/Documents/DEVPRO/Back/node_modules/@nestjs/core/router/router-execution-context.js:47:62
    at async /Users/macintosh/Documents/DEVPRO/Back/node_modules/@nestjs/core/router/router-proxy.js:9:17
2026-07-21 22:21:27 [error]: ReferenceError: DocumentType is not defined
    at <anonymous> (/Users/macintosh/Documents/DEVPRO/Back/src/domain/services/sale.service.ts:131:21)
    at process.processTicksAndRejections (node:internal/process/task_queues:103:5)
    at async EntityManager.transaction (/Users/macintosh/Documents/DEVPRO/Back/src/entity-manager/EntityManager.ts:159:28)
    at async /Users/macintosh/Documents/DEVPRO/Back/node_modules/@nestjs/core/router/router-execution-context.js:47:62
    at async /Users/macintosh/Documents/DEVPRO/Back/node_modules/@nestjs/core/router/router-proxy.js:9:17
2026-07-21 22:25:39 [info]: Starting Nest application...
2026-07-21 22:25:39 [info]: Starting Nest application...
2026-07-21 22:25:39 [info]: AppModule dependencies initialized
2026-07-21 22:25:39 [info]: AppModule dependencies initialized
2026-07-21 22:25:39 [info]: TypeOrmModule dependencies initialized
2026-07-21 22:25:39 [info]: TypeOrmModule dependencies initialized
2026-07-21 22:25:39 [info]: PassportModule dependencies initialized
2026-07-21 22:25:39 [info]: PassportModule dependencies initialized
2026-07-21 22:25:39 [info]: ConfigHostModule dependencies initialized
2026-07-21 22:25:39 [info]: ConfigHostModule dependencies initialized
2026-07-21 22:25:39 [info]: WinstonModule dependencies initialized
2026-07-21 22:25:39 [info]: WinstonModule dependencies initialized
2026-07-21 22:25:39 [info]: HealthModule dependencies initialized
2026-07-21 22:25:39 [info]: HealthModule dependencies initialized
2026-07-21 22:25:39 [info]: DiscoveryModule dependencies initialized
2026-07-21 22:25:39 [info]: DiscoveryModule dependencies initialized
2026-07-21 22:25:39 [info]: ConfigModule dependencies initialized
2026-07-21 22:25:39 [info]: ConfigModule dependencies initialized
2026-07-21 22:25:39 [info]: ConfigModule dependencies initialized
2026-07-21 22:25:39 [info]: ConfigModule dependencies initialized
2026-07-21 22:25:39 [info]: EventEmitterModule dependencies initialized
2026-07-21 22:25:39 [info]: EventEmitterModule dependencies initialized
2026-07-21 22:25:39 [info]: ScheduleModule dependencies initialized
2026-07-21 22:25:39 [info]: ScheduleModule dependencies initialized
2026-07-21 22:25:39 [info]: JwtModule dependencies initialized
2026-07-21 22:25:39 [info]: JwtModule dependencies initialized
2026-07-21 22:25:39 [info]: TypeOrmCoreModule dependencies initialized
2026-07-21 22:25:39 [info]: TypeOrmCoreModule dependencies initialized
2026-07-21 22:25:39 [info]: TypeOrmModule dependencies initialized
2026-07-21 22:25:39 [info]: TypeOrmModule dependencies initialized
2026-07-21 22:25:39 [info]: TypeOrmModule dependencies initialized
2026-07-21 22:25:39 [info]: TypeOrmModule dependencies initialized
2026-07-21 22:25:39 [info]: TypeOrmModule dependencies initialized
2026-07-21 22:25:39 [info]: TypeOrmModule dependencies initialized
2026-07-21 22:25:39 [info]: TypeOrmModule dependencies initialized
2026-07-21 22:25:39 [info]: TypeOrmModule dependencies initialized
2026-07-21 22:25:39 [info]: CategoryModule dependencies initialized
2026-07-21 22:25:39 [info]: SupplierModule dependencies initialized
2026-07-21 22:25:39 [info]: CustomerModule dependencies initialized
2026-07-21 22:25:39 [info]: AuthModule dependencies initialized
2026-07-21 22:25:39 [info]: CompanySettingsModule dependencies initialized
2026-07-21 22:25:39 [info]: ProductModule dependencies initialized
2026-07-21 22:25:39 [info]: PurchaseOrderModule dependencies initialized
2026-07-21 22:25:39 [info]: SaleModule dependencies initialized
2026-07-21 22:25:39 [info]: AuthController {/api/auth} (version: 1):
2026-07-21 22:25:39 [info]: Mapped {/api/auth/login, POST} (version: 1) route
2026-07-21 22:25:39 [info]: Mapped {/api/auth/status, GET} (version: 1) route
2026-07-21 22:25:39 [info]: HealthController {/api/health} (version: 1):
2026-07-21 22:25:39 [info]: Mapped {/api/health, GET} (version: 1) route
2026-07-21 22:25:39 [info]: CategoryController {/api/categories} (version: 1):
2026-07-21 22:25:39 [info]: Mapped {/api/categories, GET} (version: 1) route
2026-07-21 22:25:39 [info]: Mapped {/api/categories/:id, GET} (version: 1) route
2026-07-21 22:25:39 [info]: Mapped {/api/categories, POST} (version: 1) route
2026-07-21 22:25:39 [info]: Mapped {/api/categories/:id, PUT} (version: 1) route
2026-07-21 22:25:39 [info]: Mapped {/api/categories/:id, DELETE} (version: 1) route
2026-07-21 22:25:39 [info]: SupplierController {/api/suppliers} (version: 1):
2026-07-21 22:25:39 [info]: Mapped {/api/suppliers, GET} (version: 1) route
2026-07-21 22:25:39 [info]: Mapped {/api/suppliers/:id, GET} (version: 1) route
2026-07-21 22:25:39 [info]: Mapped {/api/suppliers, POST} (version: 1) route
2026-07-21 22:25:39 [info]: Mapped {/api/suppliers/:id, PUT} (version: 1) route
2026-07-21 22:25:39 [info]: Mapped {/api/suppliers/:id, DELETE} (version: 1) route
2026-07-21 22:25:39 [info]: ProductController {/api/products} (version: 1):
2026-07-21 22:25:39 [info]: Mapped {/api/products, GET} (version: 1) route
2026-07-21 22:25:39 [info]: Mapped {/api/products/low-stock, GET} (version: 1) route
2026-07-21 22:25:39 [info]: Mapped {/api/products/barcode/:barcode, GET} (version: 1) route
2026-07-21 22:25:39 [info]: Mapped {/api/products/:id, GET} (version: 1) route
2026-07-21 22:25:39 [info]: Mapped {/api/products, POST} (version: 1) route
2026-07-21 22:25:39 [info]: Mapped {/api/products/:id, PUT} (version: 1) route
2026-07-21 22:25:39 [info]: Mapped {/api/products/:id, DELETE} (version: 1) route
2026-07-21 22:25:39 [info]: Mapped {/api/products/:id/stock/add, PATCH} (version: 1) route
2026-07-21 22:25:39 [info]: Mapped {/api/products/:id/stock/subtract, PATCH} (version: 1) route
2026-07-21 22:25:39 [info]: CustomerController {/api/customers} (version: 1):
2026-07-21 22:25:39 [info]: Mapped {/api/customers, GET} (version: 1) route
2026-07-21 22:25:39 [info]: Mapped {/api/customers/:id, GET} (version: 1) route
2026-07-21 22:25:39 [info]: Mapped {/api/customers, POST} (version: 1) route
2026-07-21 22:25:39 [info]: Mapped {/api/customers/:id, PUT} (version: 1) route
2026-07-21 22:25:39 [info]: Mapped {/api/customers/:id, DELETE} (version: 1) route
2026-07-21 22:25:39 [info]: SaleController {/api/sales} (version: 1):
2026-07-21 22:25:39 [info]: Mapped {/api/sales, GET} (version: 1) route
2026-07-21 22:25:39 [info]: Mapped {/api/sales/summary, GET} (version: 1) route
2026-07-21 22:25:39 [info]: Mapped {/api/sales/:id, GET} (version: 1) route
2026-07-21 22:25:39 [info]: Mapped {/api/sales, POST} (version: 1) route
2026-07-21 22:25:39 [info]: Mapped {/api/sales/:id/void, PATCH} (version: 1) route
2026-07-21 22:25:39 [info]: Mapped {/api/sales/credit-note, POST} (version: 1) route
2026-07-21 22:25:39 [info]: CompanySettingsController {/api/company-settings} (version: 1):
2026-07-21 22:25:39 [info]: Mapped {/api/company-settings, GET} (version: 1) route
2026-07-21 22:25:39 [info]: Mapped {/api/company-settings, PUT} (version: 1) route
2026-07-21 22:25:39 [info]: PurchaseOrderController {/api/purchase-orders} (version: 1):
2026-07-21 22:25:39 [info]: Mapped {/api/purchase-orders, GET} (version: 1) route
2026-07-21 22:25:39 [info]: Mapped {/api/purchase-orders/:id, GET} (version: 1) route
2026-07-21 22:25:39 [info]: Mapped {/api/purchase-orders, POST} (version: 1) route
2026-07-21 22:25:39 [info]: Mapped {/api/purchase-orders/:id/receive, PATCH} (version: 1) route
2026-07-21 22:25:39 [info]: Mapped {/api/purchase-orders/:id/cancel, PATCH} (version: 1) route
2026-07-21 22:25:39 [info]: Nest application successfully started
2026-07-21 22:41:30 [info]: Starting Nest application...
2026-07-21 22:41:30 [info]: Starting Nest application...
2026-07-21 22:41:30 [info]: AppModule dependencies initialized
2026-07-21 22:41:30 [info]: AppModule dependencies initialized
2026-07-21 22:41:30 [info]: TypeOrmModule dependencies initialized
2026-07-21 22:41:30 [info]: TypeOrmModule dependencies initialized
2026-07-21 22:41:30 [info]: PassportModule dependencies initialized
2026-07-21 22:41:30 [info]: PassportModule dependencies initialized
2026-07-21 22:41:30 [info]: ConfigHostModule dependencies initialized
2026-07-21 22:41:30 [info]: ConfigHostModule dependencies initialized
2026-07-21 22:41:30 [info]: WinstonModule dependencies initialized
2026-07-21 22:41:30 [info]: WinstonModule dependencies initialized
2026-07-21 22:41:30 [info]: HealthModule dependencies initialized
2026-07-21 22:41:30 [info]: HealthModule dependencies initialized
2026-07-21 22:41:30 [info]: DiscoveryModule dependencies initialized
2026-07-21 22:41:30 [info]: DiscoveryModule dependencies initialized
2026-07-21 22:41:30 [info]: ConfigModule dependencies initialized
2026-07-21 22:41:30 [info]: ConfigModule dependencies initialized
2026-07-21 22:41:30 [info]: ConfigModule dependencies initialized
2026-07-21 22:41:30 [info]: ConfigModule dependencies initialized
2026-07-21 22:41:30 [info]: EventEmitterModule dependencies initialized
2026-07-21 22:41:30 [info]: EventEmitterModule dependencies initialized
2026-07-21 22:41:30 [info]: ScheduleModule dependencies initialized
2026-07-21 22:41:30 [info]: ScheduleModule dependencies initialized
2026-07-21 22:41:30 [info]: JwtModule dependencies initialized
2026-07-21 22:41:30 [info]: JwtModule dependencies initialized
2026-07-21 22:41:30 [info]: TypeOrmCoreModule dependencies initialized
2026-07-21 22:41:30 [info]: TypeOrmCoreModule dependencies initialized
2026-07-21 22:41:30 [info]: TypeOrmModule dependencies initialized
2026-07-21 22:41:30 [info]: TypeOrmModule dependencies initialized
2026-07-21 22:41:30 [info]: TypeOrmModule dependencies initialized
2026-07-21 22:41:30 [info]: TypeOrmModule dependencies initialized
2026-07-21 22:41:30 [info]: TypeOrmModule dependencies initialized
2026-07-21 22:41:30 [info]: TypeOrmModule dependencies initialized
2026-07-21 22:41:30 [info]: TypeOrmModule dependencies initialized
2026-07-21 22:41:30 [info]: TypeOrmModule dependencies initialized
2026-07-21 22:41:30 [info]: CategoryModule dependencies initialized
2026-07-21 22:41:30 [info]: SupplierModule dependencies initialized
2026-07-21 22:41:30 [info]: CustomerModule dependencies initialized
2026-07-21 22:41:30 [info]: AuthModule dependencies initialized
2026-07-21 22:41:30 [info]: CompanySettingsModule dependencies initialized
2026-07-21 22:41:30 [info]: ProductModule dependencies initialized
2026-07-21 22:41:30 [info]: PurchaseOrderModule dependencies initialized
2026-07-21 22:41:30 [info]: SaleModule dependencies initialized
2026-07-21 22:41:30 [info]: AuthController {/api/auth} (version: 1):
2026-07-21 22:41:30 [info]: Mapped {/api/auth/login, POST} (version: 1) route
2026-07-21 22:41:30 [info]: Mapped {/api/auth/status, GET} (version: 1) route
2026-07-21 22:41:30 [info]: HealthController {/api/health} (version: 1):
2026-07-21 22:41:30 [info]: Mapped {/api/health, GET} (version: 1) route
2026-07-21 22:41:30 [info]: CategoryController {/api/categories} (version: 1):
2026-07-21 22:41:30 [info]: Mapped {/api/categories, GET} (version: 1) route
2026-07-21 22:41:30 [info]: Mapped {/api/categories/:id, GET} (version: 1) route
2026-07-21 22:41:30 [info]: Mapped {/api/categories, POST} (version: 1) route
2026-07-21 22:41:30 [info]: Mapped {/api/categories/:id, PUT} (version: 1) route
2026-07-21 22:41:30 [info]: Mapped {/api/categories/:id, DELETE} (version: 1) route
2026-07-21 22:41:30 [info]: SupplierController {/api/suppliers} (version: 1):
2026-07-21 22:41:30 [info]: Mapped {/api/suppliers, GET} (version: 1) route
2026-07-21 22:41:30 [info]: Mapped {/api/suppliers/:id, GET} (version: 1) route
2026-07-21 22:41:30 [info]: Mapped {/api/suppliers, POST} (version: 1) route
2026-07-21 22:41:30 [info]: Mapped {/api/suppliers/:id, PUT} (version: 1) route
2026-07-21 22:41:30 [info]: Mapped {/api/suppliers/:id, DELETE} (version: 1) route
2026-07-21 22:41:30 [info]: ProductController {/api/products} (version: 1):
2026-07-21 22:41:30 [info]: Mapped {/api/products, GET} (version: 1) route
2026-07-21 22:41:30 [info]: Mapped {/api/products/low-stock, GET} (version: 1) route
2026-07-21 22:41:30 [info]: Mapped {/api/products/barcode/:barcode, GET} (version: 1) route
2026-07-21 22:41:30 [info]: Mapped {/api/products/:id, GET} (version: 1) route
2026-07-21 22:41:30 [info]: Mapped {/api/products, POST} (version: 1) route
2026-07-21 22:41:30 [info]: Mapped {/api/products/:id, PUT} (version: 1) route
2026-07-21 22:41:30 [info]: Mapped {/api/products/:id, DELETE} (version: 1) route
2026-07-21 22:41:30 [info]: Mapped {/api/products/:id/stock/add, PATCH} (version: 1) route
2026-07-21 22:41:30 [info]: Mapped {/api/products/:id/stock/subtract, PATCH} (version: 1) route
2026-07-21 22:41:30 [info]: CustomerController {/api/customers} (version: 1):
2026-07-21 22:41:30 [info]: Mapped {/api/customers, GET} (version: 1) route
2026-07-21 22:41:30 [info]: Mapped {/api/customers/:id, GET} (version: 1) route
2026-07-21 22:41:30 [info]: Mapped {/api/customers, POST} (version: 1) route
2026-07-21 22:41:30 [info]: Mapped {/api/customers/:id, PUT} (version: 1) route
2026-07-21 22:41:30 [info]: Mapped {/api/customers/:id, DELETE} (version: 1) route
2026-07-21 22:41:30 [info]: SaleController {/api/sales} (version: 1):
2026-07-21 22:41:30 [info]: Mapped {/api/sales, GET} (version: 1) route
2026-07-21 22:41:30 [info]: Mapped {/api/sales/summary, GET} (version: 1) route
2026-07-21 22:41:30 [info]: Mapped {/api/sales/:id, GET} (version: 1) route
2026-07-21 22:41:30 [info]: Mapped {/api/sales, POST} (version: 1) route
2026-07-21 22:41:30 [info]: Mapped {/api/sales/:id/void, PATCH} (version: 1) route
2026-07-21 22:41:30 [info]: Mapped {/api/sales/credit-note, POST} (version: 1) route
2026-07-21 22:41:30 [info]: CompanySettingsController {/api/company-settings} (version: 1):
2026-07-21 22:41:30 [info]: Mapped {/api/company-settings, GET} (version: 1) route
2026-07-21 22:41:30 [info]: Mapped {/api/company-settings, PUT} (version: 1) route
2026-07-21 22:41:30 [info]: PurchaseOrderController {/api/purchase-orders} (version: 1):
2026-07-21 22:41:30 [info]: Mapped {/api/purchase-orders, GET} (version: 1) route
2026-07-21 22:41:30 [info]: Mapped {/api/purchase-orders/:id, GET} (version: 1) route
2026-07-21 22:41:30 [info]: Mapped {/api/purchase-orders, POST} (version: 1) route
2026-07-21 22:41:30 [info]: Mapped {/api/purchase-orders/:id/receive, PATCH} (version: 1) route
2026-07-21 22:41:30 [info]: Mapped {/api/purchase-orders/:id/cancel, PATCH} (version: 1) route
2026-07-21 22:41:30 [info]: Nest application successfully started
2026-07-21 22:41:56 [info]: Starting Nest application...
2026-07-21 22:41:56 [info]: Starting Nest application...
2026-07-21 22:41:56 [info]: AppModule dependencies initialized
2026-07-21 22:41:56 [info]: TypeOrmModule dependencies initialized
2026-07-21 22:41:56 [info]: AppModule dependencies initialized
2026-07-21 22:41:56 [info]: PassportModule dependencies initialized
2026-07-21 22:41:56 [info]: TypeOrmModule dependencies initialized
2026-07-21 22:41:56 [info]: ConfigHostModule dependencies initialized
2026-07-21 22:41:56 [info]: PassportModule dependencies initialized
2026-07-21 22:41:56 [info]: WinstonModule dependencies initialized
2026-07-21 22:41:56 [info]: ConfigHostModule dependencies initialized
2026-07-21 22:41:56 [info]: HealthModule dependencies initialized
2026-07-21 22:41:56 [info]: WinstonModule dependencies initialized
2026-07-21 22:41:56 [info]: DiscoveryModule dependencies initialized
2026-07-21 22:41:56 [info]: HealthModule dependencies initialized
2026-07-21 22:41:56 [info]: ConfigModule dependencies initialized
2026-07-21 22:41:56 [info]: ConfigModule dependencies initialized
2026-07-21 22:41:56 [info]: DiscoveryModule dependencies initialized
2026-07-21 22:41:56 [info]: ConfigModule dependencies initialized
2026-07-21 22:41:56 [info]: EventEmitterModule dependencies initialized
2026-07-21 22:41:56 [info]: ConfigModule dependencies initialized
2026-07-21 22:41:56 [info]: ScheduleModule dependencies initialized
2026-07-21 22:41:56 [info]: EventEmitterModule dependencies initialized
2026-07-21 22:41:56 [info]: ScheduleModule dependencies initialized
2026-07-21 22:41:56 [info]: JwtModule dependencies initialized
2026-07-21 22:41:56 [info]: JwtModule dependencies initialized
2026-07-21 22:41:56 [info]: TypeOrmCoreModule dependencies initialized
2026-07-21 22:41:56 [info]: TypeOrmModule dependencies initialized
2026-07-21 22:41:56 [info]: TypeOrmModule dependencies initialized
2026-07-21 22:41:56 [info]: TypeOrmModule dependencies initialized
2026-07-21 22:41:56 [info]: TypeOrmModule dependencies initialized
2026-07-21 22:41:56 [info]: TypeOrmModule dependencies initialized
2026-07-21 22:41:56 [info]: TypeOrmModule dependencies initialized
2026-07-21 22:41:56 [info]: TypeOrmModule dependencies initialized
2026-07-21 22:41:56 [info]: TypeOrmModule dependencies initialized
2026-07-21 22:41:56 [info]: CategoryModule dependencies initialized
2026-07-21 22:41:56 [info]: SupplierModule dependencies initialized
2026-07-21 22:41:56 [info]: CustomerModule dependencies initialized
2026-07-21 22:41:56 [info]: AuthModule dependencies initialized
2026-07-21 22:41:56 [info]: ProductModule dependencies initialized
2026-07-21 22:41:56 [info]: CompanySettingsModule dependencies initialized
2026-07-21 22:41:56 [info]: PurchaseOrderModule dependencies initialized
2026-07-21 22:41:56 [info]: SaleModule dependencies initialized
2026-07-21 22:41:56 [info]: AuthController {/api/auth} (version: 1):
2026-07-21 22:41:56 [info]: Mapped {/api/auth/login, POST} (version: 1) route
2026-07-21 22:41:56 [info]: Mapped {/api/auth/status, GET} (version: 1) route
2026-07-21 22:41:56 [info]: HealthController {/api/health} (version: 1):
2026-07-21 22:41:56 [info]: Mapped {/api/health, GET} (version: 1) route
2026-07-21 22:41:56 [info]: CategoryController {/api/categories} (version: 1):
2026-07-21 22:41:56 [info]: Mapped {/api/categories, GET} (version: 1) route
2026-07-21 22:41:56 [info]: Mapped {/api/categories/:id, GET} (version: 1) route
2026-07-21 22:41:56 [info]: Mapped {/api/categories, POST} (version: 1) route
2026-07-21 22:41:56 [info]: Mapped {/api/categories/:id, PUT} (version: 1) route
2026-07-21 22:41:56 [info]: Mapped {/api/categories/:id, DELETE} (version: 1) route
2026-07-21 22:41:56 [info]: SupplierController {/api/suppliers} (version: 1):
2026-07-21 22:41:56 [info]: Mapped {/api/suppliers, GET} (version: 1) route
2026-07-21 22:41:56 [info]: Mapped {/api/suppliers/:id, GET} (version: 1) route
2026-07-21 22:41:56 [info]: Mapped {/api/suppliers, POST} (version: 1) route
2026-07-21 22:41:56 [info]: Mapped {/api/suppliers/:id, PUT} (version: 1) route
2026-07-21 22:41:56 [info]: Mapped {/api/suppliers/:id, DELETE} (version: 1) route
2026-07-21 22:41:56 [info]: ProductController {/api/products} (version: 1):
2026-07-21 22:41:56 [info]: Mapped {/api/products, GET} (version: 1) route
2026-07-21 22:41:56 [info]: Mapped {/api/products/low-stock, GET} (version: 1) route
2026-07-21 22:41:56 [info]: Mapped {/api/products/barcode/:barcode, GET} (version: 1) route
2026-07-21 22:41:56 [info]: Mapped {/api/products/:id, GET} (version: 1) route
2026-07-21 22:41:56 [info]: Mapped {/api/products, POST} (version: 1) route
2026-07-21 22:41:56 [info]: Mapped {/api/products/:id, PUT} (version: 1) route
2026-07-21 22:41:56 [info]: Mapped {/api/products/:id, DELETE} (version: 1) route
2026-07-21 22:41:56 [info]: Mapped {/api/products/:id/stock/add, PATCH} (version: 1) route
2026-07-21 22:41:56 [info]: Mapped {/api/products/:id/stock/subtract, PATCH} (version: 1) route
2026-07-21 22:41:56 [info]: CustomerController {/api/customers} (version: 1):
2026-07-21 22:41:56 [info]: Mapped {/api/customers, GET} (version: 1) route
2026-07-21 22:41:56 [info]: Mapped {/api/customers/:id, GET} (version: 1) route
2026-07-21 22:41:56 [info]: Mapped {/api/customers, POST} (version: 1) route
2026-07-21 22:41:56 [info]: Mapped {/api/customers/:id, PUT} (version: 1) route
2026-07-21 22:41:56 [info]: Mapped {/api/customers/:id, DELETE} (version: 1) route
2026-07-21 22:41:56 [info]: SaleController {/api/sales} (version: 1):
2026-07-21 22:41:56 [info]: Mapped {/api/sales, GET} (version: 1) route
2026-07-21 22:41:56 [info]: Mapped {/api/sales/summary, GET} (version: 1) route
2026-07-21 22:41:56 [info]: Mapped {/api/sales/:id, GET} (version: 1) route
2026-07-21 22:41:56 [info]: Mapped {/api/sales, POST} (version: 1) route
2026-07-21 22:41:56 [info]: Mapped {/api/sales/:id/void, PATCH} (version: 1) route
2026-07-21 22:41:56 [info]: Mapped {/api/sales/credit-note, POST} (version: 1) route
2026-07-21 22:41:56 [info]: CompanySettingsController {/api/company-settings} (version: 1):
2026-07-21 22:41:56 [info]: Mapped {/api/company-settings, GET} (version: 1) route
2026-07-21 22:41:56 [info]: Mapped {/api/company-settings, PUT} (version: 1) route
2026-07-21 22:41:56 [info]: Mapped {/api/company-settings/logo, POST} (version: 1) route
2026-07-21 22:41:56 [info]: PurchaseOrderController {/api/purchase-orders} (version: 1):
2026-07-21 22:41:56 [info]: Mapped {/api/purchase-orders, GET} (version: 1) route
2026-07-21 22:41:56 [info]: Mapped {/api/purchase-orders/:id, GET} (version: 1) route
2026-07-21 22:41:56 [info]: Mapped {/api/purchase-orders, POST} (version: 1) route
2026-07-21 22:41:56 [info]: Mapped {/api/purchase-orders/:id/receive, PATCH} (version: 1) route
2026-07-21 22:41:56 [info]: Mapped {/api/purchase-orders/:id/cancel, PATCH} (version: 1) route
2026-07-21 22:41:56 [info]: Nest application successfully started
2026-07-21 22:42:33 [info]: Starting Nest application...
2026-07-21 22:42:33 [info]: Starting Nest application...
2026-07-21 22:42:33 [info]: AppModule dependencies initialized
2026-07-21 22:42:33 [info]: AppModule dependencies initialized
2026-07-21 22:42:33 [info]: TypeOrmModule dependencies initialized
2026-07-21 22:42:33 [info]: PassportModule dependencies initialized
2026-07-21 22:42:33 [info]: ConfigHostModule dependencies initialized
2026-07-21 22:42:33 [info]: WinstonModule dependencies initialized
2026-07-21 22:42:33 [info]: HealthModule dependencies initialized
2026-07-21 22:42:33 [info]: TypeOrmModule dependencies initialized
2026-07-21 22:42:33 [info]: DiscoveryModule dependencies initialized
2026-07-21 22:42:33 [info]: ConfigModule dependencies initialized
2026-07-21 22:42:33 [info]: PassportModule dependencies initialized
2026-07-21 22:42:33 [info]: ConfigModule dependencies initialized
2026-07-21 22:42:33 [info]: ConfigHostModule dependencies initialized
2026-07-21 22:42:33 [info]: WinstonModule dependencies initialized
2026-07-21 22:42:33 [info]: HealthModule dependencies initialized
2026-07-21 22:42:33 [info]: DiscoveryModule dependencies initialized
2026-07-21 22:42:33 [info]: ConfigModule dependencies initialized
2026-07-21 22:42:33 [info]: ConfigModule dependencies initialized
2026-07-21 22:42:33 [info]: EventEmitterModule dependencies initialized
2026-07-21 22:42:33 [info]: ScheduleModule dependencies initialized
2026-07-21 22:42:33 [info]: JwtModule dependencies initialized
2026-07-21 22:42:33 [info]: EventEmitterModule dependencies initialized
2026-07-21 22:42:33 [info]: ScheduleModule dependencies initialized
2026-07-21 22:42:33 [info]: JwtModule dependencies initialized
2026-07-21 22:42:33 [info]: TypeOrmCoreModule dependencies initialized
2026-07-21 22:42:33 [info]: TypeOrmModule dependencies initialized
2026-07-21 22:42:33 [info]: TypeOrmModule dependencies initialized
2026-07-21 22:42:33 [info]: TypeOrmModule dependencies initialized
2026-07-21 22:42:33 [info]: TypeOrmModule dependencies initialized
2026-07-21 22:42:33 [info]: TypeOrmModule dependencies initialized
2026-07-21 22:42:33 [info]: TypeOrmModule dependencies initialized
2026-07-21 22:42:33 [info]: TypeOrmModule dependencies initialized
2026-07-21 22:42:33 [info]: TypeOrmModule dependencies initialized
2026-07-21 22:42:33 [info]: CategoryModule dependencies initialized
2026-07-21 22:42:33 [info]: SupplierModule dependencies initialized
2026-07-21 22:42:33 [info]: CustomerModule dependencies initialized
2026-07-21 22:42:33 [info]: AuthModule dependencies initialized
2026-07-21 22:42:33 [info]: ProductModule dependencies initialized
2026-07-21 22:42:33 [info]: CompanySettingsModule dependencies initialized
2026-07-21 22:42:33 [info]: PurchaseOrderModule dependencies initialized
2026-07-21 22:42:33 [info]: SaleModule dependencies initialized
2026-07-21 22:42:34 [info]: AuthController {/api/auth} (version: 1):
2026-07-21 22:42:34 [info]: Mapped {/api/auth/login, POST} (version: 1) route
2026-07-21 22:42:34 [info]: Mapped {/api/auth/status, GET} (version: 1) route
2026-07-21 22:42:34 [info]: HealthController {/api/health} (version: 1):
2026-07-21 22:42:34 [info]: Mapped {/api/health, GET} (version: 1) route
2026-07-21 22:42:34 [info]: CategoryController {/api/categories} (version: 1):
2026-07-21 22:42:34 [info]: Mapped {/api/categories, GET} (version: 1) route
2026-07-21 22:42:34 [info]: Mapped {/api/categories/:id, GET} (version: 1) route
2026-07-21 22:42:34 [info]: Mapped {/api/categories, POST} (version: 1) route
2026-07-21 22:42:34 [info]: Mapped {/api/categories/:id, PUT} (version: 1) route
2026-07-21 22:42:34 [info]: Mapped {/api/categories/:id, DELETE} (version: 1) route
2026-07-21 22:42:34 [info]: SupplierController {/api/suppliers} (version: 1):
2026-07-21 22:42:34 [info]: Mapped {/api/suppliers, GET} (version: 1) route
2026-07-21 22:42:34 [info]: Mapped {/api/suppliers/:id, GET} (version: 1) route
2026-07-21 22:42:34 [info]: Mapped {/api/suppliers, POST} (version: 1) route
2026-07-21 22:42:34 [info]: Mapped {/api/suppliers/:id, PUT} (version: 1) route
2026-07-21 22:42:34 [info]: Mapped {/api/suppliers/:id, DELETE} (version: 1) route
2026-07-21 22:42:34 [info]: ProductController {/api/products} (version: 1):
2026-07-21 22:42:34 [info]: Mapped {/api/products, GET} (version: 1) route
2026-07-21 22:42:34 [info]: Mapped {/api/products/low-stock, GET} (version: 1) route
2026-07-21 22:42:34 [info]: Mapped {/api/products/barcode/:barcode, GET} (version: 1) route
2026-07-21 22:42:34 [info]: Mapped {/api/products/:id, GET} (version: 1) route
2026-07-21 22:42:34 [info]: Mapped {/api/products, POST} (version: 1) route
2026-07-21 22:42:34 [info]: Mapped {/api/products/:id, PUT} (version: 1) route
2026-07-21 22:42:34 [info]: Mapped {/api/products/:id, DELETE} (version: 1) route
2026-07-21 22:42:34 [info]: Mapped {/api/products/:id/stock/add, PATCH} (version: 1) route
2026-07-21 22:42:34 [info]: Mapped {/api/products/:id/stock/subtract, PATCH} (version: 1) route
2026-07-21 22:42:34 [info]: CustomerController {/api/customers} (version: 1):
2026-07-21 22:42:34 [info]: Mapped {/api/customers, GET} (version: 1) route
2026-07-21 22:42:34 [info]: Mapped {/api/customers/:id, GET} (version: 1) route
2026-07-21 22:42:34 [info]: Mapped {/api/customers, POST} (version: 1) route
2026-07-21 22:42:34 [info]: Mapped {/api/customers/:id, PUT} (version: 1) route
2026-07-21 22:42:34 [info]: Mapped {/api/customers/:id, DELETE} (version: 1) route
2026-07-21 22:42:34 [info]: SaleController {/api/sales} (version: 1):
2026-07-21 22:42:34 [info]: Mapped {/api/sales, GET} (version: 1) route
2026-07-21 22:42:34 [info]: Mapped {/api/sales/summary, GET} (version: 1) route
2026-07-21 22:42:34 [info]: Mapped {/api/sales/:id, GET} (version: 1) route
2026-07-21 22:42:34 [info]: Mapped {/api/sales, POST} (version: 1) route
2026-07-21 22:42:34 [info]: Mapped {/api/sales/:id/void, PATCH} (version: 1) route
2026-07-21 22:42:34 [info]: Mapped {/api/sales/credit-note, POST} (version: 1) route
2026-07-21 22:42:34 [info]: CompanySettingsController {/api/company-settings} (version: 1):
2026-07-21 22:42:34 [info]: Mapped {/api/company-settings, GET} (version: 1) route
2026-07-21 22:42:34 [info]: Mapped {/api/company-settings, PUT} (version: 1) route
2026-07-21 22:42:34 [info]: Mapped {/api/company-settings/logo, POST} (version: 1) route
2026-07-21 22:42:34 [info]: PurchaseOrderController {/api/purchase-orders} (version: 1):
2026-07-21 22:42:34 [info]: Mapped {/api/purchase-orders, GET} (version: 1) route
2026-07-21 22:42:34 [info]: Mapped {/api/purchase-orders/:id, GET} (version: 1) route
2026-07-21 22:42:34 [info]: Mapped {/api/purchase-orders, POST} (version: 1) route
2026-07-21 22:42:34 [info]: Mapped {/api/purchase-orders/:id/receive, PATCH} (version: 1) route
2026-07-21 22:42:34 [info]: Mapped {/api/purchase-orders/:id/cancel, PATCH} (version: 1) route
2026-07-21 22:42:34 [info]: Nest application successfully started
2026-07-21 22:44:56 [info]: Starting Nest application...
2026-07-21 22:44:56 [info]: AppModule dependencies initialized
2026-07-21 22:44:56 [info]: TypeOrmModule dependencies initialized
2026-07-21 22:44:56 [info]: PassportModule dependencies initialized
2026-07-21 22:44:56 [info]: ConfigHostModule dependencies initialized
2026-07-21 22:44:56 [info]: WinstonModule dependencies initialized
2026-07-21 22:44:56 [info]: HealthModule dependencies initialized
2026-07-21 22:44:56 [info]: DiscoveryModule dependencies initialized
2026-07-21 22:44:56 [info]: ConfigModule dependencies initialized
2026-07-21 22:44:56 [info]: ConfigModule dependencies initialized
2026-07-21 22:44:56 [info]: EventEmitterModule dependencies initialized
2026-07-21 22:44:56 [info]: ScheduleModule dependencies initialized
2026-07-21 22:44:56 [info]: JwtModule dependencies initialized
2026-07-21 22:53:06 [info]: Starting Nest application...
2026-07-21 22:53:06 [info]: AppModule dependencies initialized
2026-07-21 22:53:06 [info]: TypeOrmModule dependencies initialized
2026-07-21 22:53:06 [info]: PassportModule dependencies initialized
2026-07-21 22:53:06 [info]: ConfigHostModule dependencies initialized
2026-07-21 22:53:06 [info]: WinstonModule dependencies initialized
2026-07-21 22:53:06 [info]: HealthModule dependencies initialized
2026-07-21 22:53:06 [info]: DiscoveryModule dependencies initialized
2026-07-21 22:53:06 [info]: ConfigModule dependencies initialized
2026-07-21 22:53:06 [info]: ConfigModule dependencies initialized
2026-07-21 22:53:06 [info]: EventEmitterModule dependencies initialized
2026-07-21 22:53:06 [info]: ScheduleModule dependencies initialized
2026-07-21 22:53:06 [info]: JwtModule dependencies initialized
2026-07-21 22:53:06 [info]: TypeOrmCoreModule dependencies initialized
2026-07-21 22:53:06 [info]: TypeOrmModule dependencies initialized
2026-07-21 22:53:06 [info]: TypeOrmModule dependencies initialized
2026-07-21 22:53:06 [info]: TypeOrmModule dependencies initialized
2026-07-21 22:53:06 [info]: TypeOrmModule dependencies initialized
2026-07-21 22:53:06 [info]: TypeOrmModule dependencies initialized
2026-07-21 22:53:06 [info]: TypeOrmModule dependencies initialized
2026-07-21 22:53:06 [info]: TypeOrmModule dependencies initialized
2026-07-21 22:53:06 [info]: TypeOrmModule dependencies initialized
2026-07-21 22:53:06 [info]: CategoryModule dependencies initialized
2026-07-21 22:53:06 [info]: SupplierModule dependencies initialized
2026-07-21 22:53:06 [info]: CustomerModule dependencies initialized
2026-07-21 22:53:06 [info]: AuthModule dependencies initialized
2026-07-21 22:53:06 [info]: ProductModule dependencies initialized
2026-07-21 22:53:06 [info]: CompanySettingsModule dependencies initialized
2026-07-21 22:53:06 [info]: PurchaseOrderModule dependencies initialized
2026-07-21 22:53:06 [info]: SaleModule dependencies initialized
2026-07-21 22:53:06 [info]: AuthController {/api/auth} (version: 1):
2026-07-21 22:53:06 [info]: Mapped {/api/auth/login, POST} (version: 1) route
2026-07-21 22:53:06 [info]: Mapped {/api/auth/status, GET} (version: 1) route
2026-07-21 22:53:06 [info]: HealthController {/api/health} (version: 1):
2026-07-21 22:53:06 [info]: Mapped {/api/health, GET} (version: 1) route
2026-07-21 22:53:06 [info]: CategoryController {/api/categories} (version: 1):
2026-07-21 22:53:06 [info]: Mapped {/api/categories, GET} (version: 1) route
2026-07-21 22:53:06 [info]: Mapped {/api/categories/:id, GET} (version: 1) route
2026-07-21 22:53:06 [info]: Mapped {/api/categories, POST} (version: 1) route
2026-07-21 22:53:06 [info]: Mapped {/api/categories/:id, PUT} (version: 1) route
2026-07-21 22:53:06 [info]: Mapped {/api/categories/:id, DELETE} (version: 1) route
2026-07-21 22:53:06 [info]: SupplierController {/api/suppliers} (version: 1):
2026-07-21 22:53:06 [info]: Mapped {/api/suppliers, GET} (version: 1) route
2026-07-21 22:53:06 [info]: Mapped {/api/suppliers/:id, GET} (version: 1) route
2026-07-21 22:53:06 [info]: Mapped {/api/suppliers, POST} (version: 1) route
2026-07-21 22:53:06 [info]: Mapped {/api/suppliers/:id, PUT} (version: 1) route
2026-07-21 22:53:06 [info]: Mapped {/api/suppliers/:id, DELETE} (version: 1) route
2026-07-21 22:53:06 [info]: ProductController {/api/products} (version: 1):
2026-07-21 22:53:06 [info]: Mapped {/api/products, GET} (version: 1) route
2026-07-21 22:53:06 [info]: Mapped {/api/products/low-stock, GET} (version: 1) route
2026-07-21 22:53:06 [info]: Mapped {/api/products/barcode/:barcode, GET} (version: 1) route
2026-07-21 22:53:06 [info]: Mapped {/api/products/:id, GET} (version: 1) route
2026-07-21 22:53:06 [info]: Mapped {/api/products, POST} (version: 1) route
2026-07-21 22:53:06 [info]: Mapped {/api/products/:id, PUT} (version: 1) route
2026-07-21 22:53:06 [info]: Mapped {/api/products/:id, DELETE} (version: 1) route
2026-07-21 22:53:06 [info]: Mapped {/api/products/:id/stock/add, PATCH} (version: 1) route
2026-07-21 22:53:06 [info]: Mapped {/api/products/:id/stock/subtract, PATCH} (version: 1) route
2026-07-21 22:53:06 [info]: CustomerController {/api/customers} (version: 1):
2026-07-21 22:53:06 [info]: Mapped {/api/customers, GET} (version: 1) route
2026-07-21 22:53:06 [info]: Mapped {/api/customers/:id, GET} (version: 1) route
2026-07-21 22:53:06 [info]: Mapped {/api/customers, POST} (version: 1) route
2026-07-21 22:53:06 [info]: Mapped {/api/customers/:id, PUT} (version: 1) route
2026-07-21 22:53:06 [info]: Mapped {/api/customers/:id, DELETE} (version: 1) route
2026-07-21 22:53:06 [info]: SaleController {/api/sales} (version: 1):
2026-07-21 22:53:06 [info]: Mapped {/api/sales, GET} (version: 1) route
2026-07-21 22:53:06 [info]: Mapped {/api/sales/summary, GET} (version: 1) route
2026-07-21 22:53:06 [info]: Mapped {/api/sales/:id, GET} (version: 1) route
2026-07-21 22:53:06 [info]: Mapped {/api/sales, POST} (version: 1) route
2026-07-21 22:53:06 [info]: Mapped {/api/sales/:id/void, PATCH} (version: 1) route
2026-07-21 22:53:06 [info]: Mapped {/api/sales/credit-note, POST} (version: 1) route
2026-07-21 22:53:06 [info]: CompanySettingsController {/api/company-settings} (version: 1):
2026-07-21 22:53:06 [info]: Mapped {/api/company-settings, GET} (version: 1) route
2026-07-21 22:53:06 [info]: Mapped {/api/company-settings, PUT} (version: 1) route
2026-07-21 22:53:06 [info]: Mapped {/api/company-settings/logo, POST} (version: 1) route
2026-07-21 22:53:06 [info]: PurchaseOrderController {/api/purchase-orders} (version: 1):
2026-07-21 22:53:06 [info]: Mapped {/api/purchase-orders, GET} (version: 1) route
2026-07-21 22:53:06 [info]: Mapped {/api/purchase-orders/:id, GET} (version: 1) route
2026-07-21 22:53:06 [info]: Mapped {/api/purchase-orders, POST} (version: 1) route
2026-07-21 22:53:06 [info]: Mapped {/api/purchase-orders/:id/receive, PATCH} (version: 1) route
2026-07-21 22:53:06 [info]: Mapped {/api/purchase-orders/:id/cancel, PATCH} (version: 1) route
2026-07-21 22:53:06 [info]: Nest application successfully started
2026-07-21 22:56:05 [info]: Starting Nest application...
2026-07-21 22:56:05 [info]: Starting Nest application...
2026-07-21 22:56:05 [info]: AppModule dependencies initialized
2026-07-21 22:56:05 [info]: AppModule dependencies initialized
2026-07-21 22:56:05 [info]: TypeOrmModule dependencies initialized
2026-07-21 22:56:05 [info]: TypeOrmModule dependencies initialized
2026-07-21 22:56:05 [info]: PassportModule dependencies initialized
2026-07-21 22:56:05 [info]: PassportModule dependencies initialized
2026-07-21 22:56:05 [info]: ConfigHostModule dependencies initialized
2026-07-21 22:56:05 [info]: ConfigHostModule dependencies initialized
2026-07-21 22:56:05 [info]: WinstonModule dependencies initialized
2026-07-21 22:56:05 [info]: WinstonModule dependencies initialized
2026-07-21 22:56:05 [info]: HealthModule dependencies initialized
2026-07-21 22:56:05 [info]: HealthModule dependencies initialized
2026-07-21 22:56:05 [info]: DiscoveryModule dependencies initialized
2026-07-21 22:56:05 [info]: ConfigModule dependencies initialized
2026-07-21 22:56:05 [info]: DiscoveryModule dependencies initialized
2026-07-21 22:56:05 [info]: ConfigModule dependencies initialized
2026-07-21 22:56:05 [info]: ConfigModule dependencies initialized
2026-07-21 22:56:05 [info]: ConfigModule dependencies initialized
2026-07-21 22:56:05 [info]: EventEmitterModule dependencies initialized
2026-07-21 22:56:05 [info]: EventEmitterModule dependencies initialized
2026-07-21 22:56:05 [info]: ScheduleModule dependencies initialized
2026-07-21 22:56:05 [info]: ScheduleModule dependencies initialized
2026-07-21 22:56:05 [info]: JwtModule dependencies initialized
2026-07-21 22:56:05 [info]: JwtModule dependencies initialized
2026-07-21 22:56:05 [info]: TypeOrmCoreModule dependencies initialized
2026-07-21 22:56:05 [info]: TypeOrmModule dependencies initialized
2026-07-21 22:56:05 [info]: TypeOrmModule dependencies initialized
2026-07-21 22:56:05 [info]: TypeOrmModule dependencies initialized
2026-07-21 22:56:05 [info]: TypeOrmModule dependencies initialized
2026-07-21 22:56:05 [info]: TypeOrmModule dependencies initialized
2026-07-21 22:56:05 [info]: TypeOrmModule dependencies initialized
2026-07-21 22:56:05 [info]: TypeOrmModule dependencies initialized
2026-07-21 22:56:05 [info]: TypeOrmModule dependencies initialized
2026-07-21 22:56:05 [info]: CategoryModule dependencies initialized
2026-07-21 22:56:05 [info]: SupplierModule dependencies initialized
2026-07-21 22:56:05 [info]: CustomerModule dependencies initialized
2026-07-21 22:56:05 [info]: AuthModule dependencies initialized
2026-07-21 22:56:05 [info]: ProductModule dependencies initialized
2026-07-21 22:56:05 [info]: CompanySettingsModule dependencies initialized
2026-07-21 22:56:05 [info]: PurchaseOrderModule dependencies initialized
2026-07-21 22:56:05 [info]: SaleModule dependencies initialized
2026-07-21 22:56:05 [info]: AuthController {/api/auth} (version: 1):
2026-07-21 22:56:05 [info]: Mapped {/api/auth/login, POST} (version: 1) route
2026-07-21 22:56:05 [info]: Mapped {/api/auth/status, GET} (version: 1) route
2026-07-21 22:56:05 [info]: HealthController {/api/health} (version: 1):
2026-07-21 22:56:05 [info]: Mapped {/api/health, GET} (version: 1) route
2026-07-21 22:56:05 [info]: CategoryController {/api/categories} (version: 1):
2026-07-21 22:56:05 [info]: Mapped {/api/categories, GET} (version: 1) route
2026-07-21 22:56:05 [info]: Mapped {/api/categories/:id, GET} (version: 1) route
2026-07-21 22:56:05 [info]: Mapped {/api/categories, POST} (version: 1) route
2026-07-21 22:56:05 [info]: Mapped {/api/categories/:id, PUT} (version: 1) route
2026-07-21 22:56:05 [info]: Mapped {/api/categories/:id, DELETE} (version: 1) route
2026-07-21 22:56:05 [info]: SupplierController {/api/suppliers} (version: 1):
2026-07-21 22:56:05 [info]: Mapped {/api/suppliers, GET} (version: 1) route
2026-07-21 22:56:05 [info]: Mapped {/api/suppliers/:id, GET} (version: 1) route
2026-07-21 22:56:05 [info]: Mapped {/api/suppliers, POST} (version: 1) route
2026-07-21 22:56:05 [info]: Mapped {/api/suppliers/:id, PUT} (version: 1) route
2026-07-21 22:56:05 [info]: Mapped {/api/suppliers/:id, DELETE} (version: 1) route
2026-07-21 22:56:05 [info]: ProductController {/api/products} (version: 1):
2026-07-21 22:56:05 [info]: Mapped {/api/products, GET} (version: 1) route
2026-07-21 22:56:05 [info]: Mapped {/api/products/low-stock, GET} (version: 1) route
2026-07-21 22:56:05 [info]: Mapped {/api/products/barcode/:barcode, GET} (version: 1) route
2026-07-21 22:56:05 [info]: Mapped {/api/products/:id, GET} (version: 1) route
2026-07-21 22:56:05 [info]: Mapped {/api/products, POST} (version: 1) route
2026-07-21 22:56:05 [info]: Mapped {/api/products/:id, PUT} (version: 1) route
2026-07-21 22:56:05 [info]: Mapped {/api/products/:id, DELETE} (version: 1) route
2026-07-21 22:56:05 [info]: Mapped {/api/products/:id/stock/add, PATCH} (version: 1) route
2026-07-21 22:56:05 [info]: Mapped {/api/products/:id/stock/subtract, PATCH} (version: 1) route
2026-07-21 22:56:05 [info]: CustomerController {/api/customers} (version: 1):
2026-07-21 22:56:05 [info]: Mapped {/api/customers, GET} (version: 1) route
2026-07-21 22:56:05 [info]: Mapped {/api/customers/:id, GET} (version: 1) route
2026-07-21 22:56:05 [info]: Mapped {/api/customers, POST} (version: 1) route
2026-07-21 22:56:05 [info]: Mapped {/api/customers/:id, PUT} (version: 1) route
2026-07-21 22:56:05 [info]: Mapped {/api/customers/:id, DELETE} (version: 1) route
2026-07-21 22:56:05 [info]: SaleController {/api/sales} (version: 1):
2026-07-21 22:56:05 [info]: Mapped {/api/sales, GET} (version: 1) route
2026-07-21 22:56:05 [info]: Mapped {/api/sales/summary, GET} (version: 1) route
2026-07-21 22:56:05 [info]: Mapped {/api/sales/:id, GET} (version: 1) route
2026-07-21 22:56:05 [info]: Mapped {/api/sales, POST} (version: 1) route
2026-07-21 22:56:05 [info]: Mapped {/api/sales/:id/void, PATCH} (version: 1) route
2026-07-21 22:56:05 [info]: Mapped {/api/sales/credit-note, POST} (version: 1) route
2026-07-21 22:56:05 [info]: CompanySettingsController {/api/company-settings} (version: 1):
2026-07-21 22:56:05 [info]: Mapped {/api/company-settings, GET} (version: 1) route
2026-07-21 22:56:05 [info]: Mapped {/api/company-settings, PUT} (version: 1) route
2026-07-21 22:56:05 [info]: Mapped {/api/company-settings/logo, POST} (version: 1) route
2026-07-21 22:56:05 [info]: PurchaseOrderController {/api/purchase-orders} (version: 1):
2026-07-21 22:56:05 [info]: Mapped {/api/purchase-orders, GET} (version: 1) route
2026-07-21 22:56:05 [info]: Mapped {/api/purchase-orders/:id, GET} (version: 1) route
2026-07-21 22:56:05 [info]: Mapped {/api/purchase-orders, POST} (version: 1) route
2026-07-21 22:56:05 [info]: Mapped {/api/purchase-orders/:id/receive, PATCH} (version: 1) route
2026-07-21 22:56:05 [info]: Mapped {/api/purchase-orders/:id/cancel, PATCH} (version: 1) route
2026-07-21 22:56:05 [info]: Nest application successfully started
2026-07-21 23:07:15 [info]: Starting Nest application...
2026-07-21 23:07:15 [info]: Starting Nest application...
2026-07-21 23:07:15 [info]: AppModule dependencies initialized
2026-07-21 23:07:15 [info]: AppModule dependencies initialized
2026-07-21 23:07:15 [info]: TypeOrmModule dependencies initialized
2026-07-21 23:07:15 [info]: TypeOrmModule dependencies initialized
2026-07-21 23:07:15 [info]: PassportModule dependencies initialized
2026-07-21 23:07:15 [info]: PassportModule dependencies initialized
2026-07-21 23:07:15 [info]: ConfigHostModule dependencies initialized
2026-07-21 23:07:15 [info]: ConfigHostModule dependencies initialized
2026-07-21 23:07:15 [info]: WinstonModule dependencies initialized
2026-07-21 23:07:15 [info]: WinstonModule dependencies initialized
2026-07-21 23:07:15 [info]: HealthModule dependencies initialized
2026-07-21 23:07:15 [info]: HealthModule dependencies initialized
2026-07-21 23:07:15 [info]: DiscoveryModule dependencies initialized
2026-07-21 23:07:15 [info]: DiscoveryModule dependencies initialized
2026-07-21 23:07:15 [info]: ConfigModule dependencies initialized
2026-07-21 23:07:15 [info]: ConfigModule dependencies initialized
2026-07-21 23:07:15 [info]: ConfigModule dependencies initialized
2026-07-21 23:07:15 [info]: ConfigModule dependencies initialized
2026-07-21 23:07:15 [info]: EventEmitterModule dependencies initialized
2026-07-21 23:07:15 [info]: EventEmitterModule dependencies initialized
2026-07-21 23:07:15 [info]: ScheduleModule dependencies initialized
2026-07-21 23:07:15 [info]: ScheduleModule dependencies initialized
2026-07-21 23:07:15 [info]: JwtModule dependencies initialized
2026-07-21 23:07:15 [info]: JwtModule dependencies initialized
2026-07-21 23:07:16 [info]: TypeOrmCoreModule dependencies initialized
2026-07-21 23:07:16 [info]: TypeOrmCoreModule dependencies initialized
2026-07-21 23:07:16 [info]: TypeOrmModule dependencies initialized
2026-07-21 23:07:16 [info]: TypeOrmModule dependencies initialized
2026-07-21 23:07:16 [info]: TypeOrmModule dependencies initialized
2026-07-21 23:07:16 [info]: TypeOrmModule dependencies initialized
2026-07-21 23:07:16 [info]: TypeOrmModule dependencies initialized
2026-07-21 23:07:16 [info]: TypeOrmModule dependencies initialized
2026-07-21 23:07:16 [info]: TypeOrmModule dependencies initialized
2026-07-21 23:07:16 [info]: TypeOrmModule dependencies initialized
2026-07-21 23:07:16 [info]: CategoryModule dependencies initialized
2026-07-21 23:07:16 [info]: SupplierModule dependencies initialized
2026-07-21 23:07:16 [info]: CustomerModule dependencies initialized
2026-07-21 23:07:16 [info]: AuthModule dependencies initialized
2026-07-21 23:07:16 [info]: ProductModule dependencies initialized
2026-07-21 23:07:16 [info]: CompanySettingsModule dependencies initialized
2026-07-21 23:07:16 [info]: PurchaseOrderModule dependencies initialized
2026-07-21 23:07:16 [info]: SaleModule dependencies initialized
2026-07-21 23:07:16 [info]: AuthController {/api/auth} (version: 1):
2026-07-21 23:07:16 [info]: Mapped {/api/auth/login, POST} (version: 1) route
2026-07-21 23:07:16 [info]: Mapped {/api/auth/status, GET} (version: 1) route
2026-07-21 23:07:16 [info]: HealthController {/api/health} (version: 1):
2026-07-21 23:07:16 [info]: Mapped {/api/health, GET} (version: 1) route
2026-07-21 23:07:16 [info]: CategoryController {/api/categories} (version: 1):
2026-07-21 23:07:16 [info]: Mapped {/api/categories, GET} (version: 1) route
2026-07-21 23:07:16 [info]: Mapped {/api/categories/:id, GET} (version: 1) route
2026-07-21 23:07:16 [info]: Mapped {/api/categories, POST} (version: 1) route
2026-07-21 23:07:16 [info]: Mapped {/api/categories/:id, PUT} (version: 1) route
2026-07-21 23:07:16 [info]: Mapped {/api/categories/:id, DELETE} (version: 1) route
2026-07-21 23:07:16 [info]: SupplierController {/api/suppliers} (version: 1):
2026-07-21 23:07:16 [info]: Mapped {/api/suppliers, GET} (version: 1) route
2026-07-21 23:07:16 [info]: Mapped {/api/suppliers/:id, GET} (version: 1) route
2026-07-21 23:07:16 [info]: Mapped {/api/suppliers, POST} (version: 1) route
2026-07-21 23:07:16 [info]: Mapped {/api/suppliers/:id, PUT} (version: 1) route
2026-07-21 23:07:16 [info]: Mapped {/api/suppliers/:id, DELETE} (version: 1) route
2026-07-21 23:07:16 [info]: ProductController {/api/products} (version: 1):
2026-07-21 23:07:16 [info]: Mapped {/api/products, GET} (version: 1) route
2026-07-21 23:07:16 [info]: Mapped {/api/products/low-stock, GET} (version: 1) route
2026-07-21 23:07:16 [info]: Mapped {/api/products/barcode/:barcode, GET} (version: 1) route
2026-07-21 23:07:16 [info]: Mapped {/api/products/:id, GET} (version: 1) route
2026-07-21 23:07:16 [info]: Mapped {/api/products, POST} (version: 1) route
2026-07-21 23:07:16 [info]: Mapped {/api/products/:id, PUT} (version: 1) route
2026-07-21 23:07:16 [info]: Mapped {/api/products/:id, DELETE} (version: 1) route
2026-07-21 23:07:16 [info]: Mapped {/api/products/:id/stock/add, PATCH} (version: 1) route
2026-07-21 23:07:16 [info]: Mapped {/api/products/:id/stock/subtract, PATCH} (version: 1) route
2026-07-21 23:07:16 [info]: CustomerController {/api/customers} (version: 1):
2026-07-21 23:07:16 [info]: Mapped {/api/customers, GET} (version: 1) route
2026-07-21 23:07:16 [info]: Mapped {/api/customers/lookup/:doc, GET} (version: 1) route
2026-07-21 23:07:16 [info]: Mapped {/api/customers/:id, GET} (version: 1) route
2026-07-21 23:07:16 [info]: Mapped {/api/customers, POST} (version: 1) route
2026-07-21 23:07:16 [info]: Mapped {/api/customers/:id, PUT} (version: 1) route
2026-07-21 23:07:16 [info]: Mapped {/api/customers/:id, DELETE} (version: 1) route
2026-07-21 23:07:16 [info]: SaleController {/api/sales} (version: 1):
2026-07-21 23:07:16 [info]: Mapped {/api/sales, GET} (version: 1) route
2026-07-21 23:07:16 [info]: Mapped {/api/sales/summary, GET} (version: 1) route
2026-07-21 23:07:16 [info]: Mapped {/api/sales/:id, GET} (version: 1) route
2026-07-21 23:07:16 [info]: Mapped {/api/sales, POST} (version: 1) route
2026-07-21 23:07:16 [info]: Mapped {/api/sales/:id/void, PATCH} (version: 1) route
2026-07-21 23:07:16 [info]: Mapped {/api/sales/credit-note, POST} (version: 1) route
2026-07-21 23:07:16 [info]: CompanySettingsController {/api/company-settings} (version: 1):
2026-07-21 23:07:16 [info]: Mapped {/api/company-settings, GET} (version: 1) route
2026-07-21 23:07:16 [info]: Mapped {/api/company-settings, PUT} (version: 1) route
2026-07-21 23:07:16 [info]: Mapped {/api/company-settings/logo, POST} (version: 1) route
2026-07-21 23:07:16 [info]: PurchaseOrderController {/api/purchase-orders} (version: 1):
2026-07-21 23:07:16 [info]: Mapped {/api/purchase-orders, GET} (version: 1) route
2026-07-21 23:07:16 [info]: Mapped {/api/purchase-orders/:id, GET} (version: 1) route
2026-07-21 23:07:16 [info]: Mapped {/api/purchase-orders, POST} (version: 1) route
2026-07-21 23:07:16 [info]: Mapped {/api/purchase-orders/:id/receive, PATCH} (version: 1) route
2026-07-21 23:07:16 [info]: Mapped {/api/purchase-orders/:id/cancel, PATCH} (version: 1) route
2026-07-21 23:07:16 [info]: Nest application successfully started
2026-07-21 23:11:27 [info]: Starting Nest application...
2026-07-21 23:11:27 [info]: Starting Nest application...
2026-07-21 23:11:27 [info]: AppModule dependencies initialized
2026-07-21 23:11:27 [info]: TypeOrmModule dependencies initialized
2026-07-21 23:11:27 [info]: PassportModule dependencies initialized
2026-07-21 23:11:27 [info]: ConfigHostModule dependencies initialized
2026-07-21 23:11:27 [info]: AppModule dependencies initialized
2026-07-21 23:11:27 [info]: TypeOrmModule dependencies initialized
2026-07-21 23:11:27 [info]: WinstonModule dependencies initialized
2026-07-21 23:11:27 [info]: PassportModule dependencies initialized
2026-07-21 23:11:27 [info]: HealthModule dependencies initialized
2026-07-21 23:11:27 [info]: ConfigHostModule dependencies initialized
2026-07-21 23:11:27 [info]: DiscoveryModule dependencies initialized
2026-07-21 23:11:27 [info]: ConfigModule dependencies initialized
2026-07-21 23:11:27 [info]: WinstonModule dependencies initialized
2026-07-21 23:11:27 [info]: HealthModule dependencies initialized
2026-07-21 23:11:27 [info]: ConfigModule dependencies initialized
2026-07-21 23:11:27 [info]: DiscoveryModule dependencies initialized
2026-07-21 23:11:27 [info]: EventEmitterModule dependencies initialized
2026-07-21 23:11:27 [info]: ScheduleModule dependencies initialized
2026-07-21 23:11:27 [info]: ConfigModule dependencies initialized
2026-07-21 23:11:27 [info]: JwtModule dependencies initialized
2026-07-21 23:11:27 [info]: ConfigModule dependencies initialized
2026-07-21 23:11:27 [info]: EventEmitterModule dependencies initialized
2026-07-21 23:11:27 [info]: ScheduleModule dependencies initialized
2026-07-21 23:11:27 [info]: JwtModule dependencies initialized
2026-07-21 23:11:27 [info]: TypeOrmCoreModule dependencies initialized
2026-07-21 23:11:27 [info]: TypeOrmCoreModule dependencies initialized
2026-07-21 23:11:27 [info]: TypeOrmModule dependencies initialized
2026-07-21 23:11:27 [info]: TypeOrmModule dependencies initialized
2026-07-21 23:11:27 [info]: TypeOrmModule dependencies initialized
2026-07-21 23:11:27 [info]: TypeOrmModule dependencies initialized
2026-07-21 23:11:27 [info]: TypeOrmModule dependencies initialized
2026-07-21 23:11:27 [info]: TypeOrmModule dependencies initialized
2026-07-21 23:11:27 [info]: TypeOrmModule dependencies initialized
2026-07-21 23:11:27 [info]: TypeOrmModule dependencies initialized
2026-07-21 23:11:27 [info]: CategoryModule dependencies initialized
2026-07-21 23:11:27 [info]: SupplierModule dependencies initialized
2026-07-21 23:11:27 [info]: CustomerModule dependencies initialized
2026-07-21 23:11:27 [info]: AuthModule dependencies initialized
2026-07-21 23:11:27 [info]: ProductModule dependencies initialized
2026-07-21 23:11:27 [info]: CompanySettingsModule dependencies initialized
2026-07-21 23:11:27 [info]: PurchaseOrderModule dependencies initialized
2026-07-21 23:11:27 [info]: SaleModule dependencies initialized
2026-07-21 23:11:27 [info]: AuthController {/api/auth} (version: 1):
2026-07-21 23:11:27 [info]: Mapped {/api/auth/login, POST} (version: 1) route
2026-07-21 23:11:27 [info]: Mapped {/api/auth/status, GET} (version: 1) route
2026-07-21 23:11:27 [info]: HealthController {/api/health} (version: 1):
2026-07-21 23:11:27 [info]: Mapped {/api/health, GET} (version: 1) route
2026-07-21 23:11:27 [info]: CategoryController {/api/categories} (version: 1):
2026-07-21 23:11:27 [info]: Mapped {/api/categories, GET} (version: 1) route
2026-07-21 23:11:27 [info]: Mapped {/api/categories/:id, GET} (version: 1) route
2026-07-21 23:11:27 [info]: Mapped {/api/categories, POST} (version: 1) route
2026-07-21 23:11:27 [info]: Mapped {/api/categories/:id, PUT} (version: 1) route
2026-07-21 23:11:27 [info]: Mapped {/api/categories/:id, DELETE} (version: 1) route
2026-07-21 23:11:27 [info]: SupplierController {/api/suppliers} (version: 1):
2026-07-21 23:11:27 [info]: Mapped {/api/suppliers, GET} (version: 1) route
2026-07-21 23:11:27 [info]: Mapped {/api/suppliers/:id, GET} (version: 1) route
2026-07-21 23:11:27 [info]: Mapped {/api/suppliers, POST} (version: 1) route
2026-07-21 23:11:27 [info]: Mapped {/api/suppliers/:id, PUT} (version: 1) route
2026-07-21 23:11:27 [info]: Mapped {/api/suppliers/:id, DELETE} (version: 1) route
2026-07-21 23:11:27 [info]: ProductController {/api/products} (version: 1):
2026-07-21 23:11:27 [info]: Mapped {/api/products, GET} (version: 1) route
2026-07-21 23:11:27 [info]: Mapped {/api/products/low-stock, GET} (version: 1) route
2026-07-21 23:11:27 [info]: Mapped {/api/products/barcode/:barcode, GET} (version: 1) route
2026-07-21 23:11:27 [info]: Mapped {/api/products/:id, GET} (version: 1) route
2026-07-21 23:11:27 [info]: Mapped {/api/products, POST} (version: 1) route
2026-07-21 23:11:27 [info]: Mapped {/api/products/:id, PUT} (version: 1) route
2026-07-21 23:11:27 [info]: Mapped {/api/products/:id, DELETE} (version: 1) route
2026-07-21 23:11:27 [info]: Mapped {/api/products/:id/stock/add, PATCH} (version: 1) route
2026-07-21 23:11:27 [info]: Mapped {/api/products/:id/stock/subtract, PATCH} (version: 1) route
2026-07-21 23:11:27 [info]: CustomerController {/api/customers} (version: 1):
2026-07-21 23:11:27 [info]: Mapped {/api/customers, GET} (version: 1) route
2026-07-21 23:11:27 [info]: Mapped {/api/customers/lookup/:doc, GET} (version: 1) route
2026-07-21 23:11:27 [info]: Mapped {/api/customers/:id, GET} (version: 1) route
2026-07-21 23:11:27 [info]: Mapped {/api/customers, POST} (version: 1) route
2026-07-21 23:11:27 [info]: Mapped {/api/customers/:id, PUT} (version: 1) route
2026-07-21 23:11:27 [info]: Mapped {/api/customers/:id, DELETE} (version: 1) route
2026-07-21 23:11:27 [info]: SaleController {/api/sales} (version: 1):
2026-07-21 23:11:27 [info]: Mapped {/api/sales, GET} (version: 1) route
2026-07-21 23:11:27 [info]: Mapped {/api/sales/summary, GET} (version: 1) route
2026-07-21 23:11:27 [info]: Mapped {/api/sales/:id, GET} (version: 1) route
2026-07-21 23:11:27 [info]: Mapped {/api/sales, POST} (version: 1) route
2026-07-21 23:11:27 [info]: Mapped {/api/sales/:id/void, PATCH} (version: 1) route
2026-07-21 23:11:27 [info]: Mapped {/api/sales/credit-note, POST} (version: 1) route
2026-07-21 23:11:27 [info]: CompanySettingsController {/api/company-settings} (version: 1):
2026-07-21 23:11:27 [info]: Mapped {/api/company-settings, GET} (version: 1) route
2026-07-21 23:11:27 [info]: Mapped {/api/company-settings, PUT} (version: 1) route
2026-07-21 23:11:27 [info]: Mapped {/api/company-settings/logo, POST} (version: 1) route
2026-07-21 23:11:27 [info]: PurchaseOrderController {/api/purchase-orders} (version: 1):
2026-07-21 23:11:27 [info]: Mapped {/api/purchase-orders, GET} (version: 1) route
2026-07-21 23:11:27 [info]: Mapped {/api/purchase-orders/:id, GET} (version: 1) route
2026-07-21 23:11:27 [info]: Mapped {/api/purchase-orders, POST} (version: 1) route
2026-07-21 23:11:27 [info]: Mapped {/api/purchase-orders/:id/receive, PATCH} (version: 1) route
2026-07-21 23:11:27 [info]: Mapped {/api/purchase-orders/:id/cancel, PATCH} (version: 1) route
2026-07-21 23:11:28 [info]: Nest application successfully started
2026-07-21 23:12:08 [info]: Starting Nest application...
2026-07-21 23:12:08 [info]: AppModule dependencies initialized
2026-07-21 23:12:08 [info]: TypeOrmModule dependencies initialized
2026-07-21 23:12:08 [info]: PassportModule dependencies initialized
2026-07-21 23:12:08 [info]: ConfigHostModule dependencies initialized
2026-07-21 23:12:08 [info]: WinstonModule dependencies initialized
2026-07-21 23:12:08 [info]: HealthModule dependencies initialized
2026-07-21 23:12:08 [info]: DiscoveryModule dependencies initialized
2026-07-21 23:12:08 [info]: ConfigModule dependencies initialized
2026-07-21 23:12:08 [info]: ConfigModule dependencies initialized
2026-07-21 23:12:08 [info]: EventEmitterModule dependencies initialized
2026-07-21 23:12:08 [info]: ScheduleModule dependencies initialized
2026-07-21 23:12:09 [info]: JwtModule dependencies initialized
2026-07-21 23:12:09 [info]: TypeOrmCoreModule dependencies initialized
2026-07-21 23:12:09 [info]: TypeOrmModule dependencies initialized
2026-07-21 23:12:09 [info]: TypeOrmModule dependencies initialized
2026-07-21 23:12:09 [info]: TypeOrmModule dependencies initialized
2026-07-21 23:12:09 [info]: TypeOrmModule dependencies initialized
2026-07-21 23:12:09 [info]: TypeOrmModule dependencies initialized
2026-07-21 23:12:09 [info]: TypeOrmModule dependencies initialized
2026-07-21 23:12:09 [info]: TypeOrmModule dependencies initialized
2026-07-21 23:12:09 [info]: TypeOrmModule dependencies initialized
2026-07-21 23:12:09 [info]: CategoryModule dependencies initialized
2026-07-21 23:12:09 [info]: SupplierModule dependencies initialized
2026-07-21 23:12:09 [info]: CustomerModule dependencies initialized
2026-07-21 23:12:09 [info]: AuthModule dependencies initialized
2026-07-21 23:12:09 [info]: ProductModule dependencies initialized
2026-07-21 23:12:09 [info]: CompanySettingsModule dependencies initialized
2026-07-21 23:12:09 [info]: PurchaseOrderModule dependencies initialized
2026-07-21 23:12:09 [info]: SaleModule dependencies initialized
2026-07-21 23:12:09 [info]: AuthController {/api/auth} (version: 1):
2026-07-21 23:12:09 [info]: Mapped {/api/auth/login, POST} (version: 1) route
2026-07-21 23:12:09 [info]: Mapped {/api/auth/status, GET} (version: 1) route
2026-07-21 23:12:09 [info]: HealthController {/api/health} (version: 1):
2026-07-21 23:12:09 [info]: Mapped {/api/health, GET} (version: 1) route
2026-07-21 23:12:09 [info]: CategoryController {/api/categories} (version: 1):
2026-07-21 23:12:09 [info]: Mapped {/api/categories, GET} (version: 1) route
2026-07-21 23:12:09 [info]: Mapped {/api/categories/:id, GET} (version: 1) route
2026-07-21 23:12:09 [info]: Mapped {/api/categories, POST} (version: 1) route
2026-07-21 23:12:09 [info]: Mapped {/api/categories/:id, PUT} (version: 1) route
2026-07-21 23:12:09 [info]: Mapped {/api/categories/:id, DELETE} (version: 1) route
2026-07-21 23:12:09 [info]: SupplierController {/api/suppliers} (version: 1):
2026-07-21 23:12:09 [info]: Mapped {/api/suppliers, GET} (version: 1) route
2026-07-21 23:12:09 [info]: Mapped {/api/suppliers/:id, GET} (version: 1) route
2026-07-21 23:12:09 [info]: Mapped {/api/suppliers, POST} (version: 1) route
2026-07-21 23:12:09 [info]: Mapped {/api/suppliers/:id, PUT} (version: 1) route
2026-07-21 23:12:09 [info]: Mapped {/api/suppliers/:id, DELETE} (version: 1) route
2026-07-21 23:12:09 [info]: ProductController {/api/products} (version: 1):
2026-07-21 23:12:09 [info]: Mapped {/api/products, GET} (version: 1) route
2026-07-21 23:12:09 [info]: Mapped {/api/products/low-stock, GET} (version: 1) route
2026-07-21 23:12:09 [info]: Mapped {/api/products/barcode/:barcode, GET} (version: 1) route
2026-07-21 23:12:09 [info]: Mapped {/api/products/:id, GET} (version: 1) route
2026-07-21 23:12:09 [info]: Mapped {/api/products, POST} (version: 1) route
2026-07-21 23:12:09 [info]: Mapped {/api/products/:id, PUT} (version: 1) route
2026-07-21 23:12:09 [info]: Mapped {/api/products/:id, DELETE} (version: 1) route
2026-07-21 23:12:09 [info]: Mapped {/api/products/:id/stock/add, PATCH} (version: 1) route
2026-07-21 23:12:09 [info]: Mapped {/api/products/:id/stock/subtract, PATCH} (version: 1) route
2026-07-21 23:12:09 [info]: CustomerController {/api/customers} (version: 1):
2026-07-21 23:12:09 [info]: Mapped {/api/customers, GET} (version: 1) route
2026-07-21 23:12:09 [info]: Mapped {/api/customers/lookup/:doc, GET} (version: 1) route
2026-07-21 23:12:09 [info]: Mapped {/api/customers/:id, GET} (version: 1) route
2026-07-21 23:12:09 [info]: Mapped {/api/customers, POST} (version: 1) route
2026-07-21 23:12:09 [info]: Mapped {/api/customers/:id, PUT} (version: 1) route
2026-07-21 23:12:09 [info]: Mapped {/api/customers/:id, DELETE} (version: 1) route
2026-07-21 23:12:09 [info]: SaleController {/api/sales} (version: 1):
2026-07-21 23:12:09 [info]: Mapped {/api/sales, GET} (version: 1) route
2026-07-21 23:12:09 [info]: Mapped {/api/sales/summary, GET} (version: 1) route
2026-07-21 23:12:09 [info]: Mapped {/api/sales/:id, GET} (version: 1) route
2026-07-21 23:12:09 [info]: Mapped {/api/sales, POST} (version: 1) route
2026-07-21 23:12:09 [info]: Mapped {/api/sales/:id/void, PATCH} (version: 1) route
2026-07-21 23:12:09 [info]: Mapped {/api/sales/credit-note, POST} (version: 1) route
2026-07-21 23:12:09 [info]: CompanySettingsController {/api/company-settings} (version: 1):
2026-07-21 23:12:09 [info]: Mapped {/api/company-settings, GET} (version: 1) route
2026-07-21 23:12:09 [info]: Mapped {/api/company-settings, PUT} (version: 1) route
2026-07-21 23:12:09 [info]: Mapped {/api/company-settings/logo, POST} (version: 1) route
2026-07-21 23:12:09 [info]: PurchaseOrderController {/api/purchase-orders} (version: 1):
2026-07-21 23:12:09 [info]: Mapped {/api/purchase-orders, GET} (version: 1) route
2026-07-21 23:12:09 [info]: Mapped {/api/purchase-orders/:id, GET} (version: 1) route
2026-07-21 23:12:09 [info]: Mapped {/api/purchase-orders, POST} (version: 1) route
2026-07-21 23:12:09 [info]: Mapped {/api/purchase-orders/:id/receive, PATCH} (version: 1) route
2026-07-21 23:12:09 [info]: Mapped {/api/purchase-orders/:id/cancel, PATCH} (version: 1) route
2026-07-21 23:12:09 [info]: Nest application successfully started
2026-07-21 23:17:09 [info]: Starting Nest application...
2026-07-21 23:17:09 [info]: Starting Nest application...
2026-07-21 23:17:09 [info]: Starting Nest application...
2026-07-21 23:17:09 [info]: AppModule dependencies initialized
2026-07-21 23:17:09 [info]: AppModule dependencies initialized
2026-07-21 23:17:09 [info]: TypeOrmModule dependencies initialized
2026-07-21 23:17:09 [info]: PassportModule dependencies initialized
2026-07-21 23:17:09 [info]: ConfigHostModule dependencies initialized
2026-07-21 23:17:09 [info]: WinstonModule dependencies initialized
2026-07-21 23:17:09 [info]: HealthModule dependencies initialized
2026-07-21 23:17:09 [info]: DiscoveryModule dependencies initialized
2026-07-21 23:17:09 [info]: ConfigModule dependencies initialized
2026-07-21 23:17:09 [info]: ConfigModule dependencies initialized
2026-07-21 23:17:09 [info]: EventEmitterModule dependencies initialized
2026-07-21 23:17:09 [info]: TypeOrmModule dependencies initialized
2026-07-21 23:17:09 [info]: PassportModule dependencies initialized
2026-07-21 23:17:09 [info]: ConfigHostModule dependencies initialized
2026-07-21 23:17:09 [info]: WinstonModule dependencies initialized
2026-07-21 23:17:09 [info]: HealthModule dependencies initialized
2026-07-21 23:17:09 [info]: DiscoveryModule dependencies initialized
2026-07-21 23:17:09 [info]: ScheduleModule dependencies initialized
2026-07-21 23:17:09 [info]: AppModule dependencies initialized
2026-07-21 23:17:09 [info]: ConfigModule dependencies initialized
2026-07-21 23:17:09 [info]: TypeOrmModule dependencies initialized
2026-07-21 23:17:09 [info]: PassportModule dependencies initialized
2026-07-21 23:17:09 [info]: ConfigModule dependencies initialized
2026-07-21 23:17:09 [info]: EventEmitterModule dependencies initialized
2026-07-21 23:17:09 [info]: JwtModule dependencies initialized
2026-07-21 23:17:09 [info]: ConfigHostModule dependencies initialized
2026-07-21 23:17:09 [info]: WinstonModule dependencies initialized
2026-07-21 23:17:09 [info]: HealthModule dependencies initialized
2026-07-21 23:17:09 [info]: DiscoveryModule dependencies initialized
2026-07-21 23:17:09 [info]: ScheduleModule dependencies initialized
2026-07-21 23:17:09 [info]: ConfigModule dependencies initialized
2026-07-21 23:17:09 [info]: ConfigModule dependencies initialized
2026-07-21 23:17:09 [info]: EventEmitterModule dependencies initialized
2026-07-21 23:17:09 [info]: ScheduleModule dependencies initialized
2026-07-21 23:17:09 [info]: JwtModule dependencies initialized
2026-07-21 23:17:09 [info]: JwtModule dependencies initialized
2026-07-21 23:17:09 [info]: TypeOrmCoreModule dependencies initialized
2026-07-21 23:17:09 [info]: TypeOrmCoreModule dependencies initialized
2026-07-21 23:17:09 [info]: TypeOrmCoreModule dependencies initialized
2026-07-21 23:17:09 [info]: TypeOrmModule dependencies initialized
2026-07-21 23:17:09 [info]: TypeOrmModule dependencies initialized
2026-07-21 23:17:09 [info]: TypeOrmModule dependencies initialized
2026-07-21 23:17:09 [info]: TypeOrmModule dependencies initialized
2026-07-21 23:17:09 [info]: TypeOrmModule dependencies initialized
2026-07-21 23:17:09 [info]: TypeOrmModule dependencies initialized
2026-07-21 23:17:09 [info]: TypeOrmModule dependencies initialized
2026-07-21 23:17:09 [info]: TypeOrmModule dependencies initialized
2026-07-21 23:17:09 [info]: CategoryModule dependencies initialized
2026-07-21 23:17:09 [info]: SupplierModule dependencies initialized
2026-07-21 23:17:09 [info]: CustomerModule dependencies initialized
2026-07-21 23:17:09 [info]: AuthModule dependencies initialized
2026-07-21 23:17:09 [info]: ProductModule dependencies initialized
2026-07-21 23:17:09 [info]: CompanySettingsModule dependencies initialized
2026-07-21 23:17:09 [info]: PurchaseOrderModule dependencies initialized
2026-07-21 23:17:09 [info]: SaleModule dependencies initialized
2026-07-21 23:17:09 [info]: AuthController {/api/auth} (version: 1):
2026-07-21 23:17:09 [info]: Mapped {/api/auth/login, POST} (version: 1) route
2026-07-21 23:17:09 [info]: Mapped {/api/auth/status, GET} (version: 1) route
2026-07-21 23:17:09 [info]: HealthController {/api/health} (version: 1):
2026-07-21 23:17:09 [info]: Mapped {/api/health, GET} (version: 1) route
2026-07-21 23:17:09 [info]: CategoryController {/api/categories} (version: 1):
2026-07-21 23:17:09 [info]: Mapped {/api/categories, GET} (version: 1) route
2026-07-21 23:17:09 [info]: Mapped {/api/categories/:id, GET} (version: 1) route
2026-07-21 23:17:09 [info]: Mapped {/api/categories, POST} (version: 1) route
2026-07-21 23:17:09 [info]: Mapped {/api/categories/:id, PUT} (version: 1) route
2026-07-21 23:17:09 [info]: Mapped {/api/categories/:id, DELETE} (version: 1) route
2026-07-21 23:17:09 [info]: SupplierController {/api/suppliers} (version: 1):
2026-07-21 23:17:09 [info]: Mapped {/api/suppliers, GET} (version: 1) route
2026-07-21 23:17:09 [info]: Mapped {/api/suppliers/:id, GET} (version: 1) route
2026-07-21 23:17:09 [info]: Mapped {/api/suppliers, POST} (version: 1) route
2026-07-21 23:17:09 [info]: Mapped {/api/suppliers/:id, PUT} (version: 1) route
2026-07-21 23:17:09 [info]: Mapped {/api/suppliers/:id, DELETE} (version: 1) route
2026-07-21 23:17:09 [info]: ProductController {/api/products} (version: 1):
2026-07-21 23:17:09 [info]: Mapped {/api/products, GET} (version: 1) route
2026-07-21 23:17:09 [info]: Mapped {/api/products/low-stock, GET} (version: 1) route
2026-07-21 23:17:09 [info]: Mapped {/api/products/barcode/:barcode, GET} (version: 1) route
2026-07-21 23:17:09 [info]: Mapped {/api/products/:id, GET} (version: 1) route
2026-07-21 23:17:09 [info]: Mapped {/api/products, POST} (version: 1) route
2026-07-21 23:17:09 [info]: Mapped {/api/products/:id, PUT} (version: 1) route
2026-07-21 23:17:09 [info]: Mapped {/api/products/:id, DELETE} (version: 1) route
2026-07-21 23:17:09 [info]: Mapped {/api/products/:id/stock/add, PATCH} (version: 1) route
2026-07-21 23:17:09 [info]: Mapped {/api/products/:id/stock/subtract, PATCH} (version: 1) route
2026-07-21 23:17:09 [info]: CustomerController {/api/customers} (version: 1):
2026-07-21 23:17:09 [info]: Mapped {/api/customers, GET} (version: 1) route
2026-07-21 23:17:09 [info]: Mapped {/api/customers/lookup/:doc, GET} (version: 1) route
2026-07-21 23:17:09 [info]: Mapped {/api/customers/:id, GET} (version: 1) route
2026-07-21 23:17:09 [info]: Mapped {/api/customers, POST} (version: 1) route
2026-07-21 23:17:09 [info]: Mapped {/api/customers/:id, PUT} (version: 1) route
2026-07-21 23:17:09 [info]: Mapped {/api/customers/:id, DELETE} (version: 1) route
2026-07-21 23:17:09 [info]: SaleController {/api/sales} (version: 1):
2026-07-21 23:17:09 [info]: Mapped {/api/sales, GET} (version: 1) route
2026-07-21 23:17:09 [info]: Mapped {/api/sales/summary, GET} (version: 1) route
2026-07-21 23:17:09 [info]: Mapped {/api/sales/:id, GET} (version: 1) route
2026-07-21 23:17:09 [info]: Mapped {/api/sales, POST} (version: 1) route
2026-07-21 23:17:09 [info]: Mapped {/api/sales/:id/void, PATCH} (version: 1) route
2026-07-21 23:17:09 [info]: Mapped {/api/sales/credit-note, POST} (version: 1) route
2026-07-21 23:17:09 [info]: CompanySettingsController {/api/company-settings} (version: 1):
2026-07-21 23:17:09 [info]: Mapped {/api/company-settings, GET} (version: 1) route
2026-07-21 23:17:09 [info]: Mapped {/api/company-settings, PUT} (version: 1) route
2026-07-21 23:17:09 [info]: Mapped {/api/company-settings/logo, POST} (version: 1) route
2026-07-21 23:17:09 [info]: PurchaseOrderController {/api/purchase-orders} (version: 1):
2026-07-21 23:17:09 [info]: Mapped {/api/purchase-orders, GET} (version: 1) route
2026-07-21 23:17:09 [info]: Mapped {/api/purchase-orders/:id, GET} (version: 1) route
2026-07-21 23:17:09 [info]: Mapped {/api/purchase-orders, POST} (version: 1) route
2026-07-21 23:17:09 [info]: Mapped {/api/purchase-orders/:id/receive, PATCH} (version: 1) route
2026-07-21 23:17:09 [info]: Mapped {/api/purchase-orders/:id/cancel, PATCH} (version: 1) route
2026-07-21 23:17:09 [info]: Nest application successfully started
2026-07-21 23:17:47 [info]: Starting Nest application...
2026-07-21 23:17:47 [info]: AppModule dependencies initialized
2026-07-21 23:17:47 [info]: TypeOrmModule dependencies initialized
2026-07-21 23:17:47 [info]: PassportModule dependencies initialized
2026-07-21 23:17:47 [info]: ConfigHostModule dependencies initialized
2026-07-21 23:17:47 [info]: WinstonModule dependencies initialized
2026-07-21 23:17:47 [info]: HealthModule dependencies initialized
2026-07-21 23:17:47 [info]: DiscoveryModule dependencies initialized
2026-07-21 23:17:47 [info]: ConfigModule dependencies initialized
2026-07-21 23:17:47 [info]: ConfigModule dependencies initialized
2026-07-21 23:17:47 [info]: EventEmitterModule dependencies initialized
2026-07-21 23:17:47 [info]: ScheduleModule dependencies initialized
2026-07-21 23:17:47 [info]: JwtModule dependencies initialized
2026-07-21 23:17:47 [info]: TypeOrmCoreModule dependencies initialized
2026-07-21 23:17:47 [info]: TypeOrmModule dependencies initialized
2026-07-21 23:17:47 [info]: TypeOrmModule dependencies initialized
2026-07-21 23:17:47 [info]: TypeOrmModule dependencies initialized
2026-07-21 23:17:47 [info]: TypeOrmModule dependencies initialized
2026-07-21 23:17:47 [info]: TypeOrmModule dependencies initialized
2026-07-21 23:17:47 [info]: TypeOrmModule dependencies initialized
2026-07-21 23:17:47 [info]: TypeOrmModule dependencies initialized
2026-07-21 23:17:47 [info]: TypeOrmModule dependencies initialized
2026-07-21 23:17:47 [info]: CategoryModule dependencies initialized
2026-07-21 23:17:47 [info]: SupplierModule dependencies initialized
2026-07-21 23:17:47 [info]: CustomerModule dependencies initialized
2026-07-21 23:17:47 [info]: AuthModule dependencies initialized
2026-07-21 23:17:47 [info]: ProductModule dependencies initialized
2026-07-21 23:17:47 [info]: CompanySettingsModule dependencies initialized
2026-07-21 23:17:47 [info]: PurchaseOrderModule dependencies initialized
2026-07-21 23:17:47 [info]: SaleModule dependencies initialized
2026-07-21 23:17:47 [info]: AuthController {/api/auth} (version: 1):
2026-07-21 23:17:47 [info]: Mapped {/api/auth/login, POST} (version: 1) route
2026-07-21 23:17:47 [info]: Mapped {/api/auth/status, GET} (version: 1) route
2026-07-21 23:17:47 [info]: HealthController {/api/health} (version: 1):
2026-07-21 23:17:47 [info]: Mapped {/api/health, GET} (version: 1) route
2026-07-21 23:17:47 [info]: CategoryController {/api/categories} (version: 1):
2026-07-21 23:17:47 [info]: Mapped {/api/categories, GET} (version: 1) route
2026-07-21 23:17:47 [info]: Mapped {/api/categories/:id, GET} (version: 1) route
2026-07-21 23:17:47 [info]: Mapped {/api/categories, POST} (version: 1) route
2026-07-21 23:17:47 [info]: Mapped {/api/categories/:id, PUT} (version: 1) route
2026-07-21 23:17:47 [info]: Mapped {/api/categories/:id, DELETE} (version: 1) route
2026-07-21 23:17:47 [info]: SupplierController {/api/suppliers} (version: 1):
2026-07-21 23:17:47 [info]: Mapped {/api/suppliers, GET} (version: 1) route
2026-07-21 23:17:47 [info]: Mapped {/api/suppliers/:id, GET} (version: 1) route
2026-07-21 23:17:47 [info]: Mapped {/api/suppliers, POST} (version: 1) route
2026-07-21 23:17:47 [info]: Mapped {/api/suppliers/:id, PUT} (version: 1) route
2026-07-21 23:17:47 [info]: Mapped {/api/suppliers/:id, DELETE} (version: 1) route
2026-07-21 23:17:47 [info]: ProductController {/api/products} (version: 1):
2026-07-21 23:17:47 [info]: Mapped {/api/products, GET} (version: 1) route
2026-07-21 23:17:47 [info]: Mapped {/api/products/low-stock, GET} (version: 1) route
2026-07-21 23:17:47 [info]: Mapped {/api/products/barcode/:barcode, GET} (version: 1) route
2026-07-21 23:17:47 [info]: Mapped {/api/products/:id, GET} (version: 1) route
2026-07-21 23:17:47 [info]: Mapped {/api/products, POST} (version: 1) route
2026-07-21 23:17:47 [info]: Mapped {/api/products/:id, PUT} (version: 1) route
2026-07-21 23:17:47 [info]: Mapped {/api/products/:id, DELETE} (version: 1) route
2026-07-21 23:17:47 [info]: Mapped {/api/products/:id/stock/add, PATCH} (version: 1) route
2026-07-21 23:17:47 [info]: Mapped {/api/products/:id/stock/subtract, PATCH} (version: 1) route
2026-07-21 23:17:47 [info]: CustomerController {/api/customers} (version: 1):
2026-07-21 23:17:47 [info]: Mapped {/api/customers, GET} (version: 1) route
2026-07-21 23:17:47 [info]: Mapped {/api/customers/lookup/:doc, GET} (version: 1) route
2026-07-21 23:17:47 [info]: Mapped {/api/customers/:id, GET} (version: 1) route
2026-07-21 23:17:47 [info]: Mapped {/api/customers, POST} (version: 1) route
2026-07-21 23:17:47 [info]: Mapped {/api/customers/:id, PUT} (version: 1) route
2026-07-21 23:17:47 [info]: Mapped {/api/customers/:id, DELETE} (version: 1) route
2026-07-21 23:17:47 [info]: SaleController {/api/sales} (version: 1):
2026-07-21 23:17:47 [info]: Mapped {/api/sales, GET} (version: 1) route
2026-07-21 23:17:47 [info]: Mapped {/api/sales/summary, GET} (version: 1) route
2026-07-21 23:17:47 [info]: Mapped {/api/sales/:id, GET} (version: 1) route
2026-07-21 23:17:47 [info]: Mapped {/api/sales, POST} (version: 1) route
2026-07-21 23:17:47 [info]: Mapped {/api/sales/:id/void, PATCH} (version: 1) route
2026-07-21 23:17:47 [info]: Mapped {/api/sales/credit-note, POST} (version: 1) route
2026-07-21 23:17:47 [info]: CompanySettingsController {/api/company-settings} (version: 1):
2026-07-21 23:17:47 [info]: Mapped {/api/company-settings, GET} (version: 1) route
2026-07-21 23:17:47 [info]: Mapped {/api/company-settings, PUT} (version: 1) route
2026-07-21 23:17:47 [info]: Mapped {/api/company-settings/logo, POST} (version: 1) route
2026-07-21 23:17:47 [info]: PurchaseOrderController {/api/purchase-orders} (version: 1):
2026-07-21 23:17:47 [info]: Mapped {/api/purchase-orders, GET} (version: 1) route
2026-07-21 23:17:47 [info]: Mapped {/api/purchase-orders/:id, GET} (version: 1) route
2026-07-21 23:17:47 [info]: Mapped {/api/purchase-orders, POST} (version: 1) route
2026-07-21 23:17:47 [info]: Mapped {/api/purchase-orders/:id/receive, PATCH} (version: 1) route
2026-07-21 23:17:47 [info]: Mapped {/api/purchase-orders/:id/cancel, PATCH} (version: 1) route
2026-07-21 23:17:47 [info]: Nest application successfully started
2026-07-21 23:32:20 [info]: Starting Nest application...
2026-07-21 23:32:20 [info]: AppModule dependencies initialized
2026-07-21 23:32:20 [info]: TypeOrmModule dependencies initialized
2026-07-21 23:32:20 [info]: PassportModule dependencies initialized
2026-07-21 23:32:20 [info]: ConfigHostModule dependencies initialized
2026-07-21 23:32:20 [info]: WinstonModule dependencies initialized
2026-07-21 23:32:20 [info]: HealthModule dependencies initialized
2026-07-21 23:32:20 [info]: DiscoveryModule dependencies initialized
2026-07-21 23:32:20 [info]: ConfigModule dependencies initialized
2026-07-21 23:32:20 [info]: ConfigModule dependencies initialized
2026-07-21 23:32:20 [info]: EventEmitterModule dependencies initialized
2026-07-21 23:32:20 [info]: ScheduleModule dependencies initialized
2026-07-21 23:32:20 [info]: JwtModule dependencies initialized
2026-07-21 23:32:20 [info]: Starting Nest application...
2026-07-21 23:32:20 [info]: AppModule dependencies initialized
2026-07-21 23:32:20 [info]: TypeOrmModule dependencies initialized
2026-07-21 23:32:20 [info]: Starting Nest application...
2026-07-21 23:32:20 [info]: AppModule dependencies initialized
2026-07-21 23:32:20 [info]: TypeOrmModule dependencies initialized
2026-07-21 23:32:20 [info]: PassportModule dependencies initialized
2026-07-21 23:32:20 [info]: ConfigHostModule dependencies initialized
2026-07-21 23:32:20 [info]: WinstonModule dependencies initialized
2026-07-21 23:32:20 [info]: HealthModule dependencies initialized
2026-07-21 23:32:20 [info]: DiscoveryModule dependencies initialized
2026-07-21 23:32:20 [info]: ConfigModule dependencies initialized
2026-07-21 23:32:20 [info]: ConfigModule dependencies initialized
2026-07-21 23:32:20 [info]: EventEmitterModule dependencies initialized
2026-07-21 23:32:20 [info]: ScheduleModule dependencies initialized
2026-07-21 23:32:20 [info]: JwtModule dependencies initialized
2026-07-21 23:32:20 [info]: Starting Nest application...
2026-07-21 23:32:20 [info]: AppModule dependencies initialized
2026-07-21 23:32:20 [info]: TypeOrmModule dependencies initialized
2026-07-21 23:32:20 [info]: PassportModule dependencies initialized
2026-07-21 23:32:20 [info]: ConfigHostModule dependencies initialized
2026-07-21 23:32:20 [info]: WinstonModule dependencies initialized
2026-07-21 23:32:20 [info]: HealthModule dependencies initialized
2026-07-21 23:32:20 [info]: DiscoveryModule dependencies initialized
2026-07-21 23:32:20 [info]: ConfigModule dependencies initialized
2026-07-21 23:32:20 [info]: ConfigModule dependencies initialized
2026-07-21 23:32:20 [info]: EventEmitterModule dependencies initialized
2026-07-21 23:32:20 [info]: ScheduleModule dependencies initialized
2026-07-21 23:32:20 [info]: JwtModule dependencies initialized
2026-07-21 23:32:20 [info]: PassportModule dependencies initialized
2026-07-21 23:32:20 [info]: ConfigHostModule dependencies initialized
2026-07-21 23:32:20 [info]: WinstonModule dependencies initialized
2026-07-21 23:32:20 [info]: HealthModule dependencies initialized
2026-07-21 23:32:20 [info]: DiscoveryModule dependencies initialized
2026-07-21 23:32:20 [info]: ConfigModule dependencies initialized
2026-07-21 23:32:20 [info]: ConfigModule dependencies initialized
2026-07-21 23:32:20 [info]: EventEmitterModule dependencies initialized
2026-07-21 23:32:20 [info]: ScheduleModule dependencies initialized
2026-07-21 23:32:20 [info]: JwtModule dependencies initialized
2026-07-21 23:32:20 [info]: TypeOrmCoreModule dependencies initialized
2026-07-21 23:32:20 [info]: TypeOrmCoreModule dependencies initialized
2026-07-21 23:32:20 [info]: TypeOrmCoreModule dependencies initialized
2026-07-21 23:32:20 [info]: TypeOrmCoreModule dependencies initialized
2026-07-21 23:32:20 [info]: TypeOrmModule dependencies initialized
2026-07-21 23:32:20 [info]: TypeOrmModule dependencies initialized
2026-07-21 23:32:20 [info]: TypeOrmModule dependencies initialized
2026-07-21 23:32:20 [info]: TypeOrmModule dependencies initialized
2026-07-21 23:32:20 [info]: TypeOrmModule dependencies initialized
2026-07-21 23:32:20 [info]: TypeOrmModule dependencies initialized
2026-07-21 23:32:20 [info]: TypeOrmModule dependencies initialized
2026-07-21 23:32:20 [info]: TypeOrmModule dependencies initialized
2026-07-21 23:32:20 [info]: CategoryModule dependencies initialized
2026-07-21 23:32:20 [info]: SupplierModule dependencies initialized
2026-07-21 23:32:20 [info]: CustomerModule dependencies initialized
2026-07-21 23:32:20 [info]: AuthModule dependencies initialized
2026-07-21 23:32:20 [info]: ProductModule dependencies initialized
2026-07-21 23:32:20 [info]: CompanySettingsModule dependencies initialized
2026-07-21 23:32:20 [info]: PurchaseOrderModule dependencies initialized
2026-07-21 23:32:20 [info]: SaleModule dependencies initialized
2026-07-21 23:32:20 [info]: AuthController {/api/auth} (version: 1):
2026-07-21 23:32:20 [info]: Mapped {/api/auth/login, POST} (version: 1) route
2026-07-21 23:32:20 [info]: Mapped {/api/auth/status, GET} (version: 1) route
2026-07-21 23:32:20 [info]: HealthController {/api/health} (version: 1):
2026-07-21 23:32:20 [info]: Mapped {/api/health, GET} (version: 1) route
2026-07-21 23:32:20 [info]: CategoryController {/api/categories} (version: 1):
2026-07-21 23:32:20 [info]: Mapped {/api/categories, GET} (version: 1) route
2026-07-21 23:32:20 [info]: Mapped {/api/categories/:id, GET} (version: 1) route
2026-07-21 23:32:20 [info]: Mapped {/api/categories, POST} (version: 1) route
2026-07-21 23:32:20 [info]: Mapped {/api/categories/:id, PUT} (version: 1) route
2026-07-21 23:32:20 [info]: Mapped {/api/categories/:id, DELETE} (version: 1) route
2026-07-21 23:32:20 [info]: SupplierController {/api/suppliers} (version: 1):
2026-07-21 23:32:20 [info]: Mapped {/api/suppliers, GET} (version: 1) route
2026-07-21 23:32:20 [info]: Mapped {/api/suppliers/:id, GET} (version: 1) route
2026-07-21 23:32:20 [info]: Mapped {/api/suppliers, POST} (version: 1) route
2026-07-21 23:32:20 [info]: Mapped {/api/suppliers/:id, PUT} (version: 1) route
2026-07-21 23:32:20 [info]: Mapped {/api/suppliers/:id, DELETE} (version: 1) route
2026-07-21 23:32:20 [info]: ProductController {/api/products} (version: 1):
2026-07-21 23:32:20 [info]: Mapped {/api/products, GET} (version: 1) route
2026-07-21 23:32:20 [info]: Mapped {/api/products/low-stock, GET} (version: 1) route
2026-07-21 23:32:20 [info]: Mapped {/api/products/barcode/:barcode, GET} (version: 1) route
2026-07-21 23:32:20 [info]: Mapped {/api/products/:id, GET} (version: 1) route
2026-07-21 23:32:20 [info]: Mapped {/api/products, POST} (version: 1) route
2026-07-21 23:32:20 [info]: Mapped {/api/products/:id, PUT} (version: 1) route
2026-07-21 23:32:20 [info]: Mapped {/api/products/:id, DELETE} (version: 1) route
2026-07-21 23:32:20 [info]: Mapped {/api/products/:id/stock/add, PATCH} (version: 1) route
2026-07-21 23:32:20 [info]: Mapped {/api/products/:id/stock/subtract, PATCH} (version: 1) route
2026-07-21 23:32:20 [info]: CustomerController {/api/customers} (version: 1):
2026-07-21 23:32:20 [info]: Mapped {/api/customers, GET} (version: 1) route
2026-07-21 23:32:20 [info]: Mapped {/api/customers/lookup/:doc, GET} (version: 1) route
2026-07-21 23:32:20 [info]: Mapped {/api/customers/:id, GET} (version: 1) route
2026-07-21 23:32:20 [info]: Mapped {/api/customers, POST} (version: 1) route
2026-07-21 23:32:20 [info]: Mapped {/api/customers/:id, PUT} (version: 1) route
2026-07-21 23:32:20 [info]: Mapped {/api/customers/:id, DELETE} (version: 1) route
2026-07-21 23:32:20 [info]: SaleController {/api/sales} (version: 1):
2026-07-21 23:32:20 [info]: Mapped {/api/sales, GET} (version: 1) route
2026-07-21 23:32:20 [info]: Mapped {/api/sales/summary, GET} (version: 1) route
2026-07-21 23:32:20 [info]: Mapped {/api/sales/:id, GET} (version: 1) route
2026-07-21 23:32:20 [info]: Mapped {/api/sales, POST} (version: 1) route
2026-07-21 23:32:20 [info]: Mapped {/api/sales/:id/void, PATCH} (version: 1) route
2026-07-21 23:32:20 [info]: Mapped {/api/sales/credit-note, POST} (version: 1) route
2026-07-21 23:32:20 [info]: CompanySettingsController {/api/company-settings} (version: 1):
2026-07-21 23:32:20 [info]: Mapped {/api/company-settings, GET} (version: 1) route
2026-07-21 23:32:20 [info]: Mapped {/api/company-settings, PUT} (version: 1) route
2026-07-21 23:32:20 [info]: Mapped {/api/company-settings/logo, POST} (version: 1) route
2026-07-21 23:32:20 [info]: PurchaseOrderController {/api/purchase-orders} (version: 1):
2026-07-21 23:32:20 [info]: Mapped {/api/purchase-orders, GET} (version: 1) route
2026-07-21 23:32:20 [info]: Mapped {/api/purchase-orders/:id, GET} (version: 1) route
2026-07-21 23:32:20 [info]: Mapped {/api/purchase-orders, POST} (version: 1) route
2026-07-21 23:32:20 [info]: Mapped {/api/purchase-orders/:id/receive, PATCH} (version: 1) route
2026-07-21 23:32:20 [info]: Mapped {/api/purchase-orders/:id/cancel, PATCH} (version: 1) route
2026-07-21 23:32:20 [info]: Nest application successfully started
2026-07-21 23:38:15 [info]: Starting Nest application...
2026-07-21 23:38:15 [info]: Starting Nest application...
2026-07-21 23:38:15 [info]: Starting Nest application...
2026-07-21 23:38:15 [info]: AppModule dependencies initialized
2026-07-21 23:38:15 [info]: TypeOrmModule dependencies initialized
2026-07-21 23:38:15 [info]: PassportModule dependencies initialized
2026-07-21 23:38:15 [info]: ConfigHostModule dependencies initialized
2026-07-21 23:38:15 [info]: WinstonModule dependencies initialized
2026-07-21 23:38:15 [info]: HealthModule dependencies initialized
2026-07-21 23:38:15 [info]: DiscoveryModule dependencies initialized
2026-07-21 23:38:15 [info]: ConfigModule dependencies initialized
2026-07-21 23:38:15 [info]: ConfigModule dependencies initialized
2026-07-21 23:38:15 [info]: EventEmitterModule dependencies initialized
2026-07-21 23:38:15 [info]: ScheduleModule dependencies initialized
2026-07-21 23:38:15 [info]: JwtModule dependencies initialized
2026-07-21 23:38:15 [info]: Starting Nest application...
2026-07-21 23:38:15 [info]: AppModule dependencies initialized
2026-07-21 23:38:15 [info]: TypeOrmModule dependencies initialized
2026-07-21 23:38:15 [info]: PassportModule dependencies initialized
2026-07-21 23:38:15 [info]: ConfigHostModule dependencies initialized
2026-07-21 23:38:15 [info]: WinstonModule dependencies initialized
2026-07-21 23:38:15 [info]: HealthModule dependencies initialized
2026-07-21 23:38:15 [info]: DiscoveryModule dependencies initialized
2026-07-21 23:38:15 [info]: ConfigModule dependencies initialized
2026-07-21 23:38:15 [info]: ConfigModule dependencies initialized
2026-07-21 23:38:15 [info]: EventEmitterModule dependencies initialized
2026-07-21 23:38:15 [info]: ScheduleModule dependencies initialized
2026-07-21 23:38:15 [info]: JwtModule dependencies initialized
2026-07-21 23:38:15 [info]: AppModule dependencies initialized
2026-07-21 23:38:15 [info]: AppModule dependencies initialized
2026-07-21 23:38:15 [info]: TypeOrmModule dependencies initialized
2026-07-21 23:38:15 [info]: PassportModule dependencies initialized
2026-07-21 23:38:15 [info]: TypeOrmModule dependencies initialized
2026-07-21 23:38:15 [info]: PassportModule dependencies initialized
2026-07-21 23:38:15 [info]: ConfigHostModule dependencies initialized
2026-07-21 23:38:15 [info]: WinstonModule dependencies initialized
2026-07-21 23:38:15 [info]: HealthModule dependencies initialized
2026-07-21 23:38:15 [info]: DiscoveryModule dependencies initialized
2026-07-21 23:38:15 [info]: ConfigModule dependencies initialized
2026-07-21 23:38:15 [info]: ConfigModule dependencies initialized
2026-07-21 23:38:15 [info]: ConfigHostModule dependencies initialized
2026-07-21 23:38:15 [info]: EventEmitterModule dependencies initialized
2026-07-21 23:38:15 [info]: ScheduleModule dependencies initialized
2026-07-21 23:38:15 [info]: JwtModule dependencies initialized
2026-07-21 23:38:15 [info]: WinstonModule dependencies initialized
2026-07-21 23:38:15 [info]: HealthModule dependencies initialized
2026-07-21 23:38:15 [info]: DiscoveryModule dependencies initialized
2026-07-21 23:38:15 [info]: ConfigModule dependencies initialized
2026-07-21 23:38:15 [info]: ConfigModule dependencies initialized
2026-07-21 23:38:15 [info]: EventEmitterModule dependencies initialized
2026-07-21 23:38:15 [info]: ScheduleModule dependencies initialized
2026-07-21 23:38:15 [info]: TypeOrmCoreModule dependencies initialized
2026-07-21 23:38:15 [info]: JwtModule dependencies initialized
2026-07-21 23:38:15 [info]: TypeOrmCoreModule dependencies initialized
2026-07-21 23:38:15 [info]: TypeOrmCoreModule dependencies initialized
2026-07-21 23:38:15 [info]: TypeOrmCoreModule dependencies initialized
2026-07-21 23:38:15 [info]: TypeOrmModule dependencies initialized
2026-07-21 23:38:15 [info]: TypeOrmModule dependencies initialized
2026-07-21 23:38:15 [info]: TypeOrmModule dependencies initialized
2026-07-21 23:38:15 [info]: TypeOrmModule dependencies initialized
2026-07-21 23:38:15 [info]: TypeOrmModule dependencies initialized
2026-07-21 23:38:15 [info]: TypeOrmModule dependencies initialized
2026-07-21 23:38:15 [info]: TypeOrmModule dependencies initialized
2026-07-21 23:38:15 [info]: TypeOrmModule dependencies initialized
2026-07-21 23:38:15 [info]: CategoryModule dependencies initialized
2026-07-21 23:38:15 [info]: SupplierModule dependencies initialized
2026-07-21 23:38:15 [info]: CustomerModule dependencies initialized
2026-07-21 23:38:15 [info]: AuthModule dependencies initialized
2026-07-21 23:38:15 [info]: ProductModule dependencies initialized
2026-07-21 23:38:15 [info]: CompanySettingsModule dependencies initialized
2026-07-21 23:38:15 [info]: PurchaseOrderModule dependencies initialized
2026-07-21 23:38:15 [info]: SaleModule dependencies initialized
2026-07-21 23:38:15 [info]: AuthController {/api/auth} (version: 1):
2026-07-21 23:38:15 [info]: Mapped {/api/auth/login, POST} (version: 1) route
2026-07-21 23:38:15 [info]: Mapped {/api/auth/status, GET} (version: 1) route
2026-07-21 23:38:15 [info]: HealthController {/api/health} (version: 1):
2026-07-21 23:38:15 [info]: Mapped {/api/health, GET} (version: 1) route
2026-07-21 23:38:15 [info]: CategoryController {/api/categories} (version: 1):
2026-07-21 23:38:15 [info]: Mapped {/api/categories, GET} (version: 1) route
2026-07-21 23:38:15 [info]: Mapped {/api/categories/:id, GET} (version: 1) route
2026-07-21 23:38:15 [info]: Mapped {/api/categories, POST} (version: 1) route
2026-07-21 23:38:15 [info]: Mapped {/api/categories/:id, PUT} (version: 1) route
2026-07-21 23:38:15 [info]: Mapped {/api/categories/:id, DELETE} (version: 1) route
2026-07-21 23:38:15 [info]: SupplierController {/api/suppliers} (version: 1):
2026-07-21 23:38:15 [info]: Mapped {/api/suppliers, GET} (version: 1) route
2026-07-21 23:38:15 [info]: Mapped {/api/suppliers/:id, GET} (version: 1) route
2026-07-21 23:38:15 [info]: Mapped {/api/suppliers, POST} (version: 1) route
2026-07-21 23:38:15 [info]: Mapped {/api/suppliers/:id, PUT} (version: 1) route
2026-07-21 23:38:15 [info]: Mapped {/api/suppliers/:id, DELETE} (version: 1) route
2026-07-21 23:38:15 [info]: ProductController {/api/products} (version: 1):
2026-07-21 23:38:15 [info]: Mapped {/api/products, GET} (version: 1) route
2026-07-21 23:38:15 [info]: Mapped {/api/products/low-stock, GET} (version: 1) route
2026-07-21 23:38:15 [info]: Mapped {/api/products/barcode/:barcode, GET} (version: 1) route
2026-07-21 23:38:15 [info]: Mapped {/api/products/:id, GET} (version: 1) route
2026-07-21 23:38:15 [info]: Mapped {/api/products, POST} (version: 1) route
2026-07-21 23:38:15 [info]: Mapped {/api/products/:id, PUT} (version: 1) route
2026-07-21 23:38:15 [info]: Mapped {/api/products/:id, DELETE} (version: 1) route
2026-07-21 23:38:15 [info]: Mapped {/api/products/:id/stock/add, PATCH} (version: 1) route
2026-07-21 23:38:15 [info]: Mapped {/api/products/:id/stock/subtract, PATCH} (version: 1) route
2026-07-21 23:38:15 [info]: CustomerController {/api/customers} (version: 1):
2026-07-21 23:38:15 [info]: Mapped {/api/customers, GET} (version: 1) route
2026-07-21 23:38:15 [info]: Mapped {/api/customers/lookup/:doc, GET} (version: 1) route
2026-07-21 23:38:15 [info]: Mapped {/api/customers/:id, GET} (version: 1) route
2026-07-21 23:38:15 [info]: Mapped {/api/customers, POST} (version: 1) route
2026-07-21 23:38:15 [info]: Mapped {/api/customers/:id, PUT} (version: 1) route
2026-07-21 23:38:15 [info]: Mapped {/api/customers/:id, DELETE} (version: 1) route
2026-07-21 23:38:15 [info]: SaleController {/api/sales} (version: 1):
2026-07-21 23:38:15 [info]: Mapped {/api/sales, GET} (version: 1) route
2026-07-21 23:38:15 [info]: Mapped {/api/sales/summary, GET} (version: 1) route
2026-07-21 23:38:15 [info]: Mapped {/api/sales/:id, GET} (version: 1) route
2026-07-21 23:38:15 [info]: Mapped {/api/sales, POST} (version: 1) route
2026-07-21 23:38:15 [info]: Mapped {/api/sales/:id/void, PATCH} (version: 1) route
2026-07-21 23:38:15 [info]: Mapped {/api/sales/credit-note, POST} (version: 1) route
2026-07-21 23:38:15 [info]: CompanySettingsController {/api/company-settings} (version: 1):
2026-07-21 23:38:15 [info]: Mapped {/api/company-settings, GET} (version: 1) route
2026-07-21 23:38:15 [info]: Mapped {/api/company-settings, PUT} (version: 1) route
2026-07-21 23:38:15 [info]: Mapped {/api/company-settings/logo, POST} (version: 1) route
2026-07-21 23:38:15 [info]: PurchaseOrderController {/api/purchase-orders} (version: 1):
2026-07-21 23:38:15 [info]: Mapped {/api/purchase-orders, GET} (version: 1) route
2026-07-21 23:38:15 [info]: Mapped {/api/purchase-orders/:id, GET} (version: 1) route
2026-07-21 23:38:15 [info]: Mapped {/api/purchase-orders, POST} (version: 1) route
2026-07-21 23:38:15 [info]: Mapped {/api/purchase-orders/:id/receive, PATCH} (version: 1) route
2026-07-21 23:38:15 [info]: Mapped {/api/purchase-orders/:id/cancel, PATCH} (version: 1) route
2026-07-21 23:38:15 [info]: Nest application successfully started
2026-07-21 23:38:48 [info]: Starting Nest application...
2026-07-21 23:38:48 [info]: AppModule dependencies initialized
2026-07-21 23:38:48 [info]: TypeOrmModule dependencies initialized
2026-07-21 23:38:48 [info]: PassportModule dependencies initialized
2026-07-21 23:38:48 [info]: ConfigHostModule dependencies initialized
2026-07-21 23:38:48 [info]: WinstonModule dependencies initialized
2026-07-21 23:38:48 [info]: HealthModule dependencies initialized
2026-07-21 23:38:48 [info]: DiscoveryModule dependencies initialized
2026-07-21 23:38:48 [info]: ConfigModule dependencies initialized
2026-07-21 23:38:48 [info]: ConfigModule dependencies initialized
2026-07-21 23:38:48 [info]: EventEmitterModule dependencies initialized
2026-07-21 23:38:48 [info]: ScheduleModule dependencies initialized
2026-07-21 23:38:48 [info]: JwtModule dependencies initialized
2026-07-21 23:38:49 [info]: TypeOrmCoreModule dependencies initialized
2026-07-21 23:38:49 [info]: TypeOrmModule dependencies initialized
2026-07-21 23:38:49 [info]: TypeOrmModule dependencies initialized
2026-07-21 23:38:49 [info]: TypeOrmModule dependencies initialized
2026-07-21 23:38:49 [info]: TypeOrmModule dependencies initialized
2026-07-21 23:38:49 [info]: TypeOrmModule dependencies initialized
2026-07-21 23:38:49 [info]: TypeOrmModule dependencies initialized
2026-07-21 23:38:49 [info]: TypeOrmModule dependencies initialized
2026-07-21 23:38:49 [info]: TypeOrmModule dependencies initialized
2026-07-21 23:38:49 [info]: CategoryModule dependencies initialized
2026-07-21 23:38:49 [info]: SupplierModule dependencies initialized
2026-07-21 23:38:49 [info]: CustomerModule dependencies initialized
2026-07-21 23:38:49 [info]: AuthModule dependencies initialized
2026-07-21 23:38:49 [info]: ProductModule dependencies initialized
2026-07-21 23:38:49 [info]: CompanySettingsModule dependencies initialized
2026-07-21 23:38:49 [info]: PurchaseOrderModule dependencies initialized
2026-07-21 23:38:49 [info]: SaleModule dependencies initialized
2026-07-21 23:38:49 [info]: AuthController {/api/auth} (version: 1):
2026-07-21 23:38:49 [info]: Mapped {/api/auth/login, POST} (version: 1) route
2026-07-21 23:38:49 [info]: Mapped {/api/auth/status, GET} (version: 1) route
2026-07-21 23:38:49 [info]: HealthController {/api/health} (version: 1):
2026-07-21 23:38:49 [info]: Mapped {/api/health, GET} (version: 1) route
2026-07-21 23:38:49 [info]: CategoryController {/api/categories} (version: 1):
2026-07-21 23:38:49 [info]: Mapped {/api/categories, GET} (version: 1) route
2026-07-21 23:38:49 [info]: Mapped {/api/categories/:id, GET} (version: 1) route
2026-07-21 23:38:49 [info]: Mapped {/api/categories, POST} (version: 1) route
2026-07-21 23:38:49 [info]: Mapped {/api/categories/:id, PUT} (version: 1) route
2026-07-21 23:38:49 [info]: Mapped {/api/categories/:id, DELETE} (version: 1) route
2026-07-21 23:38:49 [info]: SupplierController {/api/suppliers} (version: 1):
2026-07-21 23:38:49 [info]: Mapped {/api/suppliers, GET} (version: 1) route
2026-07-21 23:38:49 [info]: Mapped {/api/suppliers/:id, GET} (version: 1) route
2026-07-21 23:38:49 [info]: Mapped {/api/suppliers, POST} (version: 1) route
2026-07-21 23:38:49 [info]: Mapped {/api/suppliers/:id, PUT} (version: 1) route
2026-07-21 23:38:49 [info]: Mapped {/api/suppliers/:id, DELETE} (version: 1) route
2026-07-21 23:38:49 [info]: ProductController {/api/products} (version: 1):
2026-07-21 23:38:49 [info]: Mapped {/api/products, GET} (version: 1) route
2026-07-21 23:38:49 [info]: Mapped {/api/products/low-stock, GET} (version: 1) route
2026-07-21 23:38:49 [info]: Mapped {/api/products/barcode/:barcode, GET} (version: 1) route
2026-07-21 23:38:49 [info]: Mapped {/api/products/:id, GET} (version: 1) route
2026-07-21 23:38:49 [info]: Mapped {/api/products, POST} (version: 1) route
2026-07-21 23:38:49 [info]: Mapped {/api/products/:id, PUT} (version: 1) route
2026-07-21 23:38:49 [info]: Mapped {/api/products/:id, DELETE} (version: 1) route
2026-07-21 23:38:49 [info]: Mapped {/api/products/:id/stock/add, PATCH} (version: 1) route
2026-07-21 23:38:49 [info]: Mapped {/api/products/:id/stock/subtract, PATCH} (version: 1) route
2026-07-21 23:38:49 [info]: CustomerController {/api/customers} (version: 1):
2026-07-21 23:38:49 [info]: Mapped {/api/customers, GET} (version: 1) route
2026-07-21 23:38:49 [info]: Mapped {/api/customers/lookup/:doc, GET} (version: 1) route
2026-07-21 23:38:49 [info]: Mapped {/api/customers/:id, GET} (version: 1) route
2026-07-21 23:38:49 [info]: Mapped {/api/customers, POST} (version: 1) route
2026-07-21 23:38:49 [info]: Mapped {/api/customers/:id, PUT} (version: 1) route
2026-07-21 23:38:49 [info]: Mapped {/api/customers/:id, DELETE} (version: 1) route
2026-07-21 23:38:49 [info]: SaleController {/api/sales} (version: 1):
2026-07-21 23:38:49 [info]: Mapped {/api/sales, GET} (version: 1) route
2026-07-21 23:38:49 [info]: Mapped {/api/sales/summary, GET} (version: 1) route
2026-07-21 23:38:49 [info]: Mapped {/api/sales/:id, GET} (version: 1) route
2026-07-21 23:38:49 [info]: Mapped {/api/sales, POST} (version: 1) route
2026-07-21 23:38:49 [info]: Mapped {/api/sales/:id/void, PATCH} (version: 1) route
2026-07-21 23:38:49 [info]: Mapped {/api/sales/credit-note, POST} (version: 1) route
2026-07-21 23:38:49 [info]: CompanySettingsController {/api/company-settings} (version: 1):
2026-07-21 23:38:49 [info]: Mapped {/api/company-settings, GET} (version: 1) route
2026-07-21 23:38:49 [info]: Mapped {/api/company-settings, PUT} (version: 1) route
2026-07-21 23:38:49 [info]: Mapped {/api/company-settings/logo, POST} (version: 1) route
2026-07-21 23:38:49 [info]: PurchaseOrderController {/api/purchase-orders} (version: 1):
2026-07-21 23:38:49 [info]: Mapped {/api/purchase-orders, GET} (version: 1) route
2026-07-21 23:38:49 [info]: Mapped {/api/purchase-orders/:id, GET} (version: 1) route
2026-07-21 23:38:49 [info]: Mapped {/api/purchase-orders, POST} (version: 1) route
2026-07-21 23:38:49 [info]: Mapped {/api/purchase-orders/:id/receive, PATCH} (version: 1) route
2026-07-21 23:38:49 [info]: Mapped {/api/purchase-orders/:id/cancel, PATCH} (version: 1) route
2026-07-21 23:38:49 [info]: Nest application successfully started
2026-07-21 23:45:07 [info]: Starting Nest application...
2026-07-21 23:45:07 [info]: AppModule dependencies initialized
2026-07-21 23:45:07 [info]: TypeOrmModule dependencies initialized
2026-07-21 23:45:07 [info]: PassportModule dependencies initialized
2026-07-21 23:45:07 [info]: ConfigHostModule dependencies initialized
2026-07-21 23:45:07 [info]: WinstonModule dependencies initialized
2026-07-21 23:45:07 [info]: HealthModule dependencies initialized
2026-07-21 23:45:07 [info]: DiscoveryModule dependencies initialized
2026-07-21 23:45:07 [info]: ConfigModule dependencies initialized
2026-07-21 23:45:07 [info]: ConfigModule dependencies initialized
2026-07-21 23:45:07 [info]: EventEmitterModule dependencies initialized
2026-07-21 23:45:07 [info]: ScheduleModule dependencies initialized
2026-07-21 23:45:07 [info]: JwtModule dependencies initialized
2026-07-21 23:45:08 [info]: TypeOrmCoreModule dependencies initialized
2026-07-21 23:45:08 [info]: TypeOrmModule dependencies initialized
2026-07-21 23:45:08 [info]: TypeOrmModule dependencies initialized
2026-07-21 23:45:08 [info]: TypeOrmModule dependencies initialized
2026-07-21 23:45:08 [info]: TypeOrmModule dependencies initialized
2026-07-21 23:45:08 [info]: TypeOrmModule dependencies initialized
2026-07-21 23:45:08 [info]: TypeOrmModule dependencies initialized
2026-07-21 23:45:08 [info]: TypeOrmModule dependencies initialized
2026-07-21 23:45:08 [info]: TypeOrmModule dependencies initialized
2026-07-21 23:45:08 [info]: CategoryModule dependencies initialized
2026-07-21 23:45:08 [info]: SupplierModule dependencies initialized
2026-07-21 23:45:08 [info]: CustomerModule dependencies initialized
2026-07-21 23:45:08 [info]: AuthModule dependencies initialized
2026-07-21 23:45:08 [info]: ProductModule dependencies initialized
2026-07-21 23:45:08 [info]: CompanySettingsModule dependencies initialized
2026-07-21 23:45:08 [info]: PurchaseOrderModule dependencies initialized
2026-07-21 23:45:08 [info]: SaleModule dependencies initialized
2026-07-21 23:45:08 [info]: AuthController {/api/auth} (version: 1):
2026-07-21 23:45:08 [info]: Mapped {/api/auth/login, POST} (version: 1) route
2026-07-21 23:45:08 [info]: Mapped {/api/auth/status, GET} (version: 1) route
2026-07-21 23:45:08 [info]: HealthController {/api/health} (version: 1):
2026-07-21 23:45:08 [info]: Mapped {/api/health, GET} (version: 1) route
2026-07-21 23:45:08 [info]: CategoryController {/api/categories} (version: 1):
2026-07-21 23:45:08 [info]: Mapped {/api/categories, GET} (version: 1) route
2026-07-21 23:45:08 [info]: Mapped {/api/categories/:id, GET} (version: 1) route
2026-07-21 23:45:08 [info]: Mapped {/api/categories, POST} (version: 1) route
2026-07-21 23:45:08 [info]: Mapped {/api/categories/:id, PUT} (version: 1) route
2026-07-21 23:45:08 [info]: Mapped {/api/categories/:id, DELETE} (version: 1) route
2026-07-21 23:45:08 [info]: SupplierController {/api/suppliers} (version: 1):
2026-07-21 23:45:08 [info]: Mapped {/api/suppliers, GET} (version: 1) route
2026-07-21 23:45:08 [info]: Mapped {/api/suppliers/:id, GET} (version: 1) route
2026-07-21 23:45:08 [info]: Mapped {/api/suppliers, POST} (version: 1) route
2026-07-21 23:45:08 [info]: Mapped {/api/suppliers/:id, PUT} (version: 1) route
2026-07-21 23:45:08 [info]: Mapped {/api/suppliers/:id, DELETE} (version: 1) route
2026-07-21 23:45:08 [info]: ProductController {/api/products} (version: 1):
2026-07-21 23:45:08 [info]: Mapped {/api/products, GET} (version: 1) route
2026-07-21 23:45:08 [info]: Mapped {/api/products/low-stock, GET} (version: 1) route
2026-07-21 23:45:08 [info]: Mapped {/api/products/barcode/:barcode, GET} (version: 1) route
2026-07-21 23:45:08 [info]: Mapped {/api/products/:id, GET} (version: 1) route
2026-07-21 23:45:08 [info]: Mapped {/api/products, POST} (version: 1) route
2026-07-21 23:45:08 [info]: Mapped {/api/products/:id, PUT} (version: 1) route
2026-07-21 23:45:08 [info]: Mapped {/api/products/:id, DELETE} (version: 1) route
2026-07-21 23:45:08 [info]: Mapped {/api/products/:id/stock/add, PATCH} (version: 1) route
2026-07-21 23:45:08 [info]: Mapped {/api/products/:id/stock/subtract, PATCH} (version: 1) route
2026-07-21 23:45:08 [info]: CustomerController {/api/customers} (version: 1):
2026-07-21 23:45:08 [info]: Mapped {/api/customers, GET} (version: 1) route
2026-07-21 23:45:08 [info]: Mapped {/api/customers/lookup/:doc, GET} (version: 1) route
2026-07-21 23:45:08 [info]: Mapped {/api/customers/:id, GET} (version: 1) route
2026-07-21 23:45:08 [info]: Mapped {/api/customers, POST} (version: 1) route
2026-07-21 23:45:08 [info]: Mapped {/api/customers/:id, PUT} (version: 1) route
2026-07-21 23:45:08 [info]: Mapped {/api/customers/:id, DELETE} (version: 1) route
2026-07-21 23:45:08 [info]: SaleController {/api/sales} (version: 1):
2026-07-21 23:45:08 [info]: Mapped {/api/sales, GET} (version: 1) route
2026-07-21 23:45:08 [info]: Mapped {/api/sales/summary, GET} (version: 1) route
2026-07-21 23:45:08 [info]: Mapped {/api/sales/:id, GET} (version: 1) route
2026-07-21 23:45:08 [info]: Mapped {/api/sales, POST} (version: 1) route
2026-07-21 23:45:08 [info]: Mapped {/api/sales/:id/void, PATCH} (version: 1) route
2026-07-21 23:45:08 [info]: Mapped {/api/sales/credit-note, POST} (version: 1) route
2026-07-21 23:45:08 [info]: CompanySettingsController {/api/company-settings} (version: 1):
2026-07-21 23:45:08 [info]: Mapped {/api/company-settings, GET} (version: 1) route
2026-07-21 23:45:08 [info]: Mapped {/api/company-settings, PUT} (version: 1) route
2026-07-21 23:45:08 [info]: Mapped {/api/company-settings/logo, POST} (version: 1) route
2026-07-21 23:45:08 [info]: PurchaseOrderController {/api/purchase-orders} (version: 1):
2026-07-21 23:45:08 [info]: Mapped {/api/purchase-orders, GET} (version: 1) route
2026-07-21 23:45:08 [info]: Mapped {/api/purchase-orders/:id, GET} (version: 1) route
2026-07-21 23:45:08 [info]: Mapped {/api/purchase-orders, POST} (version: 1) route
2026-07-21 23:45:08 [info]: Mapped {/api/purchase-orders/:id/receive, PATCH} (version: 1) route
2026-07-21 23:45:08 [info]: Mapped {/api/purchase-orders/:id/cancel, PATCH} (version: 1) route
2026-07-21 23:45:08 [info]: Nest application successfully started
