2026-07-24 11:03:02 [info]: Starting Nest application...
2026-07-24 11:03:02 [info]: AppModule dependencies initialized
2026-07-24 11:03:02 [info]: TypeOrmModule dependencies initialized
2026-07-24 11:03:02 [info]: PassportModule dependencies initialized
2026-07-24 11:03:02 [info]: ConfigHostModule dependencies initialized
2026-07-24 11:03:02 [info]: WinstonModule dependencies initialized
2026-07-24 11:03:02 [info]: HealthModule dependencies initialized
2026-07-24 11:03:02 [info]: HttpModule dependencies initialized
2026-07-24 11:03:02 [info]: DiscoveryModule dependencies initialized
2026-07-24 11:03:02 [info]: ConfigModule dependencies initialized
2026-07-24 11:03:02 [info]: ConfigModule dependencies initialized
2026-07-24 11:03:02 [info]: EventEmitterModule dependencies initialized
2026-07-24 11:03:02 [info]: ScheduleModule dependencies initialized
2026-07-24 11:03:02 [info]: JwtModule dependencies initialized
2026-07-24 11:03:02 [info]: TypeOrmCoreModule dependencies initialized
2026-07-24 11:03:02 [info]: TypeOrmModule dependencies initialized
2026-07-24 11:03:02 [info]: TypeOrmModule dependencies initialized
2026-07-24 11:03:02 [info]: TypeOrmModule dependencies initialized
2026-07-24 11:03:02 [info]: TypeOrmModule dependencies initialized
2026-07-24 11:03:02 [info]: TypeOrmModule dependencies initialized
2026-07-24 11:03:02 [info]: TypeOrmModule dependencies initialized
2026-07-24 11:03:02 [info]: TypeOrmModule dependencies initialized
2026-07-24 11:03:02 [info]: TypeOrmModule dependencies initialized
2026-07-24 11:03:02 [info]: TypeOrmModule dependencies initialized
2026-07-24 11:03:02 [info]: TypeOrmModule dependencies initialized
2026-07-24 11:03:02 [info]: CategoryModule dependencies initialized
2026-07-24 11:03:02 [info]: SupplierModule dependencies initialized
2026-07-24 11:03:02 [info]: CustomerModule dependencies initialized
2026-07-24 11:03:02 [info]: AuthModule dependencies initialized
2026-07-24 11:03:02 [info]: EstablishmentsModule dependencies initialized
2026-07-24 11:03:02 [info]: UserModule dependencies initialized
2026-07-24 11:03:02 [info]: ProductModule dependencies initialized
2026-07-24 11:03:02 [info]: PurchaseOrderModule dependencies initialized
2026-07-24 11:03:02 [info]: CompanySettingsModule dependencies initialized
2026-07-24 11:03:02 [info]: SaleModule dependencies initialized
2026-07-24 11:03:02 [info]: AuthController {/api/auth} (version: 1):
2026-07-24 11:03:02 [info]: Mapped {/api/auth/login, POST} (version: 1) route
2026-07-24 11:03:02 [info]: Mapped {/api/auth/status, GET} (version: 1) route
2026-07-24 11:03:02 [info]: UserController {/api/users} (version: 1):
2026-07-24 11:03:02 [info]: Mapped {/api/users, GET} (version: 1) route
2026-07-24 11:03:02 [info]: Mapped {/api/users/:id, GET} (version: 1) route
2026-07-24 11:03:02 [info]: Mapped {/api/users, POST} (version: 1) route
2026-07-24 11:03:02 [info]: Mapped {/api/users/:id, PUT} (version: 1) route
2026-07-24 11:03:02 [info]: Mapped {/api/users/:id, DELETE} (version: 1) route
2026-07-24 11:03:02 [info]: HealthController {/api/health} (version: 1):
2026-07-24 11:03:02 [info]: Mapped {/api/health, GET} (version: 1) route
2026-07-24 11:03:02 [info]: CategoryController {/api/categories} (version: 1):
2026-07-24 11:03:02 [info]: Mapped {/api/categories, GET} (version: 1) route
2026-07-24 11:03:02 [info]: Mapped {/api/categories/:id, GET} (version: 1) route
2026-07-24 11:03:02 [info]: Mapped {/api/categories, POST} (version: 1) route
2026-07-24 11:03:02 [info]: Mapped {/api/categories/:id, PUT} (version: 1) route
2026-07-24 11:03:02 [info]: Mapped {/api/categories/:id, DELETE} (version: 1) route
2026-07-24 11:03:02 [info]: SupplierController {/api/suppliers} (version: 1):
2026-07-24 11:03:02 [info]: Mapped {/api/suppliers, GET} (version: 1) route
2026-07-24 11:03:02 [info]: Mapped {/api/suppliers/:id, GET} (version: 1) route
2026-07-24 11:03:02 [info]: Mapped {/api/suppliers, POST} (version: 1) route
2026-07-24 11:03:02 [info]: Mapped {/api/suppliers/:id, PUT} (version: 1) route
2026-07-24 11:03:02 [info]: Mapped {/api/suppliers/:id, DELETE} (version: 1) route
2026-07-24 11:03:02 [info]: ProductController {/api/products} (version: 1):
2026-07-24 11:03:02 [info]: Mapped {/api/products, GET} (version: 1) route
2026-07-24 11:03:02 [info]: Mapped {/api/products/low-stock, GET} (version: 1) route
2026-07-24 11:03:02 [info]: Mapped {/api/products/barcode/:barcode, GET} (version: 1) route
2026-07-24 11:03:02 [info]: Mapped {/api/products/:id, GET} (version: 1) route
2026-07-24 11:03:02 [info]: Mapped {/api/products, POST} (version: 1) route
2026-07-24 11:03:02 [info]: Mapped {/api/products/:id, PUT} (version: 1) route
2026-07-24 11:03:02 [info]: Mapped {/api/products/:id, DELETE} (version: 1) route
2026-07-24 11:03:02 [info]: Mapped {/api/products/:id/stock/add, PATCH} (version: 1) route
2026-07-24 11:03:02 [info]: Mapped {/api/products/:id/stock/subtract, PATCH} (version: 1) route
2026-07-24 11:03:02 [info]: CustomerController {/api/customers} (version: 1):
2026-07-24 11:03:02 [info]: Mapped {/api/customers, GET} (version: 1) route
2026-07-24 11:03:02 [info]: Mapped {/api/customers/lookup/:doc, GET} (version: 1) route
2026-07-24 11:03:02 [info]: Mapped {/api/customers/:id, GET} (version: 1) route
2026-07-24 11:03:02 [info]: Mapped {/api/customers, POST} (version: 1) route
2026-07-24 11:03:02 [info]: Mapped {/api/customers/:id, PUT} (version: 1) route
2026-07-24 11:03:02 [info]: Mapped {/api/customers/:id, DELETE} (version: 1) route
2026-07-24 11:03:02 [info]: SaleController {/api/sales} (version: 1):
2026-07-24 11:03:02 [info]: Mapped {/api/sales, GET} (version: 1) route
2026-07-24 11:03:02 [info]: Mapped {/api/sales/summary, GET} (version: 1) route
2026-07-24 11:03:02 [info]: Mapped {/api/sales/:id, GET} (version: 1) route
2026-07-24 11:03:02 [info]: Mapped {/api/sales, POST} (version: 1) route
2026-07-24 11:03:02 [info]: Mapped {/api/sales/:id/void, PATCH} (version: 1) route
2026-07-24 11:03:02 [info]: Mapped {/api/sales/credit-note, POST} (version: 1) route
2026-07-24 11:03:02 [info]: CompanySettingsController {/api/company-settings} (version: 1):
2026-07-24 11:03:02 [info]: Mapped {/api/company-settings, GET} (version: 1) route
2026-07-24 11:03:02 [info]: Mapped {/api/company-settings, PUT} (version: 1) route
2026-07-24 11:03:02 [info]: Mapped {/api/company-settings/logo, POST} (version: 1) route
2026-07-24 11:03:02 [info]: Mapped {/api/company-settings/register-sunat-api, POST} (version: 1) route
2026-07-24 11:03:02 [info]: PurchaseOrderController {/api/purchase-orders} (version: 1):
2026-07-24 11:03:02 [info]: Mapped {/api/purchase-orders, GET} (version: 1) route
2026-07-24 11:03:02 [info]: Mapped {/api/purchase-orders/:id, GET} (version: 1) route
2026-07-24 11:03:02 [info]: Mapped {/api/purchase-orders, POST} (version: 1) route
2026-07-24 11:03:02 [info]: Mapped {/api/purchase-orders/:id/receive, PATCH} (version: 1) route
2026-07-24 11:03:02 [info]: Mapped {/api/purchase-orders/:id/cancel, PATCH} (version: 1) route
2026-07-24 11:03:02 [info]: EstablishmentsController {/api/establishments} (version: 1):
2026-07-24 11:03:02 [info]: Mapped {/api/establishments, GET} (version: 1) route
2026-07-24 11:03:02 [info]: Mapped {/api/establishments, POST} (version: 1) route
2026-07-24 11:03:02 [info]: Mapped {/api/establishments/series, GET} (version: 1) route
2026-07-24 11:03:02 [info]: Mapped {/api/establishments/series, POST} (version: 1) route
2026-07-24 11:03:02 [info]: Facturación electrónica: Adaptador inicializado.
2026-07-24 11:03:02 [info]: Facturación electrónica: Adaptador inicializado.
2026-07-24 11:03:02 [info]: Nest application successfully started
2026-07-24 11:03:18 [info]: Starting Nest application...
2026-07-24 11:03:18 [info]: AppModule dependencies initialized
2026-07-24 11:03:18 [info]: TypeOrmModule dependencies initialized
2026-07-24 11:03:18 [info]: PassportModule dependencies initialized
2026-07-24 11:03:18 [info]: ConfigHostModule dependencies initialized
2026-07-24 11:03:18 [info]: WinstonModule dependencies initialized
2026-07-24 11:03:18 [info]: HealthModule dependencies initialized
2026-07-24 11:03:18 [info]: HttpModule dependencies initialized
2026-07-24 11:03:18 [info]: DiscoveryModule dependencies initialized
2026-07-24 11:03:18 [info]: ConfigModule dependencies initialized
2026-07-24 11:03:18 [info]: ConfigModule dependencies initialized
2026-07-24 11:03:18 [info]: EventEmitterModule dependencies initialized
2026-07-24 11:03:18 [info]: ScheduleModule dependencies initialized
2026-07-24 11:03:18 [info]: JwtModule dependencies initialized
2026-07-24 11:03:18 [info]: TypeOrmCoreModule dependencies initialized
2026-07-24 11:03:18 [info]: TypeOrmModule dependencies initialized
2026-07-24 11:03:18 [info]: TypeOrmModule dependencies initialized
2026-07-24 11:03:18 [info]: TypeOrmModule dependencies initialized
2026-07-24 11:03:18 [info]: TypeOrmModule dependencies initialized
2026-07-24 11:03:18 [info]: TypeOrmModule dependencies initialized
2026-07-24 11:03:18 [info]: TypeOrmModule dependencies initialized
2026-07-24 11:03:18 [info]: TypeOrmModule dependencies initialized
2026-07-24 11:03:18 [info]: TypeOrmModule dependencies initialized
2026-07-24 11:03:18 [info]: TypeOrmModule dependencies initialized
2026-07-24 11:03:18 [info]: TypeOrmModule dependencies initialized
2026-07-24 11:03:18 [info]: CategoryModule dependencies initialized
2026-07-24 11:03:18 [info]: SupplierModule dependencies initialized
2026-07-24 11:03:18 [info]: CustomerModule dependencies initialized
2026-07-24 11:03:18 [info]: AuthModule dependencies initialized
2026-07-24 11:03:18 [info]: EstablishmentsModule dependencies initialized
2026-07-24 11:03:18 [info]: UserModule dependencies initialized
2026-07-24 11:03:18 [info]: ProductModule dependencies initialized
2026-07-24 11:03:18 [info]: PurchaseOrderModule dependencies initialized
2026-07-24 11:03:18 [info]: CompanySettingsModule dependencies initialized
2026-07-24 11:03:18 [info]: SaleModule dependencies initialized
2026-07-24 11:03:18 [info]: AuthController {/api/auth} (version: 1):
2026-07-24 11:03:18 [info]: Mapped {/api/auth/login, POST} (version: 1) route
2026-07-24 11:03:18 [info]: Mapped {/api/auth/status, GET} (version: 1) route
2026-07-24 11:03:18 [info]: UserController {/api/users} (version: 1):
2026-07-24 11:03:18 [info]: Mapped {/api/users, GET} (version: 1) route
2026-07-24 11:03:18 [info]: Mapped {/api/users/:id, GET} (version: 1) route
2026-07-24 11:03:18 [info]: Mapped {/api/users, POST} (version: 1) route
2026-07-24 11:03:18 [info]: Mapped {/api/users/:id, PUT} (version: 1) route
2026-07-24 11:03:18 [info]: Mapped {/api/users/:id, DELETE} (version: 1) route
2026-07-24 11:03:18 [info]: HealthController {/api/health} (version: 1):
2026-07-24 11:03:18 [info]: Mapped {/api/health, GET} (version: 1) route
2026-07-24 11:03:18 [info]: CategoryController {/api/categories} (version: 1):
2026-07-24 11:03:18 [info]: Mapped {/api/categories, GET} (version: 1) route
2026-07-24 11:03:18 [info]: Mapped {/api/categories/:id, GET} (version: 1) route
2026-07-24 11:03:18 [info]: Mapped {/api/categories, POST} (version: 1) route
2026-07-24 11:03:18 [info]: Mapped {/api/categories/:id, PUT} (version: 1) route
2026-07-24 11:03:18 [info]: Mapped {/api/categories/:id, DELETE} (version: 1) route
2026-07-24 11:03:18 [info]: SupplierController {/api/suppliers} (version: 1):
2026-07-24 11:03:18 [info]: Mapped {/api/suppliers, GET} (version: 1) route
2026-07-24 11:03:18 [info]: Mapped {/api/suppliers/:id, GET} (version: 1) route
2026-07-24 11:03:18 [info]: Mapped {/api/suppliers, POST} (version: 1) route
2026-07-24 11:03:18 [info]: Mapped {/api/suppliers/:id, PUT} (version: 1) route
2026-07-24 11:03:18 [info]: Mapped {/api/suppliers/:id, DELETE} (version: 1) route
2026-07-24 11:03:18 [info]: ProductController {/api/products} (version: 1):
2026-07-24 11:03:18 [info]: Mapped {/api/products, GET} (version: 1) route
2026-07-24 11:03:18 [info]: Mapped {/api/products/low-stock, GET} (version: 1) route
2026-07-24 11:03:18 [info]: Mapped {/api/products/barcode/:barcode, GET} (version: 1) route
2026-07-24 11:03:18 [info]: Mapped {/api/products/:id, GET} (version: 1) route
2026-07-24 11:03:18 [info]: Mapped {/api/products, POST} (version: 1) route
2026-07-24 11:03:18 [info]: Mapped {/api/products/:id, PUT} (version: 1) route
2026-07-24 11:03:18 [info]: Mapped {/api/products/:id, DELETE} (version: 1) route
2026-07-24 11:03:18 [info]: Mapped {/api/products/:id/stock/add, PATCH} (version: 1) route
2026-07-24 11:03:18 [info]: Mapped {/api/products/:id/stock/subtract, PATCH} (version: 1) route
2026-07-24 11:03:18 [info]: CustomerController {/api/customers} (version: 1):
2026-07-24 11:03:18 [info]: Mapped {/api/customers, GET} (version: 1) route
2026-07-24 11:03:18 [info]: Mapped {/api/customers/lookup/:doc, GET} (version: 1) route
2026-07-24 11:03:18 [info]: Mapped {/api/customers/:id, GET} (version: 1) route
2026-07-24 11:03:18 [info]: Mapped {/api/customers, POST} (version: 1) route
2026-07-24 11:03:18 [info]: Mapped {/api/customers/:id, PUT} (version: 1) route
2026-07-24 11:03:18 [info]: Mapped {/api/customers/:id, DELETE} (version: 1) route
2026-07-24 11:03:18 [info]: SaleController {/api/sales} (version: 1):
2026-07-24 11:03:18 [info]: Mapped {/api/sales, GET} (version: 1) route
2026-07-24 11:03:18 [info]: Mapped {/api/sales/summary, GET} (version: 1) route
2026-07-24 11:03:18 [info]: Mapped {/api/sales/:id, GET} (version: 1) route
2026-07-24 11:03:18 [info]: Mapped {/api/sales, POST} (version: 1) route
2026-07-24 11:03:18 [info]: Mapped {/api/sales/:id/void, PATCH} (version: 1) route
2026-07-24 11:03:18 [info]: Mapped {/api/sales/credit-note, POST} (version: 1) route
2026-07-24 11:03:18 [info]: CompanySettingsController {/api/company-settings} (version: 1):
2026-07-24 11:03:18 [info]: Mapped {/api/company-settings, GET} (version: 1) route
2026-07-24 11:03:18 [info]: Mapped {/api/company-settings, PUT} (version: 1) route
2026-07-24 11:03:18 [info]: Mapped {/api/company-settings/logo, POST} (version: 1) route
2026-07-24 11:03:18 [info]: Mapped {/api/company-settings/register-sunat-api, POST} (version: 1) route
2026-07-24 11:03:18 [info]: PurchaseOrderController {/api/purchase-orders} (version: 1):
2026-07-24 11:03:18 [info]: Mapped {/api/purchase-orders, GET} (version: 1) route
2026-07-24 11:03:18 [info]: Mapped {/api/purchase-orders/:id, GET} (version: 1) route
2026-07-24 11:03:18 [info]: Mapped {/api/purchase-orders, POST} (version: 1) route
2026-07-24 11:03:18 [info]: Mapped {/api/purchase-orders/:id/receive, PATCH} (version: 1) route
2026-07-24 11:03:18 [info]: Mapped {/api/purchase-orders/:id/cancel, PATCH} (version: 1) route
2026-07-24 11:03:18 [info]: EstablishmentsController {/api/establishments} (version: 1):
2026-07-24 11:03:18 [info]: Mapped {/api/establishments, GET} (version: 1) route
2026-07-24 11:03:18 [info]: Mapped {/api/establishments, POST} (version: 1) route
2026-07-24 11:03:18 [info]: Mapped {/api/establishments/series, GET} (version: 1) route
2026-07-24 11:03:18 [info]: Mapped {/api/establishments/series, POST} (version: 1) route
2026-07-24 11:03:18 [info]: Facturación electrónica: Adaptador inicializado.
2026-07-24 11:03:18 [info]: Facturación electrónica: Adaptador inicializado.
2026-07-24 11:03:18 [info]: Nest application successfully started
2026-07-24 11:03:30 [info]: Starting Nest application...
2026-07-24 11:03:30 [info]: AppModule dependencies initialized
2026-07-24 11:03:30 [info]: TypeOrmModule dependencies initialized
2026-07-24 11:03:30 [info]: PassportModule dependencies initialized
2026-07-24 11:03:30 [info]: ConfigHostModule dependencies initialized
2026-07-24 11:03:30 [info]: WinstonModule dependencies initialized
2026-07-24 11:03:30 [info]: HealthModule dependencies initialized
2026-07-24 11:03:30 [info]: HttpModule dependencies initialized
2026-07-24 11:03:30 [info]: DiscoveryModule dependencies initialized
2026-07-24 11:03:30 [info]: ConfigModule dependencies initialized
2026-07-24 11:03:30 [info]: ConfigModule dependencies initialized
2026-07-24 11:03:30 [info]: EventEmitterModule dependencies initialized
2026-07-24 11:03:30 [info]: ScheduleModule dependencies initialized
2026-07-24 11:03:30 [info]: JwtModule dependencies initialized
2026-07-24 11:03:30 [info]: TypeOrmCoreModule dependencies initialized
2026-07-24 11:03:30 [info]: TypeOrmModule dependencies initialized
2026-07-24 11:03:30 [info]: TypeOrmModule dependencies initialized
2026-07-24 11:03:30 [info]: TypeOrmModule dependencies initialized
2026-07-24 11:03:30 [info]: TypeOrmModule dependencies initialized
2026-07-24 11:03:30 [info]: TypeOrmModule dependencies initialized
2026-07-24 11:03:30 [info]: TypeOrmModule dependencies initialized
2026-07-24 11:03:30 [info]: TypeOrmModule dependencies initialized
2026-07-24 11:03:30 [info]: TypeOrmModule dependencies initialized
2026-07-24 11:03:30 [info]: TypeOrmModule dependencies initialized
2026-07-24 11:03:30 [info]: TypeOrmModule dependencies initialized
2026-07-24 11:03:30 [info]: CategoryModule dependencies initialized
2026-07-24 11:03:30 [info]: SupplierModule dependencies initialized
2026-07-24 11:03:30 [info]: CustomerModule dependencies initialized
2026-07-24 11:03:30 [info]: AuthModule dependencies initialized
2026-07-24 11:03:30 [info]: EstablishmentsModule dependencies initialized
2026-07-24 11:03:30 [info]: UserModule dependencies initialized
2026-07-24 11:03:30 [info]: ProductModule dependencies initialized
2026-07-24 11:03:30 [info]: PurchaseOrderModule dependencies initialized
2026-07-24 11:03:30 [info]: CompanySettingsModule dependencies initialized
2026-07-24 11:03:30 [info]: SaleModule dependencies initialized
2026-07-24 11:03:30 [info]: AuthController {/api/auth} (version: 1):
2026-07-24 11:03:30 [info]: Mapped {/api/auth/login, POST} (version: 1) route
2026-07-24 11:03:30 [info]: Mapped {/api/auth/status, GET} (version: 1) route
2026-07-24 11:03:30 [info]: UserController {/api/users} (version: 1):
2026-07-24 11:03:30 [info]: Mapped {/api/users, GET} (version: 1) route
2026-07-24 11:03:30 [info]: Mapped {/api/users/:id, GET} (version: 1) route
2026-07-24 11:03:30 [info]: Mapped {/api/users, POST} (version: 1) route
2026-07-24 11:03:30 [info]: Mapped {/api/users/:id, PUT} (version: 1) route
2026-07-24 11:03:30 [info]: Mapped {/api/users/:id, DELETE} (version: 1) route
2026-07-24 11:03:30 [info]: HealthController {/api/health} (version: 1):
2026-07-24 11:03:30 [info]: Mapped {/api/health, GET} (version: 1) route
2026-07-24 11:03:30 [info]: CategoryController {/api/categories} (version: 1):
2026-07-24 11:03:30 [info]: Mapped {/api/categories, GET} (version: 1) route
2026-07-24 11:03:30 [info]: Mapped {/api/categories/:id, GET} (version: 1) route
2026-07-24 11:03:30 [info]: Mapped {/api/categories, POST} (version: 1) route
2026-07-24 11:03:30 [info]: Mapped {/api/categories/:id, PUT} (version: 1) route
2026-07-24 11:03:30 [info]: Mapped {/api/categories/:id, DELETE} (version: 1) route
2026-07-24 11:03:30 [info]: SupplierController {/api/suppliers} (version: 1):
2026-07-24 11:03:30 [info]: Mapped {/api/suppliers, GET} (version: 1) route
2026-07-24 11:03:30 [info]: Mapped {/api/suppliers/:id, GET} (version: 1) route
2026-07-24 11:03:30 [info]: Mapped {/api/suppliers, POST} (version: 1) route
2026-07-24 11:03:30 [info]: Mapped {/api/suppliers/:id, PUT} (version: 1) route
2026-07-24 11:03:30 [info]: Mapped {/api/suppliers/:id, DELETE} (version: 1) route
2026-07-24 11:03:30 [info]: ProductController {/api/products} (version: 1):
2026-07-24 11:03:30 [info]: Mapped {/api/products, GET} (version: 1) route
2026-07-24 11:03:30 [info]: Mapped {/api/products/low-stock, GET} (version: 1) route
2026-07-24 11:03:30 [info]: Mapped {/api/products/barcode/:barcode, GET} (version: 1) route
2026-07-24 11:03:30 [info]: Mapped {/api/products/:id, GET} (version: 1) route
2026-07-24 11:03:30 [info]: Mapped {/api/products, POST} (version: 1) route
2026-07-24 11:03:30 [info]: Mapped {/api/products/:id, PUT} (version: 1) route
2026-07-24 11:03:30 [info]: Mapped {/api/products/:id, DELETE} (version: 1) route
2026-07-24 11:03:30 [info]: Mapped {/api/products/:id/stock/add, PATCH} (version: 1) route
2026-07-24 11:03:30 [info]: Mapped {/api/products/:id/stock/subtract, PATCH} (version: 1) route
2026-07-24 11:03:30 [info]: CustomerController {/api/customers} (version: 1):
2026-07-24 11:03:30 [info]: Mapped {/api/customers, GET} (version: 1) route
2026-07-24 11:03:30 [info]: Mapped {/api/customers/lookup/:doc, GET} (version: 1) route
2026-07-24 11:03:30 [info]: Mapped {/api/customers/:id, GET} (version: 1) route
2026-07-24 11:03:30 [info]: Mapped {/api/customers, POST} (version: 1) route
2026-07-24 11:03:30 [info]: Mapped {/api/customers/:id, PUT} (version: 1) route
2026-07-24 11:03:30 [info]: Mapped {/api/customers/:id, DELETE} (version: 1) route
2026-07-24 11:03:30 [info]: SaleController {/api/sales} (version: 1):
2026-07-24 11:03:30 [info]: Mapped {/api/sales, GET} (version: 1) route
2026-07-24 11:03:30 [info]: Mapped {/api/sales/summary, GET} (version: 1) route
2026-07-24 11:03:30 [info]: Mapped {/api/sales/:id, GET} (version: 1) route
2026-07-24 11:03:30 [info]: Mapped {/api/sales, POST} (version: 1) route
2026-07-24 11:03:30 [info]: Mapped {/api/sales/:id/void, PATCH} (version: 1) route
2026-07-24 11:03:30 [info]: Mapped {/api/sales/credit-note, POST} (version: 1) route
2026-07-24 11:03:30 [info]: CompanySettingsController {/api/company-settings} (version: 1):
2026-07-24 11:03:30 [info]: Mapped {/api/company-settings, GET} (version: 1) route
2026-07-24 11:03:30 [info]: Mapped {/api/company-settings, PUT} (version: 1) route
2026-07-24 11:03:30 [info]: Mapped {/api/company-settings/logo, POST} (version: 1) route
2026-07-24 11:03:30 [info]: Mapped {/api/company-settings/register-sunat-api, POST} (version: 1) route
2026-07-24 11:03:30 [info]: PurchaseOrderController {/api/purchase-orders} (version: 1):
2026-07-24 11:03:30 [info]: Mapped {/api/purchase-orders, GET} (version: 1) route
2026-07-24 11:03:30 [info]: Mapped {/api/purchase-orders/:id, GET} (version: 1) route
2026-07-24 11:03:30 [info]: Mapped {/api/purchase-orders, POST} (version: 1) route
2026-07-24 11:03:30 [info]: Mapped {/api/purchase-orders/:id/receive, PATCH} (version: 1) route
2026-07-24 11:03:30 [info]: Mapped {/api/purchase-orders/:id/cancel, PATCH} (version: 1) route
2026-07-24 11:03:30 [info]: EstablishmentsController {/api/establishments} (version: 1):
2026-07-24 11:03:30 [info]: Mapped {/api/establishments, GET} (version: 1) route
2026-07-24 11:03:30 [info]: Mapped {/api/establishments, POST} (version: 1) route
2026-07-24 11:03:30 [info]: Mapped {/api/establishments/series, GET} (version: 1) route
2026-07-24 11:03:30 [info]: Mapped {/api/establishments/series, POST} (version: 1) route
2026-07-24 11:03:30 [info]: Facturación electrónica: Adaptador inicializado.
2026-07-24 11:03:30 [info]: Facturación electrónica: Adaptador inicializado.
2026-07-24 11:03:30 [info]: Nest application successfully started
2026-07-24 11:04:04 [warn]: Reintentando GET (1/3)...
2026-07-24 11:04:05 [warn]: Reintentando GET (2/3)...
2026-07-24 11:04:22 [error]: QueryFailedError: Cannot add or update a child row: a foreign key constraint fails (`devpro_db`.`establishments`, CONSTRAINT `fk_est_company` FOREIGN KEY (`company_settings_id`) REFERENCES `company_settings` (`id`) ON DELETE CASCADE)
    at MysqlQueryRunner.query (/Users/macintosh/Documents/DEVPRO/Back/src/driver/mysql/MysqlQueryRunner.ts:291:19)
    at process.processTicksAndRejections (node:internal/process/task_queues:103:5)
    at async InsertQueryBuilder.execute (/Users/macintosh/Documents/DEVPRO/Back/src/query-builder/InsertQueryBuilder.ts:166:33)
    at async SubjectExecutor.executeInsertOperations (/Users/macintosh/Documents/DEVPRO/Back/src/persistence/SubjectExecutor.ts:435:42)
    at async SubjectExecutor.execute (/Users/macintosh/Documents/DEVPRO/Back/src/persistence/SubjectExecutor.ts:137:9)
    at async EntityPersistExecutor.execute (/Users/macintosh/Documents/DEVPRO/Back/src/persistence/EntityPersistExecutor.ts:190:21)
    at async EstablishmentsService.create (/Users/macintosh/Documents/DEVPRO/Back/src/domain/services/establishments.service.ts:126:24)
    at async /Users/macintosh/Documents/DEVPRO/Back/node_modules/@nestjs/core/router/router-execution-context.js:47:62
    at async /Users/macintosh/Documents/DEVPRO/Back/node_modules/@nestjs/core/router/router-proxy.js:9:17
2026-07-24 11:04:41 [warn]: Reintentando (1/3)...
2026-07-24 11:04:43 [warn]: Reintentando (2/3)...
2026-07-24 11:04:45 [warn]: Reintentando (1/3)...
2026-07-24 11:04:46 [warn]: Reintentando (2/3)...
2026-07-24 11:04:49 [warn]: Reintentando (1/3)...
2026-07-24 11:04:50 [warn]: Reintentando (2/3)...
2026-07-24 11:04:52 [warn]: Reintentando (1/3)...
2026-07-24 11:04:53 [warn]: Reintentando (2/3)...
2026-07-24 11:04:56 [warn]: Reintentando (1/3)...
2026-07-24 11:04:57 [warn]: Reintentando (2/3)...
2026-07-24 11:04:59 [warn]: Reintentando (1/3)...
2026-07-24 11:05:00 [warn]: Reintentando (2/3)...
2026-07-24 11:05:03 [warn]: Reintentando (1/3)...
2026-07-24 11:05:04 [warn]: Reintentando (2/3)...
2026-07-24 11:05:06 [warn]: Reintentando GET (1/3)...
2026-07-24 11:05:08 [warn]: Reintentando GET (2/3)...
2026-07-24 11:05:21 [warn]: Reintentando (1/3)...
2026-07-24 11:05:22 [warn]: Reintentando (2/3)...
2026-07-24 11:05:25 [warn]: Reintentando (1/3)...
2026-07-24 11:05:26 [warn]: Reintentando (2/3)...
2026-07-24 11:05:28 [warn]: Reintentando (1/3)...
2026-07-24 11:05:30 [warn]: Reintentando (2/3)...
2026-07-24 11:05:32 [warn]: Reintentando (1/3)...
2026-07-24 11:05:33 [warn]: Reintentando (2/3)...
2026-07-24 11:05:36 [warn]: Reintentando (1/3)...
2026-07-24 11:05:37 [warn]: Reintentando (2/3)...
2026-07-24 11:05:39 [warn]: Reintentando (1/3)...
2026-07-24 11:05:40 [warn]: Reintentando (2/3)...
2026-07-24 11:06:52 [error]: QueryFailedError: Duplicate entry 'F001' for key 'uq_serie'
    at MysqlQueryRunner.query (/Users/macintosh/Documents/DEVPRO/Back/src/driver/mysql/MysqlQueryRunner.ts:291:19)
    at process.processTicksAndRejections (node:internal/process/task_queues:103:5)
    at async InsertQueryBuilder.execute (/Users/macintosh/Documents/DEVPRO/Back/src/query-builder/InsertQueryBuilder.ts:166:33)
    at async SubjectExecutor.executeInsertOperations (/Users/macintosh/Documents/DEVPRO/Back/src/persistence/SubjectExecutor.ts:435:42)
    at async SubjectExecutor.execute (/Users/macintosh/Documents/DEVPRO/Back/src/persistence/SubjectExecutor.ts:137:9)
    at async EntityPersistExecutor.execute (/Users/macintosh/Documents/DEVPRO/Back/src/persistence/EntityPersistExecutor.ts:190:21)
    at async EstablishmentsService.saveSeriesBatch (/Users/macintosh/Documents/DEVPRO/Back/src/domain/services/establishments.service.ts:203:9)
    at async /Users/macintosh/Documents/DEVPRO/Back/node_modules/@nestjs/core/router/router-execution-context.js:47:62
    at async /Users/macintosh/Documents/DEVPRO/Back/node_modules/@nestjs/core/router/router-proxy.js:9:17
2026-07-24 11:06:58 [error]: QueryFailedError: Cannot add or update a child row: a foreign key constraint fails (`devpro_db`.`establishment_series`, CONSTRAINT `fk_series_est` FOREIGN KEY (`establishment_id`) REFERENCES `establishments` (`id`) ON DELETE CASCADE)
    at MysqlQueryRunner.query (/Users/macintosh/Documents/DEVPRO/Back/src/driver/mysql/MysqlQueryRunner.ts:291:19)
    at process.processTicksAndRejections (node:internal/process/task_queues:103:5)
    at async InsertQueryBuilder.execute (/Users/macintosh/Documents/DEVPRO/Back/src/query-builder/InsertQueryBuilder.ts:166:33)
    at async SubjectExecutor.executeInsertOperations (/Users/macintosh/Documents/DEVPRO/Back/src/persistence/SubjectExecutor.ts:435:42)
    at async SubjectExecutor.execute (/Users/macintosh/Documents/DEVPRO/Back/src/persistence/SubjectExecutor.ts:137:9)
    at async EntityPersistExecutor.execute (/Users/macintosh/Documents/DEVPRO/Back/src/persistence/EntityPersistExecutor.ts:190:21)
    at async EstablishmentsService.saveSeriesBatch (/Users/macintosh/Documents/DEVPRO/Back/src/domain/services/establishments.service.ts:203:9)
    at async /Users/macintosh/Documents/DEVPRO/Back/node_modules/@nestjs/core/router/router-execution-context.js:47:62
    at async /Users/macintosh/Documents/DEVPRO/Back/node_modules/@nestjs/core/router/router-proxy.js:9:17
2026-07-24 11:07:12 [info]: Starting Nest application...
2026-07-24 11:07:12 [info]: AppModule dependencies initialized
2026-07-24 11:07:12 [info]: TypeOrmModule dependencies initialized
2026-07-24 11:07:12 [info]: PassportModule dependencies initialized
2026-07-24 11:07:12 [info]: ConfigHostModule dependencies initialized
2026-07-24 11:07:12 [info]: WinstonModule dependencies initialized
2026-07-24 11:07:12 [info]: HealthModule dependencies initialized
2026-07-24 11:07:12 [info]: HttpModule dependencies initialized
2026-07-24 11:07:12 [info]: DiscoveryModule dependencies initialized
2026-07-24 11:07:12 [info]: ConfigModule dependencies initialized
2026-07-24 11:07:12 [info]: ConfigModule dependencies initialized
2026-07-24 11:07:12 [info]: EventEmitterModule dependencies initialized
2026-07-24 11:07:12 [info]: ScheduleModule dependencies initialized
2026-07-24 11:07:12 [info]: JwtModule dependencies initialized
2026-07-24 11:07:12 [info]: TypeOrmCoreModule dependencies initialized
2026-07-24 11:07:12 [info]: TypeOrmModule dependencies initialized
2026-07-24 11:07:12 [info]: TypeOrmModule dependencies initialized
2026-07-24 11:07:12 [info]: TypeOrmModule dependencies initialized
2026-07-24 11:07:12 [info]: TypeOrmModule dependencies initialized
2026-07-24 11:07:12 [info]: TypeOrmModule dependencies initialized
2026-07-24 11:07:12 [info]: TypeOrmModule dependencies initialized
2026-07-24 11:07:12 [info]: TypeOrmModule dependencies initialized
2026-07-24 11:07:12 [info]: TypeOrmModule dependencies initialized
2026-07-24 11:07:12 [info]: TypeOrmModule dependencies initialized
2026-07-24 11:07:12 [info]: TypeOrmModule dependencies initialized
2026-07-24 11:07:12 [info]: CategoryModule dependencies initialized
2026-07-24 11:07:12 [info]: SupplierModule dependencies initialized
2026-07-24 11:07:12 [info]: CustomerModule dependencies initialized
2026-07-24 11:07:12 [info]: AuthModule dependencies initialized
2026-07-24 11:07:12 [info]: EstablishmentsModule dependencies initialized
2026-07-24 11:07:12 [info]: UserModule dependencies initialized
2026-07-24 11:07:12 [info]: ProductModule dependencies initialized
2026-07-24 11:07:12 [info]: PurchaseOrderModule dependencies initialized
2026-07-24 11:07:12 [info]: CompanySettingsModule dependencies initialized
2026-07-24 11:07:12 [info]: SaleModule dependencies initialized
2026-07-24 11:07:12 [info]: AuthController {/api/auth} (version: 1):
2026-07-24 11:07:12 [info]: Mapped {/api/auth/login, POST} (version: 1) route
2026-07-24 11:07:12 [info]: Mapped {/api/auth/status, GET} (version: 1) route
2026-07-24 11:07:12 [info]: UserController {/api/users} (version: 1):
2026-07-24 11:07:12 [info]: Mapped {/api/users, GET} (version: 1) route
2026-07-24 11:07:12 [info]: Mapped {/api/users/:id, GET} (version: 1) route
2026-07-24 11:07:12 [info]: Mapped {/api/users, POST} (version: 1) route
2026-07-24 11:07:12 [info]: Mapped {/api/users/:id, PUT} (version: 1) route
2026-07-24 11:07:12 [info]: Mapped {/api/users/:id, DELETE} (version: 1) route
2026-07-24 11:07:12 [info]: HealthController {/api/health} (version: 1):
2026-07-24 11:07:12 [info]: Mapped {/api/health, GET} (version: 1) route
2026-07-24 11:07:12 [info]: CategoryController {/api/categories} (version: 1):
2026-07-24 11:07:12 [info]: Mapped {/api/categories, GET} (version: 1) route
2026-07-24 11:07:12 [info]: Mapped {/api/categories/:id, GET} (version: 1) route
2026-07-24 11:07:12 [info]: Mapped {/api/categories, POST} (version: 1) route
2026-07-24 11:07:12 [info]: Mapped {/api/categories/:id, PUT} (version: 1) route
2026-07-24 11:07:12 [info]: Mapped {/api/categories/:id, DELETE} (version: 1) route
2026-07-24 11:07:12 [info]: SupplierController {/api/suppliers} (version: 1):
2026-07-24 11:07:12 [info]: Mapped {/api/suppliers, GET} (version: 1) route
2026-07-24 11:07:12 [info]: Mapped {/api/suppliers/:id, GET} (version: 1) route
2026-07-24 11:07:12 [info]: Mapped {/api/suppliers, POST} (version: 1) route
2026-07-24 11:07:12 [info]: Mapped {/api/suppliers/:id, PUT} (version: 1) route
2026-07-24 11:07:12 [info]: Mapped {/api/suppliers/:id, DELETE} (version: 1) route
2026-07-24 11:07:12 [info]: ProductController {/api/products} (version: 1):
2026-07-24 11:07:12 [info]: Mapped {/api/products, GET} (version: 1) route
2026-07-24 11:07:12 [info]: Mapped {/api/products/low-stock, GET} (version: 1) route
2026-07-24 11:07:12 [info]: Mapped {/api/products/barcode/:barcode, GET} (version: 1) route
2026-07-24 11:07:12 [info]: Mapped {/api/products/:id, GET} (version: 1) route
2026-07-24 11:07:12 [info]: Mapped {/api/products, POST} (version: 1) route
2026-07-24 11:07:12 [info]: Mapped {/api/products/:id, PUT} (version: 1) route
2026-07-24 11:07:12 [info]: Mapped {/api/products/:id, DELETE} (version: 1) route
2026-07-24 11:07:12 [info]: Mapped {/api/products/:id/stock/add, PATCH} (version: 1) route
2026-07-24 11:07:12 [info]: Mapped {/api/products/:id/stock/subtract, PATCH} (version: 1) route
2026-07-24 11:07:12 [info]: CustomerController {/api/customers} (version: 1):
2026-07-24 11:07:12 [info]: Mapped {/api/customers, GET} (version: 1) route
2026-07-24 11:07:12 [info]: Mapped {/api/customers/lookup/:doc, GET} (version: 1) route
2026-07-24 11:07:12 [info]: Mapped {/api/customers/:id, GET} (version: 1) route
2026-07-24 11:07:12 [info]: Mapped {/api/customers, POST} (version: 1) route
2026-07-24 11:07:12 [info]: Mapped {/api/customers/:id, PUT} (version: 1) route
2026-07-24 11:07:12 [info]: Mapped {/api/customers/:id, DELETE} (version: 1) route
2026-07-24 11:07:12 [info]: SaleController {/api/sales} (version: 1):
2026-07-24 11:07:12 [info]: Mapped {/api/sales, GET} (version: 1) route
2026-07-24 11:07:12 [info]: Mapped {/api/sales/summary, GET} (version: 1) route
2026-07-24 11:07:12 [info]: Mapped {/api/sales/:id, GET} (version: 1) route
2026-07-24 11:07:12 [info]: Mapped {/api/sales, POST} (version: 1) route
2026-07-24 11:07:12 [info]: Mapped {/api/sales/:id/void, PATCH} (version: 1) route
2026-07-24 11:07:12 [info]: Mapped {/api/sales/credit-note, POST} (version: 1) route
2026-07-24 11:07:12 [info]: CompanySettingsController {/api/company-settings} (version: 1):
2026-07-24 11:07:12 [info]: Mapped {/api/company-settings, GET} (version: 1) route
2026-07-24 11:07:12 [info]: Mapped {/api/company-settings, PUT} (version: 1) route
2026-07-24 11:07:12 [info]: Mapped {/api/company-settings/logo, POST} (version: 1) route
2026-07-24 11:07:12 [info]: Mapped {/api/company-settings/register-sunat-api, POST} (version: 1) route
2026-07-24 11:07:12 [info]: PurchaseOrderController {/api/purchase-orders} (version: 1):
2026-07-24 11:07:12 [info]: Mapped {/api/purchase-orders, GET} (version: 1) route
2026-07-24 11:07:12 [info]: Mapped {/api/purchase-orders/:id, GET} (version: 1) route
2026-07-24 11:07:12 [info]: Mapped {/api/purchase-orders, POST} (version: 1) route
2026-07-24 11:07:12 [info]: Mapped {/api/purchase-orders/:id/receive, PATCH} (version: 1) route
2026-07-24 11:07:12 [info]: Mapped {/api/purchase-orders/:id/cancel, PATCH} (version: 1) route
2026-07-24 11:07:12 [info]: EstablishmentsController {/api/establishments} (version: 1):
2026-07-24 11:07:12 [info]: Mapped {/api/establishments, GET} (version: 1) route
2026-07-24 11:07:12 [info]: Mapped {/api/establishments, POST} (version: 1) route
2026-07-24 11:07:12 [info]: Mapped {/api/establishments/series, GET} (version: 1) route
2026-07-24 11:07:12 [info]: Mapped {/api/establishments/series, POST} (version: 1) route
2026-07-24 11:07:12 [info]: Facturación electrónica: Adaptador inicializado.
2026-07-24 11:07:12 [info]: Facturación electrónica: Adaptador inicializado.
2026-07-24 11:07:12 [info]: Nest application successfully started
2026-07-24 11:07:37 [warn]: Reintentando (1/3)...
2026-07-24 11:07:38 [warn]: Reintentando (2/3)...
2026-07-24 11:07:40 [warn]: Reintentando (1/3)...
2026-07-24 11:07:42 [warn]: Reintentando (2/3)...
2026-07-24 11:07:44 [warn]: Reintentando (1/3)...
2026-07-24 11:07:45 [warn]: Reintentando (2/3)...
2026-07-24 11:07:48 [warn]: Reintentando (1/3)...
2026-07-24 11:07:49 [warn]: Reintentando (2/3)...
2026-07-24 11:07:51 [warn]: Reintentando (1/3)...
2026-07-24 11:07:53 [warn]: Reintentando (2/3)...
2026-07-24 11:07:55 [warn]: Reintentando (1/3)...
2026-07-24 11:07:56 [warn]: Reintentando (2/3)...
2026-07-24 11:09:00 [info]: Starting Nest application...
2026-07-24 11:09:00 [info]: AppModule dependencies initialized
2026-07-24 11:09:00 [info]: TypeOrmModule dependencies initialized
2026-07-24 11:09:00 [info]: PassportModule dependencies initialized
2026-07-24 11:09:00 [info]: ConfigHostModule dependencies initialized
2026-07-24 11:09:00 [info]: WinstonModule dependencies initialized
2026-07-24 11:09:00 [info]: HealthModule dependencies initialized
2026-07-24 11:09:00 [info]: HttpModule dependencies initialized
2026-07-24 11:09:00 [info]: DiscoveryModule dependencies initialized
2026-07-24 11:09:00 [info]: ConfigModule dependencies initialized
2026-07-24 11:09:00 [info]: ConfigModule dependencies initialized
2026-07-24 11:09:00 [info]: EventEmitterModule dependencies initialized
2026-07-24 11:09:00 [info]: ScheduleModule dependencies initialized
2026-07-24 11:09:00 [info]: JwtModule dependencies initialized
2026-07-24 11:09:00 [info]: TypeOrmCoreModule dependencies initialized
2026-07-24 11:09:00 [info]: TypeOrmModule dependencies initialized
2026-07-24 11:09:00 [info]: TypeOrmModule dependencies initialized
2026-07-24 11:09:00 [info]: TypeOrmModule dependencies initialized
2026-07-24 11:09:00 [info]: TypeOrmModule dependencies initialized
2026-07-24 11:09:00 [info]: TypeOrmModule dependencies initialized
2026-07-24 11:09:00 [info]: TypeOrmModule dependencies initialized
2026-07-24 11:09:00 [info]: TypeOrmModule dependencies initialized
2026-07-24 11:09:00 [info]: TypeOrmModule dependencies initialized
2026-07-24 11:09:00 [info]: TypeOrmModule dependencies initialized
2026-07-24 11:09:00 [info]: TypeOrmModule dependencies initialized
2026-07-24 11:09:00 [info]: CategoryModule dependencies initialized
2026-07-24 11:09:00 [info]: SupplierModule dependencies initialized
2026-07-24 11:09:00 [info]: CustomerModule dependencies initialized
2026-07-24 11:09:00 [info]: AuthModule dependencies initialized
2026-07-24 11:09:00 [info]: EstablishmentsModule dependencies initialized
2026-07-24 11:09:00 [info]: UserModule dependencies initialized
2026-07-24 11:09:00 [info]: ProductModule dependencies initialized
2026-07-24 11:09:00 [info]: PurchaseOrderModule dependencies initialized
2026-07-24 11:09:00 [info]: CompanySettingsModule dependencies initialized
2026-07-24 11:09:00 [info]: SaleModule dependencies initialized
2026-07-24 11:09:00 [info]: AuthController {/api/auth} (version: 1):
2026-07-24 11:09:00 [info]: Mapped {/api/auth/login, POST} (version: 1) route
2026-07-24 11:09:00 [info]: Mapped {/api/auth/status, GET} (version: 1) route
2026-07-24 11:09:00 [info]: UserController {/api/users} (version: 1):
2026-07-24 11:09:00 [info]: Mapped {/api/users, GET} (version: 1) route
2026-07-24 11:09:00 [info]: Mapped {/api/users/:id, GET} (version: 1) route
2026-07-24 11:09:00 [info]: Mapped {/api/users, POST} (version: 1) route
2026-07-24 11:09:00 [info]: Mapped {/api/users/:id, PUT} (version: 1) route
2026-07-24 11:09:00 [info]: Mapped {/api/users/:id, DELETE} (version: 1) route
2026-07-24 11:09:00 [info]: HealthController {/api/health} (version: 1):
2026-07-24 11:09:00 [info]: Mapped {/api/health, GET} (version: 1) route
2026-07-24 11:09:00 [info]: CategoryController {/api/categories} (version: 1):
2026-07-24 11:09:00 [info]: Mapped {/api/categories, GET} (version: 1) route
2026-07-24 11:09:00 [info]: Mapped {/api/categories/:id, GET} (version: 1) route
2026-07-24 11:09:00 [info]: Mapped {/api/categories, POST} (version: 1) route
2026-07-24 11:09:00 [info]: Mapped {/api/categories/:id, PUT} (version: 1) route
2026-07-24 11:09:00 [info]: Mapped {/api/categories/:id, DELETE} (version: 1) route
2026-07-24 11:09:00 [info]: SupplierController {/api/suppliers} (version: 1):
2026-07-24 11:09:00 [info]: Mapped {/api/suppliers, GET} (version: 1) route
2026-07-24 11:09:00 [info]: Mapped {/api/suppliers/:id, GET} (version: 1) route
2026-07-24 11:09:00 [info]: Mapped {/api/suppliers, POST} (version: 1) route
2026-07-24 11:09:00 [info]: Mapped {/api/suppliers/:id, PUT} (version: 1) route
2026-07-24 11:09:00 [info]: Mapped {/api/suppliers/:id, DELETE} (version: 1) route
2026-07-24 11:09:00 [info]: ProductController {/api/products} (version: 1):
2026-07-24 11:09:00 [info]: Mapped {/api/products, GET} (version: 1) route
2026-07-24 11:09:00 [info]: Mapped {/api/products/low-stock, GET} (version: 1) route
2026-07-24 11:09:00 [info]: Mapped {/api/products/barcode/:barcode, GET} (version: 1) route
2026-07-24 11:09:00 [info]: Mapped {/api/products/:id, GET} (version: 1) route
2026-07-24 11:09:00 [info]: Mapped {/api/products, POST} (version: 1) route
2026-07-24 11:09:00 [info]: Mapped {/api/products/:id, PUT} (version: 1) route
2026-07-24 11:09:00 [info]: Mapped {/api/products/:id, DELETE} (version: 1) route
2026-07-24 11:09:00 [info]: Mapped {/api/products/:id/stock/add, PATCH} (version: 1) route
2026-07-24 11:09:00 [info]: Mapped {/api/products/:id/stock/subtract, PATCH} (version: 1) route
2026-07-24 11:09:00 [info]: CustomerController {/api/customers} (version: 1):
2026-07-24 11:09:00 [info]: Mapped {/api/customers, GET} (version: 1) route
2026-07-24 11:09:00 [info]: Mapped {/api/customers/lookup/:doc, GET} (version: 1) route
2026-07-24 11:09:00 [info]: Mapped {/api/customers/:id, GET} (version: 1) route
2026-07-24 11:09:00 [info]: Mapped {/api/customers, POST} (version: 1) route
2026-07-24 11:09:00 [info]: Mapped {/api/customers/:id, PUT} (version: 1) route
2026-07-24 11:09:00 [info]: Mapped {/api/customers/:id, DELETE} (version: 1) route
2026-07-24 11:09:00 [info]: SaleController {/api/sales} (version: 1):
2026-07-24 11:09:00 [info]: Mapped {/api/sales, GET} (version: 1) route
2026-07-24 11:09:00 [info]: Mapped {/api/sales/summary, GET} (version: 1) route
2026-07-24 11:09:00 [info]: Mapped {/api/sales/:id, GET} (version: 1) route
2026-07-24 11:09:00 [info]: Mapped {/api/sales, POST} (version: 1) route
2026-07-24 11:09:00 [info]: Mapped {/api/sales/:id/void, PATCH} (version: 1) route
2026-07-24 11:09:00 [info]: Mapped {/api/sales/credit-note, POST} (version: 1) route
2026-07-24 11:09:00 [info]: CompanySettingsController {/api/company-settings} (version: 1):
2026-07-24 11:09:00 [info]: Mapped {/api/company-settings, GET} (version: 1) route
2026-07-24 11:09:00 [info]: Mapped {/api/company-settings, PUT} (version: 1) route
2026-07-24 11:09:00 [info]: Mapped {/api/company-settings/logo, POST} (version: 1) route
2026-07-24 11:09:00 [info]: Mapped {/api/company-settings/register-sunat-api, POST} (version: 1) route
2026-07-24 11:09:00 [info]: PurchaseOrderController {/api/purchase-orders} (version: 1):
2026-07-24 11:09:00 [info]: Mapped {/api/purchase-orders, GET} (version: 1) route
2026-07-24 11:09:00 [info]: Mapped {/api/purchase-orders/:id, GET} (version: 1) route
2026-07-24 11:09:00 [info]: Mapped {/api/purchase-orders, POST} (version: 1) route
2026-07-24 11:09:00 [info]: Mapped {/api/purchase-orders/:id/receive, PATCH} (version: 1) route
2026-07-24 11:09:00 [info]: Mapped {/api/purchase-orders/:id/cancel, PATCH} (version: 1) route
2026-07-24 11:09:00 [info]: EstablishmentsController {/api/establishments} (version: 1):
2026-07-24 11:09:00 [info]: Mapped {/api/establishments, GET} (version: 1) route
2026-07-24 11:09:00 [info]: Mapped {/api/establishments, POST} (version: 1) route
2026-07-24 11:09:00 [info]: Mapped {/api/establishments/series, GET} (version: 1) route
2026-07-24 11:09:00 [info]: Mapped {/api/establishments/series, POST} (version: 1) route
2026-07-24 11:09:00 [info]: Facturación electrónica: Adaptador inicializado.
2026-07-24 11:09:00 [info]: Facturación electrónica: Adaptador inicializado.
2026-07-24 11:09:00 [info]: Nest application successfully started
2026-07-24 11:09:03 [info]: Starting Nest application...
2026-07-24 11:09:03 [info]: AppModule dependencies initialized
2026-07-24 11:09:03 [info]: TypeOrmModule dependencies initialized
2026-07-24 11:09:03 [info]: PassportModule dependencies initialized
2026-07-24 11:09:03 [info]: ConfigHostModule dependencies initialized
2026-07-24 11:09:03 [info]: WinstonModule dependencies initialized
2026-07-24 11:09:03 [info]: HealthModule dependencies initialized
2026-07-24 11:09:03 [info]: HttpModule dependencies initialized
2026-07-24 11:09:03 [info]: DiscoveryModule dependencies initialized
2026-07-24 11:09:03 [info]: ConfigModule dependencies initialized
2026-07-24 11:09:03 [info]: ConfigModule dependencies initialized
2026-07-24 11:09:03 [info]: EventEmitterModule dependencies initialized
2026-07-24 11:09:03 [info]: ScheduleModule dependencies initialized
2026-07-24 11:09:03 [info]: JwtModule dependencies initialized
2026-07-24 11:09:03 [info]: TypeOrmCoreModule dependencies initialized
2026-07-24 11:09:03 [info]: TypeOrmModule dependencies initialized
2026-07-24 11:09:03 [info]: TypeOrmModule dependencies initialized
2026-07-24 11:09:03 [info]: TypeOrmModule dependencies initialized
2026-07-24 11:09:03 [info]: TypeOrmModule dependencies initialized
2026-07-24 11:09:03 [info]: TypeOrmModule dependencies initialized
2026-07-24 11:09:03 [info]: TypeOrmModule dependencies initialized
2026-07-24 11:09:03 [info]: TypeOrmModule dependencies initialized
2026-07-24 11:09:03 [info]: TypeOrmModule dependencies initialized
2026-07-24 11:09:03 [info]: TypeOrmModule dependencies initialized
2026-07-24 11:09:03 [info]: TypeOrmModule dependencies initialized
2026-07-24 11:09:03 [info]: CategoryModule dependencies initialized
2026-07-24 11:09:03 [info]: SupplierModule dependencies initialized
2026-07-24 11:09:03 [info]: CustomerModule dependencies initialized
2026-07-24 11:09:03 [info]: AuthModule dependencies initialized
2026-07-24 11:09:03 [info]: EstablishmentsModule dependencies initialized
2026-07-24 11:09:03 [info]: UserModule dependencies initialized
2026-07-24 11:09:03 [info]: ProductModule dependencies initialized
2026-07-24 11:09:03 [info]: PurchaseOrderModule dependencies initialized
2026-07-24 11:09:03 [info]: CompanySettingsModule dependencies initialized
2026-07-24 11:09:03 [info]: SaleModule dependencies initialized
2026-07-24 11:09:03 [info]: AuthController {/api/auth} (version: 1):
2026-07-24 11:09:03 [info]: Mapped {/api/auth/login, POST} (version: 1) route
2026-07-24 11:09:03 [info]: Mapped {/api/auth/status, GET} (version: 1) route
2026-07-24 11:09:03 [info]: UserController {/api/users} (version: 1):
2026-07-24 11:09:03 [info]: Mapped {/api/users, GET} (version: 1) route
2026-07-24 11:09:03 [info]: Mapped {/api/users/:id, GET} (version: 1) route
2026-07-24 11:09:03 [info]: Mapped {/api/users, POST} (version: 1) route
2026-07-24 11:09:03 [info]: Mapped {/api/users/:id, PUT} (version: 1) route
2026-07-24 11:09:03 [info]: Mapped {/api/users/:id, DELETE} (version: 1) route
2026-07-24 11:09:03 [info]: HealthController {/api/health} (version: 1):
2026-07-24 11:09:03 [info]: Mapped {/api/health, GET} (version: 1) route
2026-07-24 11:09:03 [info]: CategoryController {/api/categories} (version: 1):
2026-07-24 11:09:03 [info]: Mapped {/api/categories, GET} (version: 1) route
2026-07-24 11:09:03 [info]: Mapped {/api/categories/:id, GET} (version: 1) route
2026-07-24 11:09:03 [info]: Mapped {/api/categories, POST} (version: 1) route
2026-07-24 11:09:03 [info]: Mapped {/api/categories/:id, PUT} (version: 1) route
2026-07-24 11:09:03 [info]: Mapped {/api/categories/:id, DELETE} (version: 1) route
2026-07-24 11:09:03 [info]: SupplierController {/api/suppliers} (version: 1):
2026-07-24 11:09:03 [info]: Mapped {/api/suppliers, GET} (version: 1) route
2026-07-24 11:09:03 [info]: Mapped {/api/suppliers/:id, GET} (version: 1) route
2026-07-24 11:09:03 [info]: Mapped {/api/suppliers, POST} (version: 1) route
2026-07-24 11:09:03 [info]: Mapped {/api/suppliers/:id, PUT} (version: 1) route
2026-07-24 11:09:03 [info]: Mapped {/api/suppliers/:id, DELETE} (version: 1) route
2026-07-24 11:09:03 [info]: ProductController {/api/products} (version: 1):
2026-07-24 11:09:03 [info]: Mapped {/api/products, GET} (version: 1) route
2026-07-24 11:09:03 [info]: Mapped {/api/products/low-stock, GET} (version: 1) route
2026-07-24 11:09:03 [info]: Mapped {/api/products/barcode/:barcode, GET} (version: 1) route
2026-07-24 11:09:03 [info]: Mapped {/api/products/:id, GET} (version: 1) route
2026-07-24 11:09:03 [info]: Mapped {/api/products, POST} (version: 1) route
2026-07-24 11:09:03 [info]: Mapped {/api/products/:id, PUT} (version: 1) route
2026-07-24 11:09:03 [info]: Mapped {/api/products/:id, DELETE} (version: 1) route
2026-07-24 11:09:03 [info]: Mapped {/api/products/:id/stock/add, PATCH} (version: 1) route
2026-07-24 11:09:03 [info]: Mapped {/api/products/:id/stock/subtract, PATCH} (version: 1) route
2026-07-24 11:09:03 [info]: CustomerController {/api/customers} (version: 1):
2026-07-24 11:09:03 [info]: Mapped {/api/customers, GET} (version: 1) route
2026-07-24 11:09:03 [info]: Mapped {/api/customers/lookup/:doc, GET} (version: 1) route
2026-07-24 11:09:03 [info]: Mapped {/api/customers/:id, GET} (version: 1) route
2026-07-24 11:09:03 [info]: Mapped {/api/customers, POST} (version: 1) route
2026-07-24 11:09:03 [info]: Mapped {/api/customers/:id, PUT} (version: 1) route
2026-07-24 11:09:03 [info]: Mapped {/api/customers/:id, DELETE} (version: 1) route
2026-07-24 11:09:03 [info]: SaleController {/api/sales} (version: 1):
2026-07-24 11:09:03 [info]: Mapped {/api/sales, GET} (version: 1) route
2026-07-24 11:09:03 [info]: Mapped {/api/sales/summary, GET} (version: 1) route
2026-07-24 11:09:03 [info]: Mapped {/api/sales/:id, GET} (version: 1) route
2026-07-24 11:09:03 [info]: Mapped {/api/sales, POST} (version: 1) route
2026-07-24 11:09:03 [info]: Mapped {/api/sales/:id/void, PATCH} (version: 1) route
2026-07-24 11:09:03 [info]: Mapped {/api/sales/credit-note, POST} (version: 1) route
2026-07-24 11:09:03 [info]: CompanySettingsController {/api/company-settings} (version: 1):
2026-07-24 11:09:03 [info]: Mapped {/api/company-settings, GET} (version: 1) route
2026-07-24 11:09:03 [info]: Mapped {/api/company-settings, PUT} (version: 1) route
2026-07-24 11:09:03 [info]: Mapped {/api/company-settings/logo, POST} (version: 1) route
2026-07-24 11:09:03 [info]: Mapped {/api/company-settings/register-sunat-api, POST} (version: 1) route
2026-07-24 11:09:03 [info]: PurchaseOrderController {/api/purchase-orders} (version: 1):
2026-07-24 11:09:03 [info]: Mapped {/api/purchase-orders, GET} (version: 1) route
2026-07-24 11:09:03 [info]: Mapped {/api/purchase-orders/:id, GET} (version: 1) route
2026-07-24 11:09:03 [info]: Mapped {/api/purchase-orders, POST} (version: 1) route
2026-07-24 11:09:03 [info]: Mapped {/api/purchase-orders/:id/receive, PATCH} (version: 1) route
2026-07-24 11:09:03 [info]: Mapped {/api/purchase-orders/:id/cancel, PATCH} (version: 1) route
2026-07-24 11:09:03 [info]: EstablishmentsController {/api/establishments} (version: 1):
2026-07-24 11:09:03 [info]: Mapped {/api/establishments, GET} (version: 1) route
2026-07-24 11:09:03 [info]: Mapped {/api/establishments, POST} (version: 1) route
2026-07-24 11:09:03 [info]: Mapped {/api/establishments/series, GET} (version: 1) route
2026-07-24 11:09:03 [info]: Mapped {/api/establishments/series, POST} (version: 1) route
2026-07-24 11:09:03 [info]: Facturación electrónica: Adaptador inicializado.
2026-07-24 11:09:03 [info]: Facturación electrónica: Adaptador inicializado.
2026-07-24 11:09:03 [info]: Nest application successfully started
2026-07-24 11:11:37 [warn]: Reintentando (1/3)...
2026-07-24 11:11:38 [warn]: Reintentando (2/3)...
2026-07-24 11:11:40 [warn]: Reintentando (1/3)...
2026-07-24 11:11:41 [warn]: Reintentando (2/3)...
2026-07-24 11:11:44 [warn]: Reintentando (1/3)...
2026-07-24 11:11:45 [warn]: Reintentando (2/3)...
2026-07-24 11:11:47 [warn]: Reintentando (1/3)...
2026-07-24 11:11:49 [warn]: Reintentando (2/3)...
2026-07-24 11:11:51 [warn]: Reintentando (1/3)...
2026-07-24 11:11:52 [warn]: Reintentando (2/3)...
2026-07-24 11:11:55 [warn]: Reintentando (1/3)...
2026-07-24 11:11:56 [warn]: Reintentando (2/3)...
2026-07-24 11:11:57 [warn]: Reintentando (1/3)...
2026-07-24 11:11:58 [warn]: Reintentando (1/3)...
2026-07-24 11:11:59 [warn]: Reintentando (2/3)...
2026-07-24 11:12:00 [warn]: Reintentando (2/3)...
2026-07-24 11:12:01 [warn]: Reintentando (1/3)...
2026-07-24 11:12:02 [warn]: Reintentando (1/3)...
2026-07-24 11:12:02 [warn]: Reintentando (2/3)...
2026-07-24 11:12:03 [warn]: Reintentando (2/3)...
2026-07-24 11:12:05 [warn]: Reintentando (1/3)...
2026-07-24 11:12:06 [warn]: Reintentando (1/3)...
2026-07-24 11:12:06 [warn]: Reintentando (2/3)...
2026-07-24 11:12:07 [warn]: Reintentando (2/3)...
2026-07-24 11:12:08 [warn]: Reintentando (1/3)...
2026-07-24 11:12:10 [warn]: Reintentando (2/3)...
2026-07-24 11:12:12 [warn]: Reintentando (1/3)...
2026-07-24 11:12:13 [warn]: Reintentando (2/3)...
2026-07-24 11:12:15 [warn]: Reintentando (1/3)...
2026-07-24 11:12:17 [warn]: Reintentando (2/3)...
2026-07-24 11:12:19 [warn]: Reintentando (1/3)...
2026-07-24 11:12:20 [warn]: Reintentando (2/3)...
2026-07-24 11:12:23 [warn]: Reintentando (1/3)...
2026-07-24 11:12:24 [warn]: Reintentando (2/3)...
2026-07-24 11:12:26 [warn]: Reintentando (1/3)...
2026-07-24 11:12:27 [warn]: Reintentando (2/3)...
2026-07-24 11:13:46 [info]: Starting Nest application...
2026-07-24 11:13:46 [info]: AppModule dependencies initialized
2026-07-24 11:13:46 [info]: TypeOrmModule dependencies initialized
2026-07-24 11:13:46 [info]: PassportModule dependencies initialized
2026-07-24 11:13:46 [info]: ConfigHostModule dependencies initialized
2026-07-24 11:13:46 [info]: WinstonModule dependencies initialized
2026-07-24 11:13:46 [info]: HealthModule dependencies initialized
2026-07-24 11:13:46 [info]: HttpModule dependencies initialized
2026-07-24 11:13:46 [info]: DiscoveryModule dependencies initialized
2026-07-24 11:13:46 [info]: ConfigModule dependencies initialized
2026-07-24 11:13:46 [info]: ConfigModule dependencies initialized
2026-07-24 11:13:46 [info]: EventEmitterModule dependencies initialized
2026-07-24 11:13:46 [info]: ScheduleModule dependencies initialized
2026-07-24 11:13:46 [info]: JwtModule dependencies initialized
2026-07-24 11:13:46 [info]: TypeOrmCoreModule dependencies initialized
2026-07-24 11:13:46 [info]: TypeOrmModule dependencies initialized
2026-07-24 11:13:46 [info]: TypeOrmModule dependencies initialized
2026-07-24 11:13:46 [info]: TypeOrmModule dependencies initialized
2026-07-24 11:13:46 [info]: TypeOrmModule dependencies initialized
2026-07-24 11:13:46 [info]: TypeOrmModule dependencies initialized
2026-07-24 11:13:46 [info]: TypeOrmModule dependencies initialized
2026-07-24 11:13:46 [info]: TypeOrmModule dependencies initialized
2026-07-24 11:13:46 [info]: TypeOrmModule dependencies initialized
2026-07-24 11:13:46 [info]: TypeOrmModule dependencies initialized
2026-07-24 11:13:46 [info]: TypeOrmModule dependencies initialized
2026-07-24 11:13:46 [info]: CategoryModule dependencies initialized
2026-07-24 11:13:46 [info]: SupplierModule dependencies initialized
2026-07-24 11:13:46 [info]: CustomerModule dependencies initialized
2026-07-24 11:13:46 [info]: AuthModule dependencies initialized
2026-07-24 11:13:46 [info]: EstablishmentsModule dependencies initialized
2026-07-24 11:13:46 [info]: UserModule dependencies initialized
2026-07-24 11:13:46 [info]: ProductModule dependencies initialized
2026-07-24 11:13:46 [info]: PurchaseOrderModule dependencies initialized
2026-07-24 11:13:46 [info]: CompanySettingsModule dependencies initialized
2026-07-24 11:13:46 [info]: SaleModule dependencies initialized
2026-07-24 11:13:46 [info]: AuthController {/api/auth} (version: 1):
2026-07-24 11:13:46 [info]: Mapped {/api/auth/login, POST} (version: 1) route
2026-07-24 11:13:46 [info]: Mapped {/api/auth/status, GET} (version: 1) route
2026-07-24 11:13:46 [info]: UserController {/api/users} (version: 1):
2026-07-24 11:13:46 [info]: Mapped {/api/users, GET} (version: 1) route
2026-07-24 11:13:46 [info]: Mapped {/api/users/:id, GET} (version: 1) route
2026-07-24 11:13:46 [info]: Mapped {/api/users, POST} (version: 1) route
2026-07-24 11:13:46 [info]: Mapped {/api/users/:id, PUT} (version: 1) route
2026-07-24 11:13:46 [info]: Mapped {/api/users/:id, DELETE} (version: 1) route
2026-07-24 11:13:46 [info]: HealthController {/api/health} (version: 1):
2026-07-24 11:13:46 [info]: Mapped {/api/health, GET} (version: 1) route
2026-07-24 11:13:46 [info]: CategoryController {/api/categories} (version: 1):
2026-07-24 11:13:46 [info]: Mapped {/api/categories, GET} (version: 1) route
2026-07-24 11:13:46 [info]: Mapped {/api/categories/:id, GET} (version: 1) route
2026-07-24 11:13:46 [info]: Mapped {/api/categories, POST} (version: 1) route
2026-07-24 11:13:46 [info]: Mapped {/api/categories/:id, PUT} (version: 1) route
2026-07-24 11:13:46 [info]: Mapped {/api/categories/:id, DELETE} (version: 1) route
2026-07-24 11:13:46 [info]: SupplierController {/api/suppliers} (version: 1):
2026-07-24 11:13:46 [info]: Mapped {/api/suppliers, GET} (version: 1) route
2026-07-24 11:13:46 [info]: Mapped {/api/suppliers/:id, GET} (version: 1) route
2026-07-24 11:13:46 [info]: Mapped {/api/suppliers, POST} (version: 1) route
2026-07-24 11:13:46 [info]: Mapped {/api/suppliers/:id, PUT} (version: 1) route
2026-07-24 11:13:46 [info]: Mapped {/api/suppliers/:id, DELETE} (version: 1) route
2026-07-24 11:13:46 [info]: ProductController {/api/products} (version: 1):
2026-07-24 11:13:46 [info]: Mapped {/api/products, GET} (version: 1) route
2026-07-24 11:13:46 [info]: Mapped {/api/products/low-stock, GET} (version: 1) route
2026-07-24 11:13:46 [info]: Mapped {/api/products/barcode/:barcode, GET} (version: 1) route
2026-07-24 11:13:46 [info]: Mapped {/api/products/:id, GET} (version: 1) route
2026-07-24 11:13:46 [info]: Mapped {/api/products, POST} (version: 1) route
2026-07-24 11:13:46 [info]: Mapped {/api/products/:id, PUT} (version: 1) route
2026-07-24 11:13:46 [info]: Mapped {/api/products/:id, DELETE} (version: 1) route
2026-07-24 11:13:46 [info]: Mapped {/api/products/:id/stock/add, PATCH} (version: 1) route
2026-07-24 11:13:46 [info]: Mapped {/api/products/:id/stock/subtract, PATCH} (version: 1) route
2026-07-24 11:13:46 [info]: CustomerController {/api/customers} (version: 1):
2026-07-24 11:13:46 [info]: Mapped {/api/customers, GET} (version: 1) route
2026-07-24 11:13:46 [info]: Mapped {/api/customers/lookup/:doc, GET} (version: 1) route
2026-07-24 11:13:46 [info]: Mapped {/api/customers/:id, GET} (version: 1) route
2026-07-24 11:13:46 [info]: Mapped {/api/customers, POST} (version: 1) route
2026-07-24 11:13:46 [info]: Mapped {/api/customers/:id, PUT} (version: 1) route
2026-07-24 11:13:46 [info]: Mapped {/api/customers/:id, DELETE} (version: 1) route
2026-07-24 11:13:46 [info]: SaleController {/api/sales} (version: 1):
2026-07-24 11:13:46 [info]: Mapped {/api/sales, GET} (version: 1) route
2026-07-24 11:13:46 [info]: Mapped {/api/sales/summary, GET} (version: 1) route
2026-07-24 11:13:46 [info]: Mapped {/api/sales/:id, GET} (version: 1) route
2026-07-24 11:13:46 [info]: Mapped {/api/sales, POST} (version: 1) route
2026-07-24 11:13:46 [info]: Mapped {/api/sales/:id/void, PATCH} (version: 1) route
2026-07-24 11:13:46 [info]: Mapped {/api/sales/credit-note, POST} (version: 1) route
2026-07-24 11:13:46 [info]: CompanySettingsController {/api/company-settings} (version: 1):
2026-07-24 11:13:46 [info]: Mapped {/api/company-settings, GET} (version: 1) route
2026-07-24 11:13:46 [info]: Mapped {/api/company-settings, PUT} (version: 1) route
2026-07-24 11:13:46 [info]: Mapped {/api/company-settings/logo, POST} (version: 1) route
2026-07-24 11:13:46 [info]: Mapped {/api/company-settings/register-sunat-api, POST} (version: 1) route
2026-07-24 11:13:46 [info]: PurchaseOrderController {/api/purchase-orders} (version: 1):
2026-07-24 11:13:46 [info]: Mapped {/api/purchase-orders, GET} (version: 1) route
2026-07-24 11:13:46 [info]: Mapped {/api/purchase-orders/:id, GET} (version: 1) route
2026-07-24 11:13:46 [info]: Mapped {/api/purchase-orders, POST} (version: 1) route
2026-07-24 11:13:46 [info]: Mapped {/api/purchase-orders/:id/receive, PATCH} (version: 1) route
2026-07-24 11:13:46 [info]: Mapped {/api/purchase-orders/:id/cancel, PATCH} (version: 1) route
2026-07-24 11:13:46 [info]: EstablishmentsController {/api/establishments} (version: 1):
2026-07-24 11:13:46 [info]: Mapped {/api/establishments, GET} (version: 1) route
2026-07-24 11:13:46 [info]: Mapped {/api/establishments, POST} (version: 1) route
2026-07-24 11:13:46 [info]: Mapped {/api/establishments/series, GET} (version: 1) route
2026-07-24 11:13:46 [info]: Mapped {/api/establishments/series, POST} (version: 1) route
2026-07-24 11:13:46 [info]: Facturación electrónica: Adaptador inicializado.
2026-07-24 11:13:46 [info]: Facturación electrónica: Adaptador inicializado.
2026-07-24 11:13:46 [info]: Nest application successfully started
2026-07-24 11:13:52 [warn]: Reintentando (1/3)...
2026-07-24 11:13:53 [warn]: Reintentando (2/3)...
2026-07-24 11:13:56 [warn]: Reintentando (1/3)...
2026-07-24 11:13:56 [warn]: Reintentando (1/3)...
2026-07-24 11:13:56 [warn]: Reintentando (1/3)...
2026-07-24 11:13:56 [warn]: Reintentando (1/3)...
2026-07-24 11:13:56 [warn]: Reintentando (1/3)...
2026-07-24 11:13:56 [warn]: Reintentando (1/3)...
2026-07-24 11:13:56 [warn]: Reintentando (1/3)...
2026-07-24 11:13:56 [warn]: Reintentando (1/3)...
2026-07-24 11:13:57 [warn]: Reintentando (2/3)...
2026-07-24 11:13:57 [warn]: Reintentando (2/3)...
2026-07-24 11:13:57 [warn]: Reintentando (2/3)...
2026-07-24 11:13:57 [warn]: Reintentando (2/3)...
2026-07-24 11:13:57 [warn]: Reintentando (2/3)...
2026-07-24 11:13:57 [warn]: Reintentando (2/3)...
2026-07-24 11:13:57 [warn]: Reintentando (2/3)...
2026-07-24 11:13:57 [warn]: Reintentando (2/3)...
2026-07-24 11:14:53 [warn]: Reintentando (1/3)...
2026-07-24 11:14:55 [warn]: Reintentando (2/3)...
2026-07-24 11:14:57 [warn]: Reintentando (1/3)...
2026-07-24 11:14:57 [warn]: Reintentando (1/3)...
2026-07-24 11:14:57 [warn]: Reintentando (1/3)...
2026-07-24 11:14:57 [warn]: Reintentando (1/3)...
2026-07-24 11:14:57 [warn]: Reintentando (1/3)...
2026-07-24 11:14:58 [warn]: Reintentando (2/3)...
2026-07-24 11:14:58 [warn]: Reintentando (2/3)...
2026-07-24 11:14:58 [warn]: Reintentando (2/3)...
2026-07-24 11:14:58 [warn]: Reintentando (2/3)...
2026-07-24 11:14:58 [warn]: Reintentando (2/3)...
2026-07-24 11:21:57 [info]: Starting Nest application...
2026-07-24 11:21:57 [info]: AppModule dependencies initialized
2026-07-24 11:21:57 [info]: TypeOrmModule dependencies initialized
2026-07-24 11:21:57 [info]: PassportModule dependencies initialized
2026-07-24 11:21:57 [info]: ConfigHostModule dependencies initialized
2026-07-24 11:21:57 [info]: WinstonModule dependencies initialized
2026-07-24 11:21:57 [info]: HealthModule dependencies initialized
2026-07-24 11:21:57 [info]: HttpModule dependencies initialized
2026-07-24 11:21:57 [info]: DiscoveryModule dependencies initialized
2026-07-24 11:21:57 [info]: ConfigModule dependencies initialized
2026-07-24 11:21:57 [info]: ConfigModule dependencies initialized
2026-07-24 11:21:57 [info]: EventEmitterModule dependencies initialized
2026-07-24 11:21:57 [info]: ScheduleModule dependencies initialized
2026-07-24 11:21:57 [info]: JwtModule dependencies initialized
2026-07-24 11:22:00 [info]: TypeOrmCoreModule dependencies initialized
2026-07-24 11:22:00 [info]: TypeOrmModule dependencies initialized
2026-07-24 11:22:00 [info]: TypeOrmModule dependencies initialized
2026-07-24 11:22:00 [info]: TypeOrmModule dependencies initialized
2026-07-24 11:22:00 [info]: TypeOrmModule dependencies initialized
2026-07-24 11:22:00 [info]: TypeOrmModule dependencies initialized
2026-07-24 11:22:00 [info]: TypeOrmModule dependencies initialized
2026-07-24 11:22:00 [info]: TypeOrmModule dependencies initialized
2026-07-24 11:22:00 [info]: TypeOrmModule dependencies initialized
2026-07-24 11:22:00 [info]: TypeOrmModule dependencies initialized
2026-07-24 11:22:00 [info]: TypeOrmModule dependencies initialized
2026-07-24 11:22:00 [info]: CategoryModule dependencies initialized
2026-07-24 11:22:00 [info]: SupplierModule dependencies initialized
2026-07-24 11:22:00 [info]: CustomerModule dependencies initialized
2026-07-24 11:22:00 [info]: AuthModule dependencies initialized
2026-07-24 11:22:00 [info]: EstablishmentsModule dependencies initialized
2026-07-24 11:22:00 [info]: UserModule dependencies initialized
2026-07-24 11:22:00 [info]: ProductModule dependencies initialized
2026-07-24 11:22:00 [info]: PurchaseOrderModule dependencies initialized
2026-07-24 11:22:00 [info]: CompanySettingsModule dependencies initialized
2026-07-24 11:22:00 [info]: SaleModule dependencies initialized
2026-07-24 11:22:00 [info]: AuthController {/api/auth} (version: 1):
2026-07-24 11:22:00 [info]: Mapped {/api/auth/login, POST} (version: 1) route
2026-07-24 11:22:00 [info]: Mapped {/api/auth/status, GET} (version: 1) route
2026-07-24 11:22:00 [info]: UserController {/api/users} (version: 1):
2026-07-24 11:22:00 [info]: Mapped {/api/users, GET} (version: 1) route
2026-07-24 11:22:00 [info]: Mapped {/api/users/:id, GET} (version: 1) route
2026-07-24 11:22:00 [info]: Mapped {/api/users, POST} (version: 1) route
2026-07-24 11:22:00 [info]: Mapped {/api/users/:id, PUT} (version: 1) route
2026-07-24 11:22:00 [info]: Mapped {/api/users/:id, DELETE} (version: 1) route
2026-07-24 11:22:00 [info]: HealthController {/api/health} (version: 1):
2026-07-24 11:22:00 [info]: Mapped {/api/health, GET} (version: 1) route
2026-07-24 11:22:00 [info]: CategoryController {/api/categories} (version: 1):
2026-07-24 11:22:00 [info]: Mapped {/api/categories, GET} (version: 1) route
2026-07-24 11:22:00 [info]: Mapped {/api/categories/:id, GET} (version: 1) route
2026-07-24 11:22:00 [info]: Mapped {/api/categories, POST} (version: 1) route
2026-07-24 11:22:00 [info]: Mapped {/api/categories/:id, PUT} (version: 1) route
2026-07-24 11:22:00 [info]: Mapped {/api/categories/:id, DELETE} (version: 1) route
2026-07-24 11:22:00 [info]: SupplierController {/api/suppliers} (version: 1):
2026-07-24 11:22:00 [info]: Mapped {/api/suppliers, GET} (version: 1) route
2026-07-24 11:22:00 [info]: Mapped {/api/suppliers/:id, GET} (version: 1) route
2026-07-24 11:22:00 [info]: Mapped {/api/suppliers, POST} (version: 1) route
2026-07-24 11:22:00 [info]: Mapped {/api/suppliers/:id, PUT} (version: 1) route
2026-07-24 11:22:00 [info]: Mapped {/api/suppliers/:id, DELETE} (version: 1) route
2026-07-24 11:22:00 [info]: ProductController {/api/products} (version: 1):
2026-07-24 11:22:00 [info]: Mapped {/api/products, GET} (version: 1) route
2026-07-24 11:22:00 [info]: Mapped {/api/products/low-stock, GET} (version: 1) route
2026-07-24 11:22:00 [info]: Mapped {/api/products/barcode/:barcode, GET} (version: 1) route
2026-07-24 11:22:00 [info]: Mapped {/api/products/:id, GET} (version: 1) route
2026-07-24 11:22:00 [info]: Mapped {/api/products, POST} (version: 1) route
2026-07-24 11:22:00 [info]: Mapped {/api/products/:id, PUT} (version: 1) route
2026-07-24 11:22:00 [info]: Mapped {/api/products/:id, DELETE} (version: 1) route
2026-07-24 11:22:00 [info]: Mapped {/api/products/:id/stock/add, PATCH} (version: 1) route
2026-07-24 11:22:00 [info]: Mapped {/api/products/:id/stock/subtract, PATCH} (version: 1) route
2026-07-24 11:22:00 [info]: CustomerController {/api/customers} (version: 1):
2026-07-24 11:22:00 [info]: Mapped {/api/customers, GET} (version: 1) route
2026-07-24 11:22:00 [info]: Mapped {/api/customers/lookup/:doc, GET} (version: 1) route
2026-07-24 11:22:00 [info]: Mapped {/api/customers/:id, GET} (version: 1) route
2026-07-24 11:22:00 [info]: Mapped {/api/customers, POST} (version: 1) route
2026-07-24 11:22:00 [info]: Mapped {/api/customers/:id, PUT} (version: 1) route
2026-07-24 11:22:00 [info]: Mapped {/api/customers/:id, DELETE} (version: 1) route
2026-07-24 11:22:00 [info]: SaleController {/api/sales} (version: 1):
2026-07-24 11:22:00 [info]: Mapped {/api/sales, GET} (version: 1) route
2026-07-24 11:22:00 [info]: Mapped {/api/sales/summary, GET} (version: 1) route
2026-07-24 11:22:00 [info]: Mapped {/api/sales/:id, GET} (version: 1) route
2026-07-24 11:22:00 [info]: Mapped {/api/sales, POST} (version: 1) route
2026-07-24 11:22:00 [info]: Mapped {/api/sales/:id/void, PATCH} (version: 1) route
2026-07-24 11:22:00 [info]: Mapped {/api/sales/credit-note, POST} (version: 1) route
2026-07-24 11:22:00 [info]: CompanySettingsController {/api/company-settings} (version: 1):
2026-07-24 11:22:00 [info]: Mapped {/api/company-settings, GET} (version: 1) route
2026-07-24 11:22:00 [info]: Mapped {/api/company-settings, PUT} (version: 1) route
2026-07-24 11:22:00 [info]: Mapped {/api/company-settings/logo, POST} (version: 1) route
2026-07-24 11:22:00 [info]: Mapped {/api/company-settings/register-sunat-api, POST} (version: 1) route
2026-07-24 11:22:00 [info]: PurchaseOrderController {/api/purchase-orders} (version: 1):
2026-07-24 11:22:00 [info]: Mapped {/api/purchase-orders, GET} (version: 1) route
2026-07-24 11:22:00 [info]: Mapped {/api/purchase-orders/:id, GET} (version: 1) route
2026-07-24 11:22:00 [info]: Mapped {/api/purchase-orders, POST} (version: 1) route
2026-07-24 11:22:00 [info]: Mapped {/api/purchase-orders/:id/receive, PATCH} (version: 1) route
2026-07-24 11:22:00 [info]: Mapped {/api/purchase-orders/:id/cancel, PATCH} (version: 1) route
2026-07-24 11:22:00 [info]: EstablishmentsController {/api/establishments} (version: 1):
2026-07-24 11:22:00 [info]: Mapped {/api/establishments, GET} (version: 1) route
2026-07-24 11:22:00 [info]: Mapped {/api/establishments, POST} (version: 1) route
2026-07-24 11:22:00 [info]: Mapped {/api/establishments/series, GET} (version: 1) route
2026-07-24 11:22:00 [info]: Mapped {/api/establishments/series, POST} (version: 1) route
2026-07-24 11:22:00 [info]: Facturación electrónica: Adaptador inicializado.
2026-07-24 11:22:00 [info]: Facturación electrónica: Adaptador inicializado.
2026-07-24 11:22:00 [info]: Nest application successfully started
2026-07-24 11:23:03 [warn]: Reintentando (1/3)...
2026-07-24 11:23:04 [warn]: Reintentando (2/3)...
2026-07-24 11:25:15 [info]: Starting Nest application...
2026-07-24 11:25:15 [info]: AppModule dependencies initialized
2026-07-24 11:25:15 [info]: TypeOrmModule dependencies initialized
2026-07-24 11:25:15 [info]: PassportModule dependencies initialized
2026-07-24 11:25:15 [info]: ConfigHostModule dependencies initialized
2026-07-24 11:25:15 [info]: WinstonModule dependencies initialized
2026-07-24 11:25:15 [info]: HealthModule dependencies initialized
2026-07-24 11:25:15 [info]: HttpModule dependencies initialized
2026-07-24 11:25:15 [info]: DiscoveryModule dependencies initialized
2026-07-24 11:25:15 [info]: ConfigModule dependencies initialized
2026-07-24 11:25:15 [info]: ConfigModule dependencies initialized
2026-07-24 11:25:15 [info]: EventEmitterModule dependencies initialized
2026-07-24 11:25:15 [info]: ScheduleModule dependencies initialized
2026-07-24 11:25:15 [info]: JwtModule dependencies initialized
2026-07-24 11:25:15 [error]: QueryFailedError: Duplicate entry '1-0000' for key 'IDX_ce4b9c4aa090d373113b8064b1'
    at MysqlQueryRunner.query (/Users/macintosh/Documents/DEVPRO/Back/src/driver/mysql/MysqlQueryRunner.ts:291:19)
    at process.processTicksAndRejections (node:internal/process/task_queues:103:5)
    at async MysqlQueryRunner.executeQueries (/Users/macintosh/Documents/DEVPRO/Back/src/query-runner/BaseQueryRunner.ts:799:13)
    at async MysqlQueryRunner.createIndex (/Users/macintosh/Documents/DEVPRO/Back/src/driver/mysql/MysqlQueryRunner.ts:2390:9)
    at async Promise.all (index 0)
    at async MysqlQueryRunner.createIndices (/Users/macintosh/Documents/DEVPRO/Back/src/driver/mysql/MysqlQueryRunner.ts:2407:9)
    at async RdbmsSchemaBuilder.createNewIndices (/Users/macintosh/Documents/DEVPRO/Back/src/schema-builder/RdbmsSchemaBuilder.ts:1004:13)
    at async RdbmsSchemaBuilder.executeSchemaSyncOperationsInProperOrder (/Users/macintosh/Documents/DEVPRO/Back/src/schema-builder/RdbmsSchemaBuilder.ts:241:9)
    at async RdbmsSchemaBuilder.build (/Users/macintosh/Documents/DEVPRO/Back/src/schema-builder/RdbmsSchemaBuilder.ts:106:13)
    at async DataSource.synchronize (/Users/macintosh/Documents/DEVPRO/Back/src/data-source/DataSource.ts:310:9)
2026-07-24 11:25:19 [error]: QueryFailedError: Duplicate entry '1-0000' for key 'IDX_ce4b9c4aa090d373113b8064b1'
    at MysqlQueryRunner.query (/Users/macintosh/Documents/DEVPRO/Back/src/driver/mysql/MysqlQueryRunner.ts:291:19)
    at process.processTicksAndRejections (node:internal/process/task_queues:103:5)
    at async MysqlQueryRunner.executeQueries (/Users/macintosh/Documents/DEVPRO/Back/src/query-runner/BaseQueryRunner.ts:799:13)
    at async MysqlQueryRunner.createIndex (/Users/macintosh/Documents/DEVPRO/Back/src/driver/mysql/MysqlQueryRunner.ts:2390:9)
    at async Promise.all (index 0)
    at async MysqlQueryRunner.createIndices (/Users/macintosh/Documents/DEVPRO/Back/src/driver/mysql/MysqlQueryRunner.ts:2407:9)
    at async RdbmsSchemaBuilder.createNewIndices (/Users/macintosh/Documents/DEVPRO/Back/src/schema-builder/RdbmsSchemaBuilder.ts:1004:13)
    at async RdbmsSchemaBuilder.executeSchemaSyncOperationsInProperOrder (/Users/macintosh/Documents/DEVPRO/Back/src/schema-builder/RdbmsSchemaBuilder.ts:241:9)
    at async RdbmsSchemaBuilder.build (/Users/macintosh/Documents/DEVPRO/Back/src/schema-builder/RdbmsSchemaBuilder.ts:106:13)
    at async DataSource.synchronize (/Users/macintosh/Documents/DEVPRO/Back/src/data-source/DataSource.ts:310:9)
2026-07-24 11:25:22 [error]: QueryFailedError: Duplicate entry '1-0000' for key 'IDX_ce4b9c4aa090d373113b8064b1'
    at MysqlQueryRunner.query (/Users/macintosh/Documents/DEVPRO/Back/src/driver/mysql/MysqlQueryRunner.ts:291:19)
    at process.processTicksAndRejections (node:internal/process/task_queues:103:5)
    at async MysqlQueryRunner.executeQueries (/Users/macintosh/Documents/DEVPRO/Back/src/query-runner/BaseQueryRunner.ts:799:13)
    at async MysqlQueryRunner.createIndex (/Users/macintosh/Documents/DEVPRO/Back/src/driver/mysql/MysqlQueryRunner.ts:2390:9)
    at async Promise.all (index 0)
    at async MysqlQueryRunner.createIndices (/Users/macintosh/Documents/DEVPRO/Back/src/driver/mysql/MysqlQueryRunner.ts:2407:9)
    at async RdbmsSchemaBuilder.createNewIndices (/Users/macintosh/Documents/DEVPRO/Back/src/schema-builder/RdbmsSchemaBuilder.ts:1004:13)
    at async RdbmsSchemaBuilder.executeSchemaSyncOperationsInProperOrder (/Users/macintosh/Documents/DEVPRO/Back/src/schema-builder/RdbmsSchemaBuilder.ts:241:9)
    at async RdbmsSchemaBuilder.build (/Users/macintosh/Documents/DEVPRO/Back/src/schema-builder/RdbmsSchemaBuilder.ts:106:13)
    at async DataSource.synchronize (/Users/macintosh/Documents/DEVPRO/Back/src/data-source/DataSource.ts:310:9)
2026-07-24 11:25:25 [error]: QueryFailedError: Duplicate entry '1-0000' for key 'IDX_ce4b9c4aa090d373113b8064b1'
    at MysqlQueryRunner.query (/Users/macintosh/Documents/DEVPRO/Back/src/driver/mysql/MysqlQueryRunner.ts:291:19)
    at process.processTicksAndRejections (node:internal/process/task_queues:103:5)
    at async MysqlQueryRunner.executeQueries (/Users/macintosh/Documents/DEVPRO/Back/src/query-runner/BaseQueryRunner.ts:799:13)
    at async MysqlQueryRunner.createIndex (/Users/macintosh/Documents/DEVPRO/Back/src/driver/mysql/MysqlQueryRunner.ts:2390:9)
    at async Promise.all (index 0)
    at async MysqlQueryRunner.createIndices (/Users/macintosh/Documents/DEVPRO/Back/src/driver/mysql/MysqlQueryRunner.ts:2407:9)
    at async RdbmsSchemaBuilder.createNewIndices (/Users/macintosh/Documents/DEVPRO/Back/src/schema-builder/RdbmsSchemaBuilder.ts:1004:13)
    at async RdbmsSchemaBuilder.executeSchemaSyncOperationsInProperOrder (/Users/macintosh/Documents/DEVPRO/Back/src/schema-builder/RdbmsSchemaBuilder.ts:241:9)
    at async RdbmsSchemaBuilder.build (/Users/macintosh/Documents/DEVPRO/Back/src/schema-builder/RdbmsSchemaBuilder.ts:106:13)
    at async DataSource.synchronize (/Users/macintosh/Documents/DEVPRO/Back/src/data-source/DataSource.ts:310:9)
2026-07-24 11:25:28 [info]: Starting Nest application...
2026-07-24 11:25:28 [info]: AppModule dependencies initialized
2026-07-24 11:25:28 [info]: TypeOrmModule dependencies initialized
2026-07-24 11:25:28 [info]: PassportModule dependencies initialized
2026-07-24 11:25:28 [info]: ConfigHostModule dependencies initialized
2026-07-24 11:25:28 [info]: WinstonModule dependencies initialized
2026-07-24 11:25:28 [info]: HealthModule dependencies initialized
2026-07-24 11:25:28 [info]: HttpModule dependencies initialized
2026-07-24 11:25:28 [info]: DiscoveryModule dependencies initialized
2026-07-24 11:25:28 [info]: ConfigModule dependencies initialized
2026-07-24 11:25:28 [info]: ConfigModule dependencies initialized
2026-07-24 11:25:28 [info]: EventEmitterModule dependencies initialized
2026-07-24 11:25:28 [info]: ScheduleModule dependencies initialized
2026-07-24 11:25:28 [info]: JwtModule dependencies initialized
2026-07-24 11:25:28 [error]: QueryFailedError: Duplicate entry '1-0000' for key 'IDX_ce4b9c4aa090d373113b8064b1'
    at MysqlQueryRunner.query (/Users/macintosh/Documents/DEVPRO/Back/src/driver/mysql/MysqlQueryRunner.ts:291:19)
    at process.processTicksAndRejections (node:internal/process/task_queues:103:5)
    at async MysqlQueryRunner.executeQueries (/Users/macintosh/Documents/DEVPRO/Back/src/query-runner/BaseQueryRunner.ts:799:13)
    at async MysqlQueryRunner.createIndex (/Users/macintosh/Documents/DEVPRO/Back/src/driver/mysql/MysqlQueryRunner.ts:2390:9)
    at async Promise.all (index 0)
    at async MysqlQueryRunner.createIndices (/Users/macintosh/Documents/DEVPRO/Back/src/driver/mysql/MysqlQueryRunner.ts:2407:9)
    at async RdbmsSchemaBuilder.createNewIndices (/Users/macintosh/Documents/DEVPRO/Back/src/schema-builder/RdbmsSchemaBuilder.ts:1004:13)
    at async RdbmsSchemaBuilder.executeSchemaSyncOperationsInProperOrder (/Users/macintosh/Documents/DEVPRO/Back/src/schema-builder/RdbmsSchemaBuilder.ts:241:9)
    at async RdbmsSchemaBuilder.build (/Users/macintosh/Documents/DEVPRO/Back/src/schema-builder/RdbmsSchemaBuilder.ts:106:13)
    at async DataSource.synchronize (/Users/macintosh/Documents/DEVPRO/Back/src/data-source/DataSource.ts:310:9)
2026-07-24 11:25:31 [error]: QueryFailedError: Duplicate entry '1-0000' for key 'IDX_ce4b9c4aa090d373113b8064b1'
    at MysqlQueryRunner.query (/Users/macintosh/Documents/DEVPRO/Back/src/driver/mysql/MysqlQueryRunner.ts:291:19)
    at process.processTicksAndRejections (node:internal/process/task_queues:103:5)
    at async MysqlQueryRunner.executeQueries (/Users/macintosh/Documents/DEVPRO/Back/src/query-runner/BaseQueryRunner.ts:799:13)
    at async MysqlQueryRunner.createIndex (/Users/macintosh/Documents/DEVPRO/Back/src/driver/mysql/MysqlQueryRunner.ts:2390:9)
    at async Promise.all (index 0)
    at async MysqlQueryRunner.createIndices (/Users/macintosh/Documents/DEVPRO/Back/src/driver/mysql/MysqlQueryRunner.ts:2407:9)
    at async RdbmsSchemaBuilder.createNewIndices (/Users/macintosh/Documents/DEVPRO/Back/src/schema-builder/RdbmsSchemaBuilder.ts:1004:13)
    at async RdbmsSchemaBuilder.executeSchemaSyncOperationsInProperOrder (/Users/macintosh/Documents/DEVPRO/Back/src/schema-builder/RdbmsSchemaBuilder.ts:241:9)
    at async RdbmsSchemaBuilder.build (/Users/macintosh/Documents/DEVPRO/Back/src/schema-builder/RdbmsSchemaBuilder.ts:106:13)
    at async DataSource.synchronize (/Users/macintosh/Documents/DEVPRO/Back/src/data-source/DataSource.ts:310:9)
2026-07-24 11:25:35 [error]: QueryFailedError: Duplicate entry '1-0000' for key 'IDX_ce4b9c4aa090d373113b8064b1'
    at MysqlQueryRunner.query (/Users/macintosh/Documents/DEVPRO/Back/src/driver/mysql/MysqlQueryRunner.ts:291:19)
    at process.processTicksAndRejections (node:internal/process/task_queues:103:5)
    at async MysqlQueryRunner.executeQueries (/Users/macintosh/Documents/DEVPRO/Back/src/query-runner/BaseQueryRunner.ts:799:13)
    at async MysqlQueryRunner.createIndex (/Users/macintosh/Documents/DEVPRO/Back/src/driver/mysql/MysqlQueryRunner.ts:2390:9)
    at async Promise.all (index 0)
    at async MysqlQueryRunner.createIndices (/Users/macintosh/Documents/DEVPRO/Back/src/driver/mysql/MysqlQueryRunner.ts:2407:9)
    at async RdbmsSchemaBuilder.createNewIndices (/Users/macintosh/Documents/DEVPRO/Back/src/schema-builder/RdbmsSchemaBuilder.ts:1004:13)
    at async RdbmsSchemaBuilder.executeSchemaSyncOperationsInProperOrder (/Users/macintosh/Documents/DEVPRO/Back/src/schema-builder/RdbmsSchemaBuilder.ts:241:9)
    at async RdbmsSchemaBuilder.build (/Users/macintosh/Documents/DEVPRO/Back/src/schema-builder/RdbmsSchemaBuilder.ts:106:13)
    at async DataSource.synchronize (/Users/macintosh/Documents/DEVPRO/Back/src/data-source/DataSource.ts:310:9)
2026-07-24 11:25:38 [error]: QueryFailedError: Duplicate entry '1-0000' for key 'IDX_ce4b9c4aa090d373113b8064b1'
    at MysqlQueryRunner.query (/Users/macintosh/Documents/DEVPRO/Back/src/driver/mysql/MysqlQueryRunner.ts:291:19)
    at process.processTicksAndRejections (node:internal/process/task_queues:103:5)
    at async MysqlQueryRunner.executeQueries (/Users/macintosh/Documents/DEVPRO/Back/src/query-runner/BaseQueryRunner.ts:799:13)
    at async MysqlQueryRunner.createIndex (/Users/macintosh/Documents/DEVPRO/Back/src/driver/mysql/MysqlQueryRunner.ts:2390:9)
    at async Promise.all (index 0)
    at async MysqlQueryRunner.createIndices (/Users/macintosh/Documents/DEVPRO/Back/src/driver/mysql/MysqlQueryRunner.ts:2407:9)
    at async RdbmsSchemaBuilder.createNewIndices (/Users/macintosh/Documents/DEVPRO/Back/src/schema-builder/RdbmsSchemaBuilder.ts:1004:13)
    at async RdbmsSchemaBuilder.executeSchemaSyncOperationsInProperOrder (/Users/macintosh/Documents/DEVPRO/Back/src/schema-builder/RdbmsSchemaBuilder.ts:241:9)
    at async RdbmsSchemaBuilder.build (/Users/macintosh/Documents/DEVPRO/Back/src/schema-builder/RdbmsSchemaBuilder.ts:106:13)
    at async DataSource.synchronize (/Users/macintosh/Documents/DEVPRO/Back/src/data-source/DataSource.ts:310:9)
2026-07-24 11:25:41 [error]: QueryFailedError: Duplicate entry '1-0000' for key 'IDX_ce4b9c4aa090d373113b8064b1'
    at MysqlQueryRunner.query (/Users/macintosh/Documents/DEVPRO/Back/src/driver/mysql/MysqlQueryRunner.ts:291:19)
    at process.processTicksAndRejections (node:internal/process/task_queues:103:5)
    at async MysqlQueryRunner.executeQueries (/Users/macintosh/Documents/DEVPRO/Back/src/query-runner/BaseQueryRunner.ts:799:13)
    at async MysqlQueryRunner.createIndex (/Users/macintosh/Documents/DEVPRO/Back/src/driver/mysql/MysqlQueryRunner.ts:2390:9)
    at async Promise.all (index 0)
    at async MysqlQueryRunner.createIndices (/Users/macintosh/Documents/DEVPRO/Back/src/driver/mysql/MysqlQueryRunner.ts:2407:9)
    at async RdbmsSchemaBuilder.createNewIndices (/Users/macintosh/Documents/DEVPRO/Back/src/schema-builder/RdbmsSchemaBuilder.ts:1004:13)
    at async RdbmsSchemaBuilder.executeSchemaSyncOperationsInProperOrder (/Users/macintosh/Documents/DEVPRO/Back/src/schema-builder/RdbmsSchemaBuilder.ts:241:9)
    at async RdbmsSchemaBuilder.build (/Users/macintosh/Documents/DEVPRO/Back/src/schema-builder/RdbmsSchemaBuilder.ts:106:13)
    at async DataSource.synchronize (/Users/macintosh/Documents/DEVPRO/Back/src/data-source/DataSource.ts:310:9)
2026-07-24 11:25:44 [error]: QueryFailedError: Duplicate entry '1-0000' for key 'IDX_ce4b9c4aa090d373113b8064b1'
    at MysqlQueryRunner.query (/Users/macintosh/Documents/DEVPRO/Back/src/driver/mysql/MysqlQueryRunner.ts:291:19)
    at process.processTicksAndRejections (node:internal/process/task_queues:103:5)
    at async MysqlQueryRunner.executeQueries (/Users/macintosh/Documents/DEVPRO/Back/src/query-runner/BaseQueryRunner.ts:799:13)
    at async MysqlQueryRunner.createIndex (/Users/macintosh/Documents/DEVPRO/Back/src/driver/mysql/MysqlQueryRunner.ts:2390:9)
    at async Promise.all (index 0)
    at async MysqlQueryRunner.createIndices (/Users/macintosh/Documents/DEVPRO/Back/src/driver/mysql/MysqlQueryRunner.ts:2407:9)
    at async RdbmsSchemaBuilder.createNewIndices (/Users/macintosh/Documents/DEVPRO/Back/src/schema-builder/RdbmsSchemaBuilder.ts:1004:13)
    at async RdbmsSchemaBuilder.executeSchemaSyncOperationsInProperOrder (/Users/macintosh/Documents/DEVPRO/Back/src/schema-builder/RdbmsSchemaBuilder.ts:241:9)
    at async RdbmsSchemaBuilder.build (/Users/macintosh/Documents/DEVPRO/Back/src/schema-builder/RdbmsSchemaBuilder.ts:106:13)
    at async DataSource.synchronize (/Users/macintosh/Documents/DEVPRO/Back/src/data-source/DataSource.ts:310:9)
2026-07-24 11:25:48 [error]: QueryFailedError: Duplicate entry '1-0000' for key 'IDX_ce4b9c4aa090d373113b8064b1'
    at MysqlQueryRunner.query (/Users/macintosh/Documents/DEVPRO/Back/src/driver/mysql/MysqlQueryRunner.ts:291:19)
    at process.processTicksAndRejections (node:internal/process/task_queues:103:5)
    at async MysqlQueryRunner.executeQueries (/Users/macintosh/Documents/DEVPRO/Back/src/query-runner/BaseQueryRunner.ts:799:13)
    at async MysqlQueryRunner.createIndex (/Users/macintosh/Documents/DEVPRO/Back/src/driver/mysql/MysqlQueryRunner.ts:2390:9)
    at async Promise.all (index 0)
    at async MysqlQueryRunner.createIndices (/Users/macintosh/Documents/DEVPRO/Back/src/driver/mysql/MysqlQueryRunner.ts:2407:9)
    at async RdbmsSchemaBuilder.createNewIndices (/Users/macintosh/Documents/DEVPRO/Back/src/schema-builder/RdbmsSchemaBuilder.ts:1004:13)
    at async RdbmsSchemaBuilder.executeSchemaSyncOperationsInProperOrder (/Users/macintosh/Documents/DEVPRO/Back/src/schema-builder/RdbmsSchemaBuilder.ts:241:9)
    at async RdbmsSchemaBuilder.build (/Users/macintosh/Documents/DEVPRO/Back/src/schema-builder/RdbmsSchemaBuilder.ts:106:13)
    at async DataSource.synchronize (/Users/macintosh/Documents/DEVPRO/Back/src/data-source/DataSource.ts:310:9)
2026-07-24 11:25:51 [error]: QueryFailedError: Duplicate entry '1-0000' for key 'IDX_ce4b9c4aa090d373113b8064b1'
    at MysqlQueryRunner.query (/Users/macintosh/Documents/DEVPRO/Back/src/driver/mysql/MysqlQueryRunner.ts:291:19)
    at process.processTicksAndRejections (node:internal/process/task_queues:103:5)
    at async MysqlQueryRunner.executeQueries (/Users/macintosh/Documents/DEVPRO/Back/src/query-runner/BaseQueryRunner.ts:799:13)
    at async MysqlQueryRunner.createIndex (/Users/macintosh/Documents/DEVPRO/Back/src/driver/mysql/MysqlQueryRunner.ts:2390:9)
    at async Promise.all (index 0)
    at async MysqlQueryRunner.createIndices (/Users/macintosh/Documents/DEVPRO/Back/src/driver/mysql/MysqlQueryRunner.ts:2407:9)
    at async RdbmsSchemaBuilder.createNewIndices (/Users/macintosh/Documents/DEVPRO/Back/src/schema-builder/RdbmsSchemaBuilder.ts:1004:13)
    at async RdbmsSchemaBuilder.executeSchemaSyncOperationsInProperOrder (/Users/macintosh/Documents/DEVPRO/Back/src/schema-builder/RdbmsSchemaBuilder.ts:241:9)
    at async RdbmsSchemaBuilder.build (/Users/macintosh/Documents/DEVPRO/Back/src/schema-builder/RdbmsSchemaBuilder.ts:106:13)
    at async DataSource.synchronize (/Users/macintosh/Documents/DEVPRO/Back/src/data-source/DataSource.ts:310:9)
2026-07-24 11:25:54 [error]: QueryFailedError: Duplicate entry '1-0000' for key 'IDX_ce4b9c4aa090d373113b8064b1'
    at MysqlQueryRunner.query (/Users/macintosh/Documents/DEVPRO/Back/src/driver/mysql/MysqlQueryRunner.ts:291:19)
    at process.processTicksAndRejections (node:internal/process/task_queues:103:5)
    at async MysqlQueryRunner.executeQueries (/Users/macintosh/Documents/DEVPRO/Back/src/query-runner/BaseQueryRunner.ts:799:13)
    at async MysqlQueryRunner.createIndex (/Users/macintosh/Documents/DEVPRO/Back/src/driver/mysql/MysqlQueryRunner.ts:2390:9)
    at async Promise.all (index 0)
    at async MysqlQueryRunner.createIndices (/Users/macintosh/Documents/DEVPRO/Back/src/driver/mysql/MysqlQueryRunner.ts:2407:9)
    at async RdbmsSchemaBuilder.createNewIndices (/Users/macintosh/Documents/DEVPRO/Back/src/schema-builder/RdbmsSchemaBuilder.ts:1004:13)
    at async RdbmsSchemaBuilder.executeSchemaSyncOperationsInProperOrder (/Users/macintosh/Documents/DEVPRO/Back/src/schema-builder/RdbmsSchemaBuilder.ts:241:9)
    at async RdbmsSchemaBuilder.build (/Users/macintosh/Documents/DEVPRO/Back/src/schema-builder/RdbmsSchemaBuilder.ts:106:13)
    at async DataSource.synchronize (/Users/macintosh/Documents/DEVPRO/Back/src/data-source/DataSource.ts:310:9)
2026-07-24 11:28:51 [info]: Starting Nest application...
2026-07-24 11:28:51 [info]: AppModule dependencies initialized
2026-07-24 11:28:51 [info]: TypeOrmModule dependencies initialized
2026-07-24 11:28:51 [info]: PassportModule dependencies initialized
2026-07-24 11:28:51 [info]: ConfigHostModule dependencies initialized
2026-07-24 11:28:51 [info]: WinstonModule dependencies initialized
2026-07-24 11:28:51 [info]: HealthModule dependencies initialized
2026-07-24 11:28:51 [info]: HttpModule dependencies initialized
2026-07-24 11:28:51 [info]: DiscoveryModule dependencies initialized
2026-07-24 11:28:51 [info]: ConfigModule dependencies initialized
2026-07-24 11:28:51 [info]: ConfigModule dependencies initialized
2026-07-24 11:28:51 [info]: EventEmitterModule dependencies initialized
2026-07-24 11:28:51 [info]: ScheduleModule dependencies initialized
2026-07-24 11:28:51 [info]: JwtModule dependencies initialized
2026-07-24 11:28:51 [error]: QueryFailedError: Cannot drop index 'uq_est_company_cod': needed in a foreign key constraint
    at MysqlQueryRunner.query (/Users/macintosh/Documents/DEVPRO/Back/src/driver/mysql/MysqlQueryRunner.ts:291:19)
    at process.processTicksAndRejections (node:internal/process/task_queues:103:5)
    at async MysqlQueryRunner.executeQueries (/Users/macintosh/Documents/DEVPRO/Back/src/query-runner/BaseQueryRunner.ts:799:13)
    at async MysqlQueryRunner.dropIndex (/Users/macintosh/Documents/DEVPRO/Back/src/driver/mysql/MysqlQueryRunner.ts:2440:9)
    at async <anonymous> (/Users/macintosh/Documents/DEVPRO/Back/src/schema-builder/RdbmsSchemaBuilder.ts:452:21)
    at async Promise.all (index 0)
    at async RdbmsSchemaBuilder.dropOldIndices (/Users/macintosh/Documents/DEVPRO/Back/src/schema-builder/RdbmsSchemaBuilder.ts:455:13)
    at async RdbmsSchemaBuilder.executeSchemaSyncOperationsInProperOrder (/Users/macintosh/Documents/DEVPRO/Back/src/schema-builder/RdbmsSchemaBuilder.ts:230:9)
    at async RdbmsSchemaBuilder.build (/Users/macintosh/Documents/DEVPRO/Back/src/schema-builder/RdbmsSchemaBuilder.ts:106:13)
    at async DataSource.synchronize (/Users/macintosh/Documents/DEVPRO/Back/src/data-source/DataSource.ts:310:9)
2026-07-24 11:28:54 [error]: QueryFailedError: Cannot drop index 'uq_est_company_cod': needed in a foreign key constraint
    at MysqlQueryRunner.query (/Users/macintosh/Documents/DEVPRO/Back/src/driver/mysql/MysqlQueryRunner.ts:291:19)
    at process.processTicksAndRejections (node:internal/process/task_queues:103:5)
    at async MysqlQueryRunner.executeQueries (/Users/macintosh/Documents/DEVPRO/Back/src/query-runner/BaseQueryRunner.ts:799:13)
    at async MysqlQueryRunner.dropIndex (/Users/macintosh/Documents/DEVPRO/Back/src/driver/mysql/MysqlQueryRunner.ts:2440:9)
    at async <anonymous> (/Users/macintosh/Documents/DEVPRO/Back/src/schema-builder/RdbmsSchemaBuilder.ts:452:21)
    at async Promise.all (index 0)
    at async RdbmsSchemaBuilder.dropOldIndices (/Users/macintosh/Documents/DEVPRO/Back/src/schema-builder/RdbmsSchemaBuilder.ts:455:13)
    at async RdbmsSchemaBuilder.executeSchemaSyncOperationsInProperOrder (/Users/macintosh/Documents/DEVPRO/Back/src/schema-builder/RdbmsSchemaBuilder.ts:230:9)
    at async RdbmsSchemaBuilder.build (/Users/macintosh/Documents/DEVPRO/Back/src/schema-builder/RdbmsSchemaBuilder.ts:106:13)
    at async DataSource.synchronize (/Users/macintosh/Documents/DEVPRO/Back/src/data-source/DataSource.ts:310:9)
2026-07-24 11:28:58 [error]: QueryFailedError: Cannot drop index 'uq_est_company_cod': needed in a foreign key constraint
    at MysqlQueryRunner.query (/Users/macintosh/Documents/DEVPRO/Back/src/driver/mysql/MysqlQueryRunner.ts:291:19)
    at process.processTicksAndRejections (node:internal/process/task_queues:103:5)
    at async MysqlQueryRunner.executeQueries (/Users/macintosh/Documents/DEVPRO/Back/src/query-runner/BaseQueryRunner.ts:799:13)
    at async MysqlQueryRunner.dropIndex (/Users/macintosh/Documents/DEVPRO/Back/src/driver/mysql/MysqlQueryRunner.ts:2440:9)
    at async <anonymous> (/Users/macintosh/Documents/DEVPRO/Back/src/schema-builder/RdbmsSchemaBuilder.ts:452:21)
    at async Promise.all (index 0)
    at async RdbmsSchemaBuilder.dropOldIndices (/Users/macintosh/Documents/DEVPRO/Back/src/schema-builder/RdbmsSchemaBuilder.ts:455:13)
    at async RdbmsSchemaBuilder.executeSchemaSyncOperationsInProperOrder (/Users/macintosh/Documents/DEVPRO/Back/src/schema-builder/RdbmsSchemaBuilder.ts:230:9)
    at async RdbmsSchemaBuilder.build (/Users/macintosh/Documents/DEVPRO/Back/src/schema-builder/RdbmsSchemaBuilder.ts:106:13)
    at async DataSource.synchronize (/Users/macintosh/Documents/DEVPRO/Back/src/data-source/DataSource.ts:310:9)
2026-07-24 11:29:01 [error]: QueryFailedError: Cannot drop index 'uq_est_company_cod': needed in a foreign key constraint
    at MysqlQueryRunner.query (/Users/macintosh/Documents/DEVPRO/Back/src/driver/mysql/MysqlQueryRunner.ts:291:19)
    at process.processTicksAndRejections (node:internal/process/task_queues:103:5)
    at async MysqlQueryRunner.executeQueries (/Users/macintosh/Documents/DEVPRO/Back/src/query-runner/BaseQueryRunner.ts:799:13)
    at async MysqlQueryRunner.dropIndex (/Users/macintosh/Documents/DEVPRO/Back/src/driver/mysql/MysqlQueryRunner.ts:2440:9)
    at async <anonymous> (/Users/macintosh/Documents/DEVPRO/Back/src/schema-builder/RdbmsSchemaBuilder.ts:452:21)
    at async Promise.all (index 0)
    at async RdbmsSchemaBuilder.dropOldIndices (/Users/macintosh/Documents/DEVPRO/Back/src/schema-builder/RdbmsSchemaBuilder.ts:455:13)
    at async RdbmsSchemaBuilder.executeSchemaSyncOperationsInProperOrder (/Users/macintosh/Documents/DEVPRO/Back/src/schema-builder/RdbmsSchemaBuilder.ts:230:9)
    at async RdbmsSchemaBuilder.build (/Users/macintosh/Documents/DEVPRO/Back/src/schema-builder/RdbmsSchemaBuilder.ts:106:13)
    at async DataSource.synchronize (/Users/macintosh/Documents/DEVPRO/Back/src/data-source/DataSource.ts:310:9)
2026-07-24 11:29:04 [error]: QueryFailedError: Cannot drop index 'uq_est_company_cod': needed in a foreign key constraint
    at MysqlQueryRunner.query (/Users/macintosh/Documents/DEVPRO/Back/src/driver/mysql/MysqlQueryRunner.ts:291:19)
    at process.processTicksAndRejections (node:internal/process/task_queues:103:5)
    at async MysqlQueryRunner.executeQueries (/Users/macintosh/Documents/DEVPRO/Back/src/query-runner/BaseQueryRunner.ts:799:13)
    at async MysqlQueryRunner.dropIndex (/Users/macintosh/Documents/DEVPRO/Back/src/driver/mysql/MysqlQueryRunner.ts:2440:9)
    at async <anonymous> (/Users/macintosh/Documents/DEVPRO/Back/src/schema-builder/RdbmsSchemaBuilder.ts:452:21)
    at async Promise.all (index 0)
    at async RdbmsSchemaBuilder.dropOldIndices (/Users/macintosh/Documents/DEVPRO/Back/src/schema-builder/RdbmsSchemaBuilder.ts:455:13)
    at async RdbmsSchemaBuilder.executeSchemaSyncOperationsInProperOrder (/Users/macintosh/Documents/DEVPRO/Back/src/schema-builder/RdbmsSchemaBuilder.ts:230:9)
    at async RdbmsSchemaBuilder.build (/Users/macintosh/Documents/DEVPRO/Back/src/schema-builder/RdbmsSchemaBuilder.ts:106:13)
    at async DataSource.synchronize (/Users/macintosh/Documents/DEVPRO/Back/src/data-source/DataSource.ts:310:9)
2026-07-24 11:29:07 [error]: QueryFailedError: Cannot drop index 'uq_est_company_cod': needed in a foreign key constraint
    at MysqlQueryRunner.query (/Users/macintosh/Documents/DEVPRO/Back/src/driver/mysql/MysqlQueryRunner.ts:291:19)
    at process.processTicksAndRejections (node:internal/process/task_queues:103:5)
    at async MysqlQueryRunner.executeQueries (/Users/macintosh/Documents/DEVPRO/Back/src/query-runner/BaseQueryRunner.ts:799:13)
    at async MysqlQueryRunner.dropIndex (/Users/macintosh/Documents/DEVPRO/Back/src/driver/mysql/MysqlQueryRunner.ts:2440:9)
    at async <anonymous> (/Users/macintosh/Documents/DEVPRO/Back/src/schema-builder/RdbmsSchemaBuilder.ts:452:21)
    at async Promise.all (index 0)
    at async RdbmsSchemaBuilder.dropOldIndices (/Users/macintosh/Documents/DEVPRO/Back/src/schema-builder/RdbmsSchemaBuilder.ts:455:13)
    at async RdbmsSchemaBuilder.executeSchemaSyncOperationsInProperOrder (/Users/macintosh/Documents/DEVPRO/Back/src/schema-builder/RdbmsSchemaBuilder.ts:230:9)
    at async RdbmsSchemaBuilder.build (/Users/macintosh/Documents/DEVPRO/Back/src/schema-builder/RdbmsSchemaBuilder.ts:106:13)
    at async DataSource.synchronize (/Users/macintosh/Documents/DEVPRO/Back/src/data-source/DataSource.ts:310:9)
2026-07-24 11:29:10 [error]: QueryFailedError: Cannot drop index 'uq_est_company_cod': needed in a foreign key constraint
    at MysqlQueryRunner.query (/Users/macintosh/Documents/DEVPRO/Back/src/driver/mysql/MysqlQueryRunner.ts:291:19)
    at process.processTicksAndRejections (node:internal/process/task_queues:103:5)
    at async MysqlQueryRunner.executeQueries (/Users/macintosh/Documents/DEVPRO/Back/src/query-runner/BaseQueryRunner.ts:799:13)
    at async MysqlQueryRunner.dropIndex (/Users/macintosh/Documents/DEVPRO/Back/src/driver/mysql/MysqlQueryRunner.ts:2440:9)
    at async <anonymous> (/Users/macintosh/Documents/DEVPRO/Back/src/schema-builder/RdbmsSchemaBuilder.ts:452:21)
    at async Promise.all (index 0)
    at async RdbmsSchemaBuilder.dropOldIndices (/Users/macintosh/Documents/DEVPRO/Back/src/schema-builder/RdbmsSchemaBuilder.ts:455:13)
    at async RdbmsSchemaBuilder.executeSchemaSyncOperationsInProperOrder (/Users/macintosh/Documents/DEVPRO/Back/src/schema-builder/RdbmsSchemaBuilder.ts:230:9)
    at async RdbmsSchemaBuilder.build (/Users/macintosh/Documents/DEVPRO/Back/src/schema-builder/RdbmsSchemaBuilder.ts:106:13)
    at async DataSource.synchronize (/Users/macintosh/Documents/DEVPRO/Back/src/data-source/DataSource.ts:310:9)
2026-07-24 11:29:14 [error]: QueryFailedError: Cannot drop index 'uq_est_company_cod': needed in a foreign key constraint
    at MysqlQueryRunner.query (/Users/macintosh/Documents/DEVPRO/Back/src/driver/mysql/MysqlQueryRunner.ts:291:19)
    at process.processTicksAndRejections (node:internal/process/task_queues:103:5)
    at async MysqlQueryRunner.executeQueries (/Users/macintosh/Documents/DEVPRO/Back/src/query-runner/BaseQueryRunner.ts:799:13)
    at async MysqlQueryRunner.dropIndex (/Users/macintosh/Documents/DEVPRO/Back/src/driver/mysql/MysqlQueryRunner.ts:2440:9)
    at async <anonymous> (/Users/macintosh/Documents/DEVPRO/Back/src/schema-builder/RdbmsSchemaBuilder.ts:452:21)
    at async Promise.all (index 0)
    at async RdbmsSchemaBuilder.dropOldIndices (/Users/macintosh/Documents/DEVPRO/Back/src/schema-builder/RdbmsSchemaBuilder.ts:455:13)
    at async RdbmsSchemaBuilder.executeSchemaSyncOperationsInProperOrder (/Users/macintosh/Documents/DEVPRO/Back/src/schema-builder/RdbmsSchemaBuilder.ts:230:9)
    at async RdbmsSchemaBuilder.build (/Users/macintosh/Documents/DEVPRO/Back/src/schema-builder/RdbmsSchemaBuilder.ts:106:13)
    at async DataSource.synchronize (/Users/macintosh/Documents/DEVPRO/Back/src/data-source/DataSource.ts:310:9)
2026-07-24 11:29:17 [error]: QueryFailedError: Cannot drop index 'uq_est_company_cod': needed in a foreign key constraint
    at MysqlQueryRunner.query (/Users/macintosh/Documents/DEVPRO/Back/src/driver/mysql/MysqlQueryRunner.ts:291:19)
    at process.processTicksAndRejections (node:internal/process/task_queues:103:5)
    at async MysqlQueryRunner.executeQueries (/Users/macintosh/Documents/DEVPRO/Back/src/query-runner/BaseQueryRunner.ts:799:13)
    at async MysqlQueryRunner.dropIndex (/Users/macintosh/Documents/DEVPRO/Back/src/driver/mysql/MysqlQueryRunner.ts:2440:9)
    at async <anonymous> (/Users/macintosh/Documents/DEVPRO/Back/src/schema-builder/RdbmsSchemaBuilder.ts:452:21)
    at async Promise.all (index 0)
    at async RdbmsSchemaBuilder.dropOldIndices (/Users/macintosh/Documents/DEVPRO/Back/src/schema-builder/RdbmsSchemaBuilder.ts:455:13)
    at async RdbmsSchemaBuilder.executeSchemaSyncOperationsInProperOrder (/Users/macintosh/Documents/DEVPRO/Back/src/schema-builder/RdbmsSchemaBuilder.ts:230:9)
    at async RdbmsSchemaBuilder.build (/Users/macintosh/Documents/DEVPRO/Back/src/schema-builder/RdbmsSchemaBuilder.ts:106:13)
    at async DataSource.synchronize (/Users/macintosh/Documents/DEVPRO/Back/src/data-source/DataSource.ts:310:9)
2026-07-24 11:46:10 [info]: Starting Nest application...
2026-07-24 11:46:10 [info]: AppModule dependencies initialized
2026-07-24 11:46:10 [info]: TypeOrmModule dependencies initialized
2026-07-24 11:46:10 [info]: PassportModule dependencies initialized
2026-07-24 11:46:10 [info]: ConfigHostModule dependencies initialized
2026-07-24 11:46:10 [info]: WinstonModule dependencies initialized
2026-07-24 11:46:10 [info]: HealthModule dependencies initialized
2026-07-24 11:46:10 [info]: HttpModule dependencies initialized
2026-07-24 11:46:10 [info]: DiscoveryModule dependencies initialized
2026-07-24 11:46:10 [info]: ConfigModule dependencies initialized
2026-07-24 11:46:10 [info]: ConfigModule dependencies initialized
2026-07-24 11:46:10 [info]: EventEmitterModule dependencies initialized
2026-07-24 11:46:10 [info]: ScheduleModule dependencies initialized
2026-07-24 11:46:10 [info]: JwtModule dependencies initialized
2026-07-24 11:46:10 [info]: TypeOrmCoreModule dependencies initialized
2026-07-24 11:46:10 [info]: TypeOrmModule dependencies initialized
2026-07-24 11:46:10 [info]: TypeOrmModule dependencies initialized
2026-07-24 11:46:10 [info]: TypeOrmModule dependencies initialized
2026-07-24 11:46:10 [info]: TypeOrmModule dependencies initialized
2026-07-24 11:46:10 [info]: TypeOrmModule dependencies initialized
2026-07-24 11:46:10 [info]: TypeOrmModule dependencies initialized
2026-07-24 11:46:10 [info]: TypeOrmModule dependencies initialized
2026-07-24 11:46:10 [info]: TypeOrmModule dependencies initialized
2026-07-24 11:46:10 [info]: TypeOrmModule dependencies initialized
2026-07-24 11:46:10 [info]: TypeOrmModule dependencies initialized
2026-07-24 11:46:10 [info]: CategoryModule dependencies initialized
2026-07-24 11:46:10 [info]: SupplierModule dependencies initialized
2026-07-24 11:46:10 [info]: CustomerModule dependencies initialized
2026-07-24 11:46:10 [info]: AuthModule dependencies initialized
2026-07-24 11:46:10 [info]: EstablishmentsModule dependencies initialized
2026-07-24 11:46:10 [info]: UserModule dependencies initialized
2026-07-24 11:46:10 [info]: ProductModule dependencies initialized
2026-07-24 11:46:10 [info]: PurchaseOrderModule dependencies initialized
2026-07-24 11:46:10 [info]: CompanySettingsModule dependencies initialized
2026-07-24 11:46:10 [info]: SaleModule dependencies initialized
2026-07-24 11:46:10 [info]: AuthController {/api/auth} (version: 1):
2026-07-24 11:46:10 [info]: Mapped {/api/auth/login, POST} (version: 1) route
2026-07-24 11:46:10 [info]: Mapped {/api/auth/status, GET} (version: 1) route
2026-07-24 11:46:10 [info]: UserController {/api/users} (version: 1):
2026-07-24 11:46:10 [info]: Mapped {/api/users, GET} (version: 1) route
2026-07-24 11:46:10 [info]: Mapped {/api/users/:id, GET} (version: 1) route
2026-07-24 11:46:10 [info]: Mapped {/api/users, POST} (version: 1) route
2026-07-24 11:46:10 [info]: Mapped {/api/users/:id, PUT} (version: 1) route
2026-07-24 11:46:10 [info]: Mapped {/api/users/:id, DELETE} (version: 1) route
2026-07-24 11:46:10 [info]: HealthController {/api/health} (version: 1):
2026-07-24 11:46:10 [info]: Mapped {/api/health, GET} (version: 1) route
2026-07-24 11:46:10 [info]: CategoryController {/api/categories} (version: 1):
2026-07-24 11:46:10 [info]: Mapped {/api/categories, GET} (version: 1) route
2026-07-24 11:46:10 [info]: Mapped {/api/categories/:id, GET} (version: 1) route
2026-07-24 11:46:10 [info]: Mapped {/api/categories, POST} (version: 1) route
2026-07-24 11:46:10 [info]: Mapped {/api/categories/:id, PUT} (version: 1) route
2026-07-24 11:46:10 [info]: Mapped {/api/categories/:id, DELETE} (version: 1) route
2026-07-24 11:46:10 [info]: SupplierController {/api/suppliers} (version: 1):
2026-07-24 11:46:10 [info]: Mapped {/api/suppliers, GET} (version: 1) route
2026-07-24 11:46:10 [info]: Mapped {/api/suppliers/:id, GET} (version: 1) route
2026-07-24 11:46:10 [info]: Mapped {/api/suppliers, POST} (version: 1) route
2026-07-24 11:46:10 [info]: Mapped {/api/suppliers/:id, PUT} (version: 1) route
2026-07-24 11:46:10 [info]: Mapped {/api/suppliers/:id, DELETE} (version: 1) route
2026-07-24 11:46:10 [info]: ProductController {/api/products} (version: 1):
2026-07-24 11:46:10 [info]: Mapped {/api/products, GET} (version: 1) route
2026-07-24 11:46:10 [info]: Mapped {/api/products/low-stock, GET} (version: 1) route
2026-07-24 11:46:10 [info]: Mapped {/api/products/barcode/:barcode, GET} (version: 1) route
2026-07-24 11:46:10 [info]: Mapped {/api/products/:id, GET} (version: 1) route
2026-07-24 11:46:10 [info]: Mapped {/api/products, POST} (version: 1) route
2026-07-24 11:46:10 [info]: Mapped {/api/products/:id, PUT} (version: 1) route
2026-07-24 11:46:10 [info]: Mapped {/api/products/:id, DELETE} (version: 1) route
2026-07-24 11:46:10 [info]: Mapped {/api/products/:id/stock/add, PATCH} (version: 1) route
2026-07-24 11:46:10 [info]: Mapped {/api/products/:id/stock/subtract, PATCH} (version: 1) route
2026-07-24 11:46:10 [info]: CustomerController {/api/customers} (version: 1):
2026-07-24 11:46:10 [info]: Mapped {/api/customers, GET} (version: 1) route
2026-07-24 11:46:10 [info]: Mapped {/api/customers/lookup/:doc, GET} (version: 1) route
2026-07-24 11:46:10 [info]: Mapped {/api/customers/:id, GET} (version: 1) route
2026-07-24 11:46:10 [info]: Mapped {/api/customers, POST} (version: 1) route
2026-07-24 11:46:10 [info]: Mapped {/api/customers/:id, PUT} (version: 1) route
2026-07-24 11:46:10 [info]: Mapped {/api/customers/:id, DELETE} (version: 1) route
2026-07-24 11:46:10 [info]: SaleController {/api/sales} (version: 1):
2026-07-24 11:46:10 [info]: Mapped {/api/sales, GET} (version: 1) route
2026-07-24 11:46:10 [info]: Mapped {/api/sales/summary, GET} (version: 1) route
2026-07-24 11:46:10 [info]: Mapped {/api/sales/:id, GET} (version: 1) route
2026-07-24 11:46:10 [info]: Mapped {/api/sales, POST} (version: 1) route
2026-07-24 11:46:10 [info]: Mapped {/api/sales/:id/void, PATCH} (version: 1) route
2026-07-24 11:46:10 [info]: Mapped {/api/sales/credit-note, POST} (version: 1) route
2026-07-24 11:46:10 [info]: CompanySettingsController {/api/company-settings} (version: 1):
2026-07-24 11:46:10 [info]: Mapped {/api/company-settings, GET} (version: 1) route
2026-07-24 11:46:10 [info]: Mapped {/api/company-settings, PUT} (version: 1) route
2026-07-24 11:46:10 [info]: Mapped {/api/company-settings/logo, POST} (version: 1) route
2026-07-24 11:46:10 [info]: Mapped {/api/company-settings/register-sunat-api, POST} (version: 1) route
2026-07-24 11:46:10 [info]: PurchaseOrderController {/api/purchase-orders} (version: 1):
2026-07-24 11:46:10 [info]: Mapped {/api/purchase-orders, GET} (version: 1) route
2026-07-24 11:46:10 [info]: Mapped {/api/purchase-orders/:id, GET} (version: 1) route
2026-07-24 11:46:10 [info]: Mapped {/api/purchase-orders, POST} (version: 1) route
2026-07-24 11:46:10 [info]: Mapped {/api/purchase-orders/:id/receive, PATCH} (version: 1) route
2026-07-24 11:46:10 [info]: Mapped {/api/purchase-orders/:id/cancel, PATCH} (version: 1) route
2026-07-24 11:46:10 [info]: EstablishmentsController {/api/establishments} (version: 1):
2026-07-24 11:46:10 [info]: Mapped {/api/establishments, GET} (version: 1) route
2026-07-24 11:46:10 [info]: Mapped {/api/establishments, POST} (version: 1) route
2026-07-24 11:46:10 [info]: Mapped {/api/establishments/series, GET} (version: 1) route
2026-07-24 11:46:10 [info]: Mapped {/api/establishments/series, POST} (version: 1) route
2026-07-24 11:46:10 [info]: Facturación electrónica: Adaptador inicializado.
2026-07-24 11:46:10 [info]: Facturación electrónica: Adaptador inicializado.
2026-07-24 11:46:10 [info]: Nest application successfully started
2026-07-24 11:46:36 [error]: QueryFailedError: Cannot add or update a child row: a foreign key constraint fails (`devpro_db`.`establishment_series`, CONSTRAINT `FK_dee0e35b5db32646354f70e2452` FOREIGN KEY (`establishment_id`) REFERENCES `establishments` (`id`) ON DELETE CASCADE ON UPDATE NO ACTION)
    at MysqlQueryRunner.query (/Users/macintosh/Documents/DEVPRO/Back/node_modules/typeorm/driver/mysql/MysqlQueryRunner.js:192:19)
    at process.processTicksAndRejections (node:internal/process/task_queues:103:5)
    at async UpdateQueryBuilder.execute (/Users/macintosh/Documents/DEVPRO/Back/node_modules/typeorm/query-builder/UpdateQueryBuilder.js:84:33)
    at async updateSubject (/Users/macintosh/Documents/DEVPRO/Back/node_modules/typeorm/persistence/SubjectExecutor.js:371:38)
    at async Promise.all (index 0)
    at async SubjectExecutor.executeUpdateOperations (/Users/macintosh/Documents/DEVPRO/Back/node_modules/typeorm/persistence/SubjectExecutor.js:414:13)
    at async SubjectExecutor.execute (/Users/macintosh/Documents/DEVPRO/Back/node_modules/typeorm/persistence/SubjectExecutor.js:99:9)
    at async EntityPersistExecutor.execute (/Users/macintosh/Documents/DEVPRO/Back/node_modules/typeorm/persistence/EntityPersistExecutor.js:150:21)
    at async EstablishmentsService.saveSeriesBatch (/Users/macintosh/Documents/DEVPRO/Back/dist/domain/services/establishments.service.js:171:17)
    at async /Users/macintosh/Documents/DEVPRO/Back/node_modules/@nestjs/core/router/router-execution-context.js:47:62
2026-07-24 11:46:38 [error]: QueryFailedError: Cannot add or update a child row: a foreign key constraint fails (`devpro_db`.`establishment_series`, CONSTRAINT `FK_dee0e35b5db32646354f70e2452` FOREIGN KEY (`establishment_id`) REFERENCES `establishments` (`id`) ON DELETE CASCADE ON UPDATE NO ACTION)
    at MysqlQueryRunner.query (/Users/macintosh/Documents/DEVPRO/Back/node_modules/typeorm/driver/mysql/MysqlQueryRunner.js:192:19)
    at process.processTicksAndRejections (node:internal/process/task_queues:103:5)
    at async UpdateQueryBuilder.execute (/Users/macintosh/Documents/DEVPRO/Back/node_modules/typeorm/query-builder/UpdateQueryBuilder.js:84:33)
    at async updateSubject (/Users/macintosh/Documents/DEVPRO/Back/node_modules/typeorm/persistence/SubjectExecutor.js:371:38)
    at async Promise.all (index 0)
    at async SubjectExecutor.executeUpdateOperations (/Users/macintosh/Documents/DEVPRO/Back/node_modules/typeorm/persistence/SubjectExecutor.js:414:13)
    at async SubjectExecutor.execute (/Users/macintosh/Documents/DEVPRO/Back/node_modules/typeorm/persistence/SubjectExecutor.js:99:9)
    at async EntityPersistExecutor.execute (/Users/macintosh/Documents/DEVPRO/Back/node_modules/typeorm/persistence/EntityPersistExecutor.js:150:21)
    at async EstablishmentsService.saveSeriesBatch (/Users/macintosh/Documents/DEVPRO/Back/dist/domain/services/establishments.service.js:171:17)
    at async /Users/macintosh/Documents/DEVPRO/Back/node_modules/@nestjs/core/router/router-execution-context.js:47:62
2026-07-24 12:25:12 [info]: Starting Nest application...
2026-07-24 12:25:12 [info]: AppModule dependencies initialized
2026-07-24 12:25:12 [info]: TypeOrmModule dependencies initialized
2026-07-24 12:25:12 [info]: PassportModule dependencies initialized
2026-07-24 12:25:12 [info]: ConfigHostModule dependencies initialized
2026-07-24 12:25:12 [info]: WinstonModule dependencies initialized
2026-07-24 12:25:12 [info]: HealthModule dependencies initialized
2026-07-24 12:25:12 [info]: HttpModule dependencies initialized
2026-07-24 12:25:12 [info]: DiscoveryModule dependencies initialized
2026-07-24 12:25:12 [info]: ConfigModule dependencies initialized
2026-07-24 12:25:12 [info]: ConfigModule dependencies initialized
2026-07-24 12:25:12 [info]: EventEmitterModule dependencies initialized
2026-07-24 12:25:12 [info]: ScheduleModule dependencies initialized
2026-07-24 12:25:12 [info]: JwtModule dependencies initialized
2026-07-24 12:25:12 [info]: TypeOrmCoreModule dependencies initialized
2026-07-24 12:25:43 [info]: Starting Nest application...
2026-07-24 12:25:43 [info]: AppModule dependencies initialized
2026-07-24 12:25:43 [info]: TypeOrmModule dependencies initialized
2026-07-24 12:25:43 [info]: PassportModule dependencies initialized
2026-07-24 12:25:43 [info]: ConfigHostModule dependencies initialized
2026-07-24 12:25:43 [info]: WinstonModule dependencies initialized
2026-07-24 12:25:43 [info]: HealthModule dependencies initialized
2026-07-24 12:25:43 [info]: HttpModule dependencies initialized
2026-07-24 12:25:43 [info]: DiscoveryModule dependencies initialized
2026-07-24 12:25:43 [info]: ConfigModule dependencies initialized
2026-07-24 12:25:43 [info]: ConfigModule dependencies initialized
2026-07-24 12:25:43 [info]: EventEmitterModule dependencies initialized
2026-07-24 12:25:43 [info]: ScheduleModule dependencies initialized
2026-07-24 12:28:59 [info]: Starting Nest application...
2026-07-24 12:28:59 [info]: AppModule dependencies initialized
2026-07-24 12:28:59 [info]: TypeOrmModule dependencies initialized
2026-07-24 12:28:59 [info]: PassportModule dependencies initialized
2026-07-24 12:28:59 [info]: ConfigHostModule dependencies initialized
2026-07-24 12:28:59 [info]: WinstonModule dependencies initialized
2026-07-24 12:28:59 [info]: HealthModule dependencies initialized
2026-07-24 12:28:59 [info]: HttpModule dependencies initialized
2026-07-24 12:28:59 [info]: DiscoveryModule dependencies initialized
2026-07-24 12:28:59 [info]: ConfigModule dependencies initialized
2026-07-24 12:28:59 [info]: ConfigModule dependencies initialized
2026-07-24 12:28:59 [info]: EventEmitterModule dependencies initialized
2026-07-24 12:28:59 [info]: ScheduleModule dependencies initialized
2026-07-24 12:29:30 [info]: Starting Nest application...
2026-07-24 12:29:30 [info]: AppModule dependencies initialized
2026-07-24 12:29:30 [info]: TypeOrmModule dependencies initialized
2026-07-24 12:29:30 [info]: PassportModule dependencies initialized
2026-07-24 12:29:30 [info]: ConfigHostModule dependencies initialized
2026-07-24 12:29:30 [info]: WinstonModule dependencies initialized
2026-07-24 12:29:30 [info]: HealthModule dependencies initialized
2026-07-24 12:29:30 [info]: HttpModule dependencies initialized
2026-07-24 12:29:30 [info]: DiscoveryModule dependencies initialized
2026-07-24 12:29:30 [info]: ConfigModule dependencies initialized
2026-07-24 12:29:30 [info]: ConfigModule dependencies initialized
2026-07-24 12:29:30 [info]: EventEmitterModule dependencies initialized
2026-07-24 12:29:30 [info]: ScheduleModule dependencies initialized
2026-07-24 12:29:30 [info]: JwtModule dependencies initialized
2026-07-24 12:29:31 [info]: TypeOrmCoreModule dependencies initialized
2026-07-24 12:29:31 [info]: TypeOrmModule dependencies initialized
2026-07-24 12:29:31 [info]: TypeOrmModule dependencies initialized
2026-07-24 12:29:31 [info]: TypeOrmModule dependencies initialized
2026-07-24 12:29:31 [info]: TypeOrmModule dependencies initialized
2026-07-24 12:29:31 [info]: TypeOrmModule dependencies initialized
2026-07-24 12:29:31 [info]: TypeOrmModule dependencies initialized
2026-07-24 12:29:31 [info]: TypeOrmModule dependencies initialized
2026-07-24 12:29:31 [info]: TypeOrmModule dependencies initialized
2026-07-24 12:29:31 [info]: TypeOrmModule dependencies initialized
2026-07-24 12:29:31 [info]: TypeOrmModule dependencies initialized
2026-07-24 12:29:31 [info]: CategoryModule dependencies initialized
2026-07-24 12:29:31 [info]: SupplierModule dependencies initialized
2026-07-24 12:29:31 [info]: CustomerModule dependencies initialized
2026-07-24 12:29:31 [info]: AuthModule dependencies initialized
2026-07-24 12:29:31 [info]: EstablishmentsModule dependencies initialized
2026-07-24 12:29:31 [info]: UserModule dependencies initialized
2026-07-24 12:29:31 [info]: ProductModule dependencies initialized
2026-07-24 12:29:31 [info]: PurchaseOrderModule dependencies initialized
2026-07-24 12:29:31 [info]: CompanySettingsModule dependencies initialized
2026-07-24 12:29:31 [info]: SaleModule dependencies initialized
2026-07-24 12:29:31 [info]: AuthController {/api/auth} (version: 1):
2026-07-24 12:29:31 [info]: Mapped {/api/auth/login, POST} (version: 1) route
2026-07-24 12:29:31 [info]: Mapped {/api/auth/status, GET} (version: 1) route
2026-07-24 12:29:31 [info]: UserController {/api/users} (version: 1):
2026-07-24 12:29:31 [info]: Mapped {/api/users, GET} (version: 1) route
2026-07-24 12:29:31 [info]: Mapped {/api/users/:id, GET} (version: 1) route
2026-07-24 12:29:31 [info]: Mapped {/api/users, POST} (version: 1) route
2026-07-24 12:29:31 [info]: Mapped {/api/users/:id, PUT} (version: 1) route
2026-07-24 12:29:31 [info]: Mapped {/api/users/:id, DELETE} (version: 1) route
2026-07-24 12:29:31 [info]: HealthController {/api/health} (version: 1):
2026-07-24 12:29:31 [info]: Mapped {/api/health, GET} (version: 1) route
2026-07-24 12:29:31 [info]: CategoryController {/api/categories} (version: 1):
2026-07-24 12:29:31 [info]: Mapped {/api/categories, GET} (version: 1) route
2026-07-24 12:29:31 [info]: Mapped {/api/categories/:id, GET} (version: 1) route
2026-07-24 12:29:31 [info]: Mapped {/api/categories, POST} (version: 1) route
2026-07-24 12:29:31 [info]: Mapped {/api/categories/:id, PUT} (version: 1) route
2026-07-24 12:29:31 [info]: Mapped {/api/categories/:id, DELETE} (version: 1) route
2026-07-24 12:29:31 [info]: SupplierController {/api/suppliers} (version: 1):
2026-07-24 12:29:31 [info]: Mapped {/api/suppliers, GET} (version: 1) route
2026-07-24 12:29:31 [info]: Mapped {/api/suppliers/:id, GET} (version: 1) route
2026-07-24 12:29:31 [info]: Mapped {/api/suppliers, POST} (version: 1) route
2026-07-24 12:29:31 [info]: Mapped {/api/suppliers/:id, PUT} (version: 1) route
2026-07-24 12:29:31 [info]: Mapped {/api/suppliers/:id, DELETE} (version: 1) route
2026-07-24 12:29:31 [info]: ProductController {/api/products} (version: 1):
2026-07-24 12:29:31 [info]: Mapped {/api/products, GET} (version: 1) route
2026-07-24 12:29:31 [info]: Mapped {/api/products/low-stock, GET} (version: 1) route
2026-07-24 12:29:31 [info]: Mapped {/api/products/barcode/:barcode, GET} (version: 1) route
2026-07-24 12:29:31 [info]: Mapped {/api/products/:id, GET} (version: 1) route
2026-07-24 12:29:31 [info]: Mapped {/api/products, POST} (version: 1) route
2026-07-24 12:29:31 [info]: Mapped {/api/products/:id, PUT} (version: 1) route
2026-07-24 12:29:31 [info]: Mapped {/api/products/:id, DELETE} (version: 1) route
2026-07-24 12:29:31 [info]: Mapped {/api/products/:id/stock/add, PATCH} (version: 1) route
2026-07-24 12:29:31 [info]: Mapped {/api/products/:id/stock/subtract, PATCH} (version: 1) route
2026-07-24 12:29:31 [info]: CustomerController {/api/customers} (version: 1):
2026-07-24 12:29:31 [info]: Mapped {/api/customers, GET} (version: 1) route
2026-07-24 12:29:31 [info]: Mapped {/api/customers/lookup/:doc, GET} (version: 1) route
2026-07-24 12:29:31 [info]: Mapped {/api/customers/:id, GET} (version: 1) route
2026-07-24 12:29:31 [info]: Mapped {/api/customers, POST} (version: 1) route
2026-07-24 12:29:31 [info]: Mapped {/api/customers/:id, PUT} (version: 1) route
2026-07-24 12:29:31 [info]: Mapped {/api/customers/:id, DELETE} (version: 1) route
2026-07-24 12:29:31 [info]: SaleController {/api/sales} (version: 1):
2026-07-24 12:29:31 [info]: Mapped {/api/sales, GET} (version: 1) route
2026-07-24 12:29:31 [info]: Mapped {/api/sales/summary, GET} (version: 1) route
2026-07-24 12:29:31 [info]: Mapped {/api/sales/:id, GET} (version: 1) route
2026-07-24 12:29:31 [info]: Mapped {/api/sales, POST} (version: 1) route
2026-07-24 12:29:31 [info]: Mapped {/api/sales/:id/void, PATCH} (version: 1) route
2026-07-24 12:29:31 [info]: Mapped {/api/sales/credit-note, POST} (version: 1) route
2026-07-24 12:29:31 [info]: CompanySettingsController {/api/company-settings} (version: 1):
2026-07-24 12:29:31 [info]: Mapped {/api/company-settings, GET} (version: 1) route
2026-07-24 12:29:31 [info]: Mapped {/api/company-settings, PUT} (version: 1) route
2026-07-24 12:29:31 [info]: Mapped {/api/company-settings/logo, POST} (version: 1) route
2026-07-24 12:29:31 [info]: Mapped {/api/company-settings/register-sunat-api, POST} (version: 1) route
2026-07-24 12:29:31 [info]: PurchaseOrderController {/api/purchase-orders} (version: 1):
2026-07-24 12:29:31 [info]: Mapped {/api/purchase-orders, GET} (version: 1) route
2026-07-24 12:29:31 [info]: Mapped {/api/purchase-orders/:id, GET} (version: 1) route
2026-07-24 12:29:31 [info]: Mapped {/api/purchase-orders, POST} (version: 1) route
2026-07-24 12:29:31 [info]: Mapped {/api/purchase-orders/:id/receive, PATCH} (version: 1) route
2026-07-24 12:29:31 [info]: Mapped {/api/purchase-orders/:id/cancel, PATCH} (version: 1) route
2026-07-24 12:29:31 [info]: EstablishmentsController {/api/establishments} (version: 1):
2026-07-24 12:29:31 [info]: Mapped {/api/establishments, GET} (version: 1) route
2026-07-24 12:29:31 [info]: Mapped {/api/establishments, POST} (version: 1) route
2026-07-24 12:29:31 [info]: Mapped {/api/establishments/series, GET} (version: 1) route
2026-07-24 12:29:31 [info]: Mapped {/api/establishments/series, POST} (version: 1) route
2026-07-24 12:29:31 [info]: Facturación electrónica: Adaptador inicializado.
2026-07-24 12:29:31 [info]: Facturación electrónica: Adaptador inicializado.
2026-07-24 12:29:31 [info]: Nest application successfully started
